source_folder,source_set_id,old_exp_id,new_exp_id,old_filename,new_filename,flow_source_path,assignment_source_path
/scratch/tmp/gorczyca/URB_results/grid1k/grid1k_405938_0,0,0,0,exp_0.npy,exp_0.npy,/scratch/tmp/gorczyca/URB_results/grid1k/grid1k_405938_0/SUMO_output/data_processed/new_flows_10s/exp_0.npy,/scratch/tmp/gorczyca/URB_results/grid1k/grid1k_405938_0/SUMO_output/data_processed/new_assignments_10s/exp_0.npy
/scratch/tmp/gorczyca/URB_results/grid1k/grid1k_405938_0,0,1,1,exp_1.npy,exp_1.npy,/scratch/tmp/gorczyca/URB_results/grid1k/grid1k_405938_0/SUMO_output/data_processed/new_flows_10s/exp_1.npy,/scratch/tmp/gorczyca/URB_results/grid1k/grid1k_405938_0/SUMO_output/data_processed/new_assignments_10s/exp_1.npy
/scratch/tmp/gorczyca/URB_results/grid1k/grid1k_405938_0,0,2,2,exp_2.npy,exp_2.npy,/scratch/tmp/gorczyca/URB_results/grid1k/grid1k_405938_0/SUMO_output/data_processed/new_flows_10s/exp_2.npy,/scratch/tmp/gorczyca/URB_results/grid1k/grid1k_405938_0/SUMO_output/data_processed/new_assignments_10s/exp_2.npy
/scratch/tmp/gorczyca/URB_results/grid1k/grid1k_405938_0,0,3,3,exp_3.npy,exp_3.npy,/scratch/tmp/gorczyca/URB_results/grid1k/grid1k_405938_0/SUMO_output/data_processed/new_flows_10s/exp_3.npy,/scratch/tmp/gorczyca/URB_results/grid1k/grid1k_405938_0/SUMO_output/data_processed/new_assignments_10s/exp_3.npy
/scratch/tmp/gorczyca/URB_results/grid1k/grid1k_405938_0,0,4,4,exp_4.npy,exp_4.npy,/scratch/tmp/gorczyca/URB_results/grid1k/grid1k_405938_0/SUMO_output/data_processed/new_flows_10s/exp_4.npy,/scratch/tmp/gorczyca/URB_results/grid1k/grid1k_405938_0/SUMO_output/data_processed/new_assignments_10s/exp_4.npy
/scratch/tmp/gorczyca/URB_results/grid1k/grid1k_405938_0,0,5,5,exp_5.npy,exp_5.npy,/scratch/tmp/gorczyca/URB_results/grid1k/grid1k_405938_0/SUMO_output/data_processed/new_flows_10s/exp_5.npy,/scratch/tmp/gorczyca/URB_results/grid1k/grid1k_405938_0/SUMO_output/data_processed/new_assignments_10s/exp_5.npy
/scratch/tmp/gorczyca/URB_results/grid1k/grid1k_405938_0,0,6,6,exp_6.npy,exp_6.npy,/scratch/tmp/gorczyca/URB_results/grid1k/grid1k_405938_0/SUMO_output/data_processed/new_flows_10s/exp_6.npy,/scratch/tmp/gorczyca/URB_results/grid1k/grid1k_405938_0/SUMO_output/data_processed/new_assignments_10s/exp_6.npy
/scratch/tmp/gorczyca/URB_results/grid1k/grid1k_405938_0,0,7,7,exp_7.npy,exp_7.npy,/scratch/tmp/gorczyca/URB_results/grid1k/grid1k_405938_0/SUMO_output/data_processed/new_flows_10s/exp_7.npy,/scratch/tmp/gorczyca/URB_results/grid1k/grid1k_405938_0/SUMO_output/data_processed/new_assignments_10s/exp_7.npy
/scratch/tmp/gorczyca/URB_results/grid1k/grid1k_405938_0,0,8,8,exp_8.npy,exp_8.npy,/scratch/tmp/gorczyca/URB_results/grid1k/grid1k_405938_0/SUMO_output/data_processed/new_flows_10s/exp_8.npy,/scratch/tmp/gorczyca/URB_results/grid1k/grid1k_405938_0/SUMO_output/data_processed/new_assignments_10s/exp_8.npy
/scratch/tmp/gorczyca/URB_results/grid1k/grid1k_405938_0,0,9,9,exp_9.npy,exp_9.npy,/scratch/tmp/gorczyca/URB_results/grid1k/grid1k_405938_0/SUMO_output/data_processed/new_flows_10s/exp_9.npy,/scratch/tmp/gorczyca/URB_results/grid1k/grid1k_405938_0/SUMO_output/data_processed/new_assignments_10s/exp_9.npy
/scratch/tmp/gorczyca/URB_results/grid1k/grid1k_405938_0,0,10,10,exp_10.npy,exp_10.npy,/scratch/tmp/gorczyca/URB_results/grid1k/grid1k_405938_0/SUMO_output/data_processed/new_flows_10s/exp_10.npy,/scratch/tmp/gorczyca/URB_results/grid1k/grid1k_405938_0/SUMO_output/data_processed/new_assignments_10s/exp_10.npy
/scratch/tmp/gorczyca/URB_results/grid1k/grid1k_405938_0,0,11,11,exp_11.npy,exp_11.npy,/scratch/tmp/gorczyca/URB_results/grid1k/grid1k_405938_0/SUMO_output/data_processed/new_flows_10s/exp_11.npy,/scratch/tmp/gorczyca/URB_results/grid1k/grid1k_405938_0/SUMO_output/data_processed/new_assignments_10s/exp_11.npy
/scratch/tmp/gorczyca/URB_results/grid1k/grid1k_405938_0,0,12,12,exp_12.npy,exp_12.npy,/scratch/tmp/gorczyca/URB_results/grid1k/grid1k_405938_0/SUMO_output/data_processed/new_flows_10s/exp_12.npy,/scratch/tmp/gorczyca/URB_results/grid1k/grid1k_405938_0/SUMO_output/data_processed/new_assignments_10s/exp_12.npy
/scratch/tmp/gorczyca/URB_results/grid1k/grid1k_405938_0,0,13,13,exp_13.npy,exp_13.npy,/scratch/tmp/gorczyca/URB_results/grid1k/grid1k_405938_0/SUMO_output/data_processed/new_flows_10s/exp_13.npy,/scratch/tmp/gorczyca/URB_results/grid1k/grid1k_405938_0/SUMO_output/data_processed/new_assignments_10s/exp_13.npy
/scratch/tmp/gorczyca/URB_results/grid1k/grid1k_405938_0,0,14,14,exp_14.npy,exp_14.npy,/scratch/tmp/gorczyca/URB_results/grid1k/grid1k_405938_0/SUMO_output/data_processed/new_flows_10s/exp_14.npy,/scratch/tmp/gorczyca/URB_results/grid1k/grid1k_405938_0/SUMO_output/data_processed/new_assignments_10s/exp_14.npy
/scratch/tmp/gorczyca/URB_results/grid1k/grid1k_405938_0,0,15,15,exp_15.npy,exp_15.npy,/scratch/tmp/gorczyca/URB_results/grid1k/grid1k_405938_0/SUMO_output/data_processed/new_flows_10s/exp_15.npy,/scratch/tmp/gorczyca/URB_results/grid1k/grid1k_405938_0/SUMO_output/data_processed/new_assignments_10s/exp_15.npy
/scratch/tmp/gorczyca/URB_results/grid1k/grid1k_405938_0,0,16,16,exp_16.npy,exp_16.npy,/scratch/tmp/gorczyca/URB_results/grid1k/grid1k_405938_0/SUMO_output/data_processed/new_flows_10s/exp_16.npy,/scratch/tmp/gorczyca/URB_results/grid1k/grid1k_405938_0/SUMO_output/data_processed/new_assignments_10s/exp_16.npy
/scratch/tmp/gorczyca/URB_results/grid1k/grid1k_405938_0,0,17,17,exp_17.npy,exp_17.npy,/scratch/tmp/gorczyca/URB_results/grid1k/grid1k_405938_0/SUMO_output/data_processed/new_flows_10s/exp_17.npy,/scratch/tmp/gorczyca/URB_results/grid1k/grid1k_405938_0/SUMO_output/data_processed/new_assignments_10s/exp_17.npy
/scratch/tmp/gorczyca/URB_results/grid1k/grid1k_405938_0,0,18,18,exp_18.npy,exp_18.npy,/scratch/tmp/gorczyca/URB_results/grid1k/grid1k_405938_0/SUMO_output/data_processed/new_flows_10s/exp_18.npy,/scratch/tmp/gorczyca/URB_results/grid1k/grid1k_405938_0/SUMO_output/data_processed/new_assignments_10s/exp_18.npy
/scratch/tmp/gorczyca/URB_results/grid1k/grid1k_405938_0,0,19,19,exp_19.npy,exp_19.npy,/scratch/tmp/gorczyca/URB_results/grid1k/grid1k_405938_0/SUMO_output/data_processed/new_flows_10s/exp_19.npy,/scratch/tmp/gorczyca/URB_results/grid1k/grid1k_405938_0/SUMO_output/data_processed/new_assignments_10s/exp_19.npy
/scratch/tmp/gorczyca/URB_results/grid1k/grid1k_405938_0,0,20,20,exp_20.npy,exp_20.npy,/scratch/tmp/gorczyca/URB_results/grid1k/grid1k_405938_0/SUMO_output/data_processed/new_flows_10s/exp_20.npy,/scratch/tmp/gorczyca/URB_results/grid1k/grid1k_405938_0/SUMO_output/data_processed/new_assignments_10s/exp_20.npy
/scratch/tmp/gorczyca/URB_results/grid1k/grid1k_405938_0,0,21,21,exp_21.npy,exp_21.npy,/scratch/tmp/gorczyca/URB_results/grid1k/grid1k_405938_0/SUMO_output/data_processed/new_flows_10s/exp_21.npy,/scratch/tmp/gorczyca/URB_results/grid1k/grid1k_405938_0/SUMO_output/data_processed/new_assignments_10s/exp_21.npy
/scratch/tmp/gorczyca/URB_results/grid1k/grid1k_405938_0,0,22,22,exp_22.npy,exp_22.npy,/scratch/tmp/gorczyca/URB_results/grid1k/grid1k_405938_0/SUMO_output/data_processed/new_flows_10s/exp_22.npy,/scratch/tmp/gorczyca/URB_results/grid1k/grid1k_405938_0/SUMO_output/data_processed/new_assignments_10s/exp_22.npy
/scratch/tmp/gorczyca/URB_results/grid1k/grid1k_405938_0,0,23,23,exp_23.npy,exp_23.npy,/scratch/tmp/gorczyca/URB_results/grid1k/grid1k_405938_0/SUMO_output/data_processed/new_flows_10s/exp_23.npy,/scratch/tmp/gorczyca/URB_results/grid1k/grid1k_405938_0/SUMO_output/data_processed/new_assignments_10s/exp_23.npy
/scratch/tmp/gorczyca/URB_results/grid1k/grid1k_405938_0,0,24,24,exp_24.npy,exp_24.npy,/scratch/tmp/gorczyca/URB_results/grid1k/grid1k_405938_0/SUMO_output/data_processed/new_flows_10s/exp_24.npy,/scratch/tmp/gorczyca/URB_results/grid1k/grid1k_405938_0/SUMO_output/data_processed/new_assignments_10s/exp_24.npy
/scratch/tmp/gorczyca/URB_results/grid1k/grid1k_405938_0,0,25,25,exp_25.npy,exp_25.npy,/scratch/tmp/gorczyca/URB_results/grid1k/grid1k_405938_0/SUMO_output/data_processed/new_flows_10s/exp_25.npy,/scratch/tmp/gorczyca/URB_results/grid1k/grid1k_405938_0/SUMO_output/data_processed/new_assignments_10s/exp_25.npy
/scratch/tmp/gorczyca/URB_results/grid1k/grid1k_405938_0,0,26,26,exp_26.npy,exp_26.npy,/scratch/tmp/gorczyca/URB_results/grid1k/grid1k_405938_0/SUMO_output/data_processed/new_flows_10s/exp_26.npy,/scratch/tmp/gorczyca/URB_results/grid1k/grid1k_405938_0/SUMO_output/data_processed/new_assignments_10s/exp_26.npy
/scratch/tmp/gorczyca/URB_results/grid1k/grid1k_405938_0,0,27,27,exp_27.npy,exp_27.npy,/scratch/tmp/gorczyca/URB_results/grid1k/grid1k_405938_0/SUMO_output/data_processed/new_flows_10s/exp_27.npy,/scratch/tmp/gorczyca/URB_results/grid1k/grid1k_405938_0/SUMO_output/data_processed/new_assignments_10s/exp_27.npy
/scratch/tmp/gorczyca/URB_results/grid1k/grid1k_405938_0,0,28,28,exp_28.npy,exp_28.npy,/scratch/tmp/gorczyca/URB_results/grid1k/grid1k_405938_0/SUMO_output/data_processed/new_flows_10s/exp_28.npy,/scratch/tmp/gorczyca/URB_results/grid1k/grid1k_405938_0/SUMO_output/data_processed/new_assignments_10s/exp_28.npy
/scratch/tmp/gorczyca/URB_results/grid1k/grid1k_405938_0,0,29,29,exp_29.npy,exp_29.npy,/scratch/tmp/gorczyca/URB_results/grid1k/grid1k_405938_0/SUMO_output/data_processed/new_flows_10s/exp_29.npy,/scratch/tmp/gorczyca/URB_results/grid1k/grid1k_405938_0/SUMO_output/data_processed/new_assignments_10s/exp_29.npy
/scratch/tmp/gorczyca/URB_results/grid1k/grid1k_405938_0,0,30,30,exp_30.npy,exp_30.npy,/scratch/tmp/gorczyca/URB_results/grid1k/grid1k_405938_0/SUMO_output/data_processed/new_flows_10s/exp_30.npy,/scratch/tmp/gorczyca/URB_results/grid1k/grid1k_405938_0/SUMO_output/data_processed/new_assignments_10s/exp_30.npy
/scratch/tmp/gorczyca/URB_results/grid1k/grid1k_405938_0,0,31,31,exp_31.npy,exp_31.npy,/scratch/tmp/gorczyca/URB_results/grid1k/grid1k_405938_0/SUMO_output/data_processed/new_flows_10s/exp_31.npy,/scratch/tmp/gorczyca/URB_results/grid1k/grid1k_405938_0/SUMO_output/data_processed/new_assignments_10s/exp_31.npy
/scratch/tmp/gorczyca/URB_results/grid1k/grid1k_405938_0,0,32,32,exp_32.npy,exp_32.npy,/scratch/tmp/gorczyca/URB_results/grid1k/grid1k_405938_0/SUMO_output/data_processed/new_flows_10s/exp_32.npy,/scratch/tmp/gorczyca/URB_results/grid1k/grid1k_405938_0/SUMO_output/data_processed/new_assignments_10s/exp_32.npy
/scratch/tmp/gorczyca/URB_results/grid1k/grid1k_405938_0,0,33,33,exp_33.npy,exp_33.npy,/scratch/tmp/gorczyca/URB_results/grid1k/grid1k_405938_0/SUMO_output/data_processed/new_flows_10s/exp_33.npy,/scratch/tmp/gorczyca/URB_results/grid1k/grid1k_405938_0/SUMO_output/data_processed/new_assignments_10s/exp_33.npy
/scratch/tmp/gorczyca/URB_results/grid1k/grid1k_405938_0,0,34,34,exp_34.npy,exp_34.npy,/scratch/tmp/gorczyca/URB_results/grid1k/grid1k_405938_0/SUMO_output/data_processed/new_flows_10s/exp_34.npy,/scratch/tmp/gorczyca/URB_results/grid1k/grid1k_405938_0/SUMO_output/data_processed/new_assignments_10s/exp_34.npy
/scratch/tmp/gorczyca/URB_results/grid1k/grid1k_405938_0,0,35,35,exp_35.npy,exp_35.npy,/scratch/tmp/gorczyca/URB_results/grid1k/grid1k_405938_0/SUMO_output/data_processed/new_flows_10s/exp_35.npy,/scratch/tmp/gorczyca/URB_results/grid1k/grid1k_405938_0/SUMO_output/data_processed/new_assignments_10s/exp_35.npy
/scratch/tmp/gorczyca/URB_results/grid1k/grid1k_405938_0,0,36,36,exp_36.npy,exp_36.npy,/scratch/tmp/gorczyca/URB_results/grid1k/grid1k_405938_0/SUMO_output/data_processed/new_flows_10s/exp_36.npy,/scratch/tmp/gorczyca/URB_results/grid1k/grid1k_405938_0/SUMO_output/data_processed/new_assignments_10s/exp_36.npy
/scratch/tmp/gorczyca/URB_results/grid1k/grid1k_405938_0,0,37,37,exp_37.npy,exp_37.npy,/scratch/tmp/gorczyca/URB_results/grid1k/grid1k_405938_0/SUMO_output/data_processed/new_flows_10s/exp_37.npy,/scratch/tmp/gorczyca/URB_results/grid1k/grid1k_405938_0/SUMO_output/data_processed/new_assignments_10s/exp_37.npy
/scratch/tmp/gorczyca/URB_results/grid1k/grid1k_405938_0,0,38,38,exp_38.npy,exp_38.npy,/scratch/tmp/gorczyca/URB_results/grid1k/grid1k_405938_0/SUMO_output/data_processed/new_flows_10s/exp_38.npy,/scratch/tmp/gorczyca/URB_results/grid1k/grid1k_405938_0/SUMO_output/data_processed/new_assignments_10s/exp_38.npy
/scratch/tmp/gorczyca/URB_results/grid1k/grid1k_405938_0,0,39,39,exp_39.npy,exp_39.npy,/scratch/tmp/gorczyca/URB_results/grid1k/grid1k_405938_0/SUMO_output/data_processed/new_flows_10s/exp_39.npy,/scratch/tmp/gorczyca/URB_results/grid1k/grid1k_405938_0/SUMO_output/data_processed/new_assignments_10s/exp_39.npy
/scratch/tmp/gorczyca/URB_results/grid1k/grid1k_405938_0,0,40,40,exp_40.npy,exp_40.npy,/scratch/tmp/gorczyca/URB_results/grid1k/grid1k_405938_0/SUMO_output/data_processed/new_flows_10s/exp_40.npy,/scratch/tmp/gorczyca/URB_results/grid1k/grid1k_405938_0/SUMO_output/data_processed/new_assignments_10s/exp_40.npy
/scratch/tmp/gorczyca/URB_results/grid1k/grid1k_405938_0,0,41,41,exp_41.npy,exp_41.npy,/scratch/tmp/gorczyca/URB_results/grid1k/grid1k_405938_0/SUMO_output/data_processed/new_flows_10s/exp_41.npy,/scratch/tmp/gorczyca/URB_results/grid1k/grid1k_405938_0/SUMO_output/data_processed/new_assignments_10s/exp_41.npy
/scratch/tmp/gorczyca/URB_results/grid1k/grid1k_405938_0,0,42,42,exp_42.npy,exp_42.npy,/scratch/tmp/gorczyca/URB_results/grid1k/grid1k_405938_0/SUMO_output/data_processed/new_flows_10s/exp_42.npy,/scratch/tmp/gorczyca/URB_results/grid1k/grid1k_405938_0/SUMO_output/data_processed/new_assignments_10s/exp_42.npy
/scratch/tmp/gorczyca/URB_results/grid1k/grid1k_405938_0,0,43,43,exp_43.npy,exp_43.npy,/scratch/tmp/gorczyca/URB_results/grid1k/grid1k_405938_0/SUMO_output/data_processed/new_flows_10s/exp_43.npy,/scratch/tmp/gorczyca/URB_results/grid1k/grid1k_405938_0/SUMO_output/data_processed/new_assignments_10s/exp_43.npy
/scratch/tmp/gorczyca/URB_results/grid1k/grid1k_405938_0,0,44,44,exp_44.npy,exp_44.npy,/scratch/tmp/gorczyca/URB_results/grid1k/grid1k_405938_0/SUMO_output/data_processed/new_flows_10s/exp_44.npy,/scratch/tmp/gorczyca/URB_results/grid1k/grid1k_405938_0/SUMO_output/data_processed/new_assignments_10s/exp_44.npy
/scratch/tmp/gorczyca/URB_results/grid1k/grid1k_405938_0,0,45,45,exp_45.npy,exp_45.npy,/scratch/tmp/gorczyca/URB_results/grid1k/grid1k_405938_0/SUMO_output/data_processed/new_flows_10s/exp_45.npy,/scratch/tmp/gorczyca/URB_results/grid1k/grid1k_405938_0/SUMO_output/data_processed/new_assignments_10s/exp_45.npy
/scratch/tmp/gorczyca/URB_results/grid1k/grid1k_405938_0,0,46,46,exp_46.npy,exp_46.npy,/scratch/tmp/gorczyca/URB_results/grid1k/grid1k_405938_0/SUMO_output/data_processed/new_flows_10s/exp_46.npy,/scratch/tmp/gorczyca/URB_results/grid1k/grid1k_405938_0/SUMO_output/data_processed/new_assignments_10s/exp_46.npy
/scratch/tmp/gorczyca/URB_results/grid1k/grid1k_405938_0,0,47,47,exp_47.npy,exp_47.npy,/scratch/tmp/gorczyca/URB_results/grid1k/grid1k_405938_0/SUMO_output/data_processed/new_flows_10s/exp_47.npy,/scratch/tmp/gorczyca/URB_results/grid1k/grid1k_405938_0/SUMO_output/data_processed/new_assignments_10s/exp_47.npy
/scratch/tmp/gorczyca/URB_results/grid1k/grid1k_405938_0,0,48,48,exp_48.npy,exp_48.npy,/scratch/tmp/gorczyca/URB_results/grid1k/grid1k_405938_0/SUMO_output/data_processed/new_flows_10s/exp_48.npy,/scratch/tmp/gorczyca/URB_results/grid1k/grid1k_405938_0/SUMO_output/data_processed/new_assignments_10s/exp_48.npy
/scratch/tmp/gorczyca/URB_results/grid1k/grid1k_405938_0,0,49,49,exp_49.npy,exp_49.npy,/scratch/tmp/gorczyca/URB_results/grid1k/grid1k_405938_0/SUMO_output/data_processed/new_flows_10s/exp_49.npy,/scratch/tmp/gorczyca/URB_results/grid1k/grid1k_405938_0/SUMO_output/data_processed/new_assignments_10s/exp_49.npy
/scratch/tmp/gorczyca/URB_results/grid1k/grid1k_405938_0,0,50,50,exp_50.npy,exp_50.npy,/scratch/tmp/gorczyca/URB_results/grid1k/grid1k_405938_0/SUMO_output/data_processed/new_flows_10s/exp_50.npy,/scratch/tmp/gorczyca/URB_results/grid1k/grid1k_405938_0/SUMO_output/data_processed/new_assignments_10s/exp_50.npy
/scratch/tmp/gorczyca/URB_results/grid1k/grid1k_405938_0,0,51,51,exp_51.npy,exp_51.npy,/scratch/tmp/gorczyca/URB_results/grid1k/grid1k_405938_0/SUMO_output/data_processed/new_flows_10s/exp_51.npy,/scratch/tmp/gorczyca/URB_results/grid1k/grid1k_405938_0/SUMO_output/data_processed/new_assignments_10s/exp_51.npy
/scratch/tmp/gorczyca/URB_results/grid1k/grid1k_405938_0,0,52,52,exp_52.npy,exp_52.npy,/scratch/tmp/gorczyca/URB_results/grid1k/grid1k_405938_0/SUMO_output/data_processed/new_flows_10s/exp_52.npy,/scratch/tmp/gorczyca/URB_results/grid1k/grid1k_405938_0/SUMO_output/data_processed/new_assignments_10s/exp_52.npy
/scratch/tmp/gorczyca/URB_results/grid1k/grid1k_405938_0,0,53,53,exp_53.npy,exp_53.npy,/scratch/tmp/gorczyca/URB_results/grid1k/grid1k_405938_0/SUMO_output/data_processed/new_flows_10s/exp_53.npy,/scratch/tmp/gorczyca/URB_results/grid1k/grid1k_405938_0/SUMO_output/data_processed/new_assignments_10s/exp_53.npy
/scratch/tmp/gorczyca/URB_results/grid1k/grid1k_405938_0,0,54,54,exp_54.npy,exp_54.npy,/scratch/tmp/gorczyca/URB_results/grid1k/grid1k_405938_0/SUMO_output/data_processed/new_flows_10s/exp_54.npy,/scratch/tmp/gorczyca/URB_results/grid1k/grid1k_405938_0/SUMO_output/data_processed/new_assignments_10s/exp_54.npy
/scratch/tmp/gorczyca/URB_results/grid1k/grid1k_405938_0,0,55,55,exp_55.npy,exp_55.npy,/scratch/tmp/gorczyca/URB_results/grid1k/grid1k_405938_0/SUMO_output/data_processed/new_flows_10s/exp_55.npy,/scratch/tmp/gorczyca/URB_results/grid1k/grid1k_405938_0/SUMO_output/data_processed/new_assignments_10s/exp_55.npy
/scratch/tmp/gorczyca/URB_results/grid1k/grid1k_405938_0,0,56,56,exp_56.npy,exp_56.npy,/scratch/tmp/gorczyca/URB_results/grid1k/grid1k_405938_0/SUMO_output/data_processed/new_flows_10s/exp_56.npy,/scratch/tmp/gorczyca/URB_results/grid1k/grid1k_405938_0/SUMO_output/data_processed/new_assignments_10s/exp_56.npy
/scratch/tmp/gorczyca/URB_results/grid1k/grid1k_405938_0,0,57,57,exp_57.npy,exp_57.npy,/scratch/tmp/gorczyca/URB_results/grid1k/grid1k_405938_0/SUMO_output/data_processed/new_flows_10s/exp_57.npy,/scratch/tmp/gorczyca/URB_results/grid1k/grid1k_405938_0/SUMO_output/data_processed/new_assignments_10s/exp_57.npy
/scratch/tmp/gorczyca/URB_results/grid1k/grid1k_405938_0,0,58,58,exp_58.npy,exp_58.npy,/scratch/tmp/gorczyca/URB_results/grid1k/grid1k_405938_0/SUMO_output/data_processed/new_flows_10s/exp_58.npy,/scratch/tmp/gorczyca/URB_results/grid1k/grid1k_405938_0/SUMO_output/data_processed/new_assignments_10s/exp_58.npy
/scratch/tmp/gorczyca/URB_results/grid1k/grid1k_405938_0,0,59,59,exp_59.npy,exp_59.npy,/scratch/tmp/gorczyca/URB_results/grid1k/grid1k_405938_0/SUMO_output/data_processed/new_flows_10s/exp_59.npy,/scratch/tmp/gorczyca/URB_results/grid1k/grid1k_405938_0/SUMO_output/data_processed/new_assignments_10s/exp_59.npy
/scratch/tmp/gorczyca/URB_results/grid1k/grid1k_405938_0,0,60,60,exp_60.npy,exp_60.npy,/scratch/tmp/gorczyca/URB_results/grid1k/grid1k_405938_0/SUMO_output/data_processed/new_flows_10s/exp_60.npy,/scratch/tmp/gorczyca/URB_results/grid1k/grid1k_405938_0/SUMO_output/data_processed/new_assignments_10s/exp_60.npy
/scratch/tmp/gorczyca/URB_results/grid1k/grid1k_405938_0,0,61,61,exp_61.npy,exp_61.npy,/scratch/tmp/gorczyca/URB_results/grid1k/grid1k_405938_0/SUMO_output/data_processed/new_flows_10s/exp_61.npy,/scratch/tmp/gorczyca/URB_results/grid1k/grid1k_405938_0/SUMO_output/data_processed/new_assignments_10s/exp_61.npy
/scratch/tmp/gorczyca/URB_results/grid1k/grid1k_405938_0,0,62,62,exp_62.npy,exp_62.npy,/scratch/tmp/gorczyca/URB_results/grid1k/grid1k_405938_0/SUMO_output/data_processed/new_flows_10s/exp_62.npy,/scratch/tmp/gorczyca/URB_results/grid1k/grid1k_405938_0/SUMO_output/data_processed/new_assignments_10s/exp_62.npy
/scratch/tmp/gorczyca/URB_results/grid1k/grid1k_405938_0,0,63,63,exp_63.npy,exp_63.npy,/scratch/tmp/gorczyca/URB_results/grid1k/grid1k_405938_0/SUMO_output/data_processed/new_flows_10s/exp_63.npy,/scratch/tmp/gorczyca/URB_results/grid1k/grid1k_405938_0/SUMO_output/data_processed/new_assignments_10s/exp_63.npy
/scratch/tmp/gorczyca/URB_results/grid1k/grid1k_405938_0,0,64,64,exp_64.npy,exp_64.npy,/scratch/tmp/gorczyca/URB_results/grid1k/grid1k_405938_0/SUMO_output/data_processed/new_flows_10s/exp_64.npy,/scratch/tmp/gorczyca/URB_results/grid1k/grid1k_405938_0/SUMO_output/data_processed/new_assignments_10s/exp_64.npy
/scratch/tmp/gorczyca/URB_results/grid1k/grid1k_405938_0,0,65,65,exp_65.npy,exp_65.npy,/scratch/tmp/gorczyca/URB_results/grid1k/grid1k_405938_0/SUMO_output/data_processed/new_flows_10s/exp_65.npy,/scratch/tmp/gorczyca/URB_results/grid1k/grid1k_405938_0/SUMO_output/data_processed/new_assignments_10s/exp_65.npy
/scratch/tmp/gorczyca/URB_results/grid1k/grid1k_405938_0,0,66,66,exp_66.npy,exp_66.npy,/scratch/tmp/gorczyca/URB_results/grid1k/grid1k_405938_0/SUMO_output/data_processed/new_flows_10s/exp_66.npy,/scratch/tmp/gorczyca/URB_results/grid1k/grid1k_405938_0/SUMO_output/data_processed/new_assignments_10s/exp_66.npy
/scratch/tmp/gorczyca/URB_results/grid1k/grid1k_405938_0,0,67,67,exp_67.npy,exp_67.npy,/scratch/tmp/gorczyca/URB_results/grid1k/grid1k_405938_0/SUMO_output/data_processed/new_flows_10s/exp_67.npy,/scratch/tmp/gorczyca/URB_results/grid1k/grid1k_405938_0/SUMO_output/data_processed/new_assignments_10s/exp_67.npy
/scratch/tmp/gorczyca/URB_results/grid1k/grid1k_405938_0,0,68,68,exp_68.npy,exp_68.npy,/scratch/tmp/gorczyca/URB_results/grid1k/grid1k_405938_0/SUMO_output/data_processed/new_flows_10s/exp_68.npy,/scratch/tmp/gorczyca/URB_results/grid1k/grid1k_405938_0/SUMO_output/data_processed/new_assignments_10s/exp_68.npy
/scratch/tmp/gorczyca/URB_results/grid1k/grid1k_405938_0,0,69,69,exp_69.npy,exp_69.npy,/scratch/tmp/gorczyca/URB_results/grid1k/grid1k_405938_0/SUMO_output/data_processed/new_flows_10s/exp_69.npy,/scratch/tmp/gorczyca/URB_results/grid1k/grid1k_405938_0/SUMO_output/data_processed/new_assignments_10s/exp_69.npy
/scratch/tmp/gorczyca/URB_results/grid1k/grid1k_405938_0,0,70,70,exp_70.npy,exp_70.npy,/scratch/tmp/gorczyca/URB_results/grid1k/grid1k_405938_0/SUMO_output/data_processed/new_flows_10s/exp_70.npy,/scratch/tmp/gorczyca/URB_results/grid1k/grid1k_405938_0/SUMO_output/data_processed/new_assignments_10s/exp_70.npy
/scratch/tmp/gorczyca/URB_results/grid1k/grid1k_405938_0,0,71,71,exp_71.npy,exp_71.npy,/scratch/tmp/gorczyca/URB_results/grid1k/grid1k_405938_0/SUMO_output/data_processed/new_flows_10s/exp_71.npy,/scratch/tmp/gorczyca/URB_results/grid1k/grid1k_405938_0/SUMO_output/data_processed/new_assignments_10s/exp_71.npy
/scratch/tmp/gorczyca/URB_results/grid1k/grid1k_405938_0,0,72,72,exp_72.npy,exp_72.npy,/scratch/tmp/gorczyca/URB_results/grid1k/grid1k_405938_0/SUMO_output/data_processed/new_flows_10s/exp_72.npy,/scratch/tmp/gorczyca/URB_results/grid1k/grid1k_405938_0/SUMO_output/data_processed/new_assignments_10s/exp_72.npy
/scratch/tmp/gorczyca/URB_results/grid1k/grid1k_405938_0,0,73,73,exp_73.npy,exp_73.npy,/scratch/tmp/gorczyca/URB_results/grid1k/grid1k_405938_0/SUMO_output/data_processed/new_flows_10s/exp_73.npy,/scratch/tmp/gorczyca/URB_results/grid1k/grid1k_405938_0/SUMO_output/data_processed/new_assignments_10s/exp_73.npy
/scratch/tmp/gorczyca/URB_results/grid1k/grid1k_405938_0,0,74,74,exp_74.npy,exp_74.npy,/scratch/tmp/gorczyca/URB_results/grid1k/grid1k_405938_0/SUMO_output/data_processed/new_flows_10s/exp_74.npy,/scratch/tmp/gorczyca/URB_results/grid1k/grid1k_405938_0/SUMO_output/data_processed/new_assignments_10s/exp_74.npy
/scratch/tmp/gorczyca/URB_results/grid1k/grid1k_405938_0,0,75,75,exp_75.npy,exp_75.npy,/scratch/tmp/gorczyca/URB_results/grid1k/grid1k_405938_0/SUMO_output/data_processed/new_flows_10s/exp_75.npy,/scratch/tmp/gorczyca/URB_results/grid1k/grid1k_405938_0/SUMO_output/data_processed/new_assignments_10s/exp_75.npy
/scratch/tmp/gorczyca/URB_results/grid1k/grid1k_405938_0,0,76,76,exp_76.npy,exp_76.npy,/scratch/tmp/gorczyca/URB_results/grid1k/grid1k_405938_0/SUMO_output/data_processed/new_flows_10s/exp_76.npy,/scratch/tmp/gorczyca/URB_results/grid1k/grid1k_405938_0/SUMO_output/data_processed/new_assignments_10s/exp_76.npy
/scratch/tmp/gorczyca/URB_results/grid1k/grid1k_405938_0,0,77,77,exp_77.npy,exp_77.npy,/scratch/tmp/gorczyca/URB_results/grid1k/grid1k_405938_0/SUMO_output/data_processed/new_flows_10s/exp_77.npy,/scratch/tmp/gorczyca/URB_results/grid1k/grid1k_405938_0/SUMO_output/data_processed/new_assignments_10s/exp_77.npy
/scratch/tmp/gorczyca/URB_results/grid1k/grid1k_405938_0,0,78,78,exp_78.npy,exp_78.npy,/scratch/tmp/gorczyca/URB_results/grid1k/grid1k_405938_0/SUMO_output/data_processed/new_flows_10s/exp_78.npy,/scratch/tmp/gorczyca/URB_results/grid1k/grid1k_405938_0/SUMO_output/data_processed/new_assignments_10s/exp_78.npy
/scratch/tmp/gorczyca/URB_results/grid1k/grid1k_405938_0,0,79,79,exp_79.npy,exp_79.npy,/scratch/tmp/gorczyca/URB_results/grid1k/grid1k_405938_0/SUMO_output/data_processed/new_flows_10s/exp_79.npy,/scratch/tmp/gorczyca/URB_results/grid1k/grid1k_405938_0/SUMO_output/data_processed/new_assignments_10s/exp_79.npy
/scratch/tmp/gorczyca/URB_results/grid1k/grid1k_405938_0,0,80,80,exp_80.npy,exp_80.npy,/scratch/tmp/gorczyca/URB_results/grid1k/grid1k_405938_0/SUMO_output/data_processed/new_flows_10s/exp_80.npy,/scratch/tmp/gorczyca/URB_results/grid1k/grid1k_405938_0/SUMO_output/data_processed/new_assignments_10s/exp_80.npy
/scratch/tmp/gorczyca/URB_results/grid1k/grid1k_405938_0,0,81,81,exp_81.npy,exp_81.npy,/scratch/tmp/gorczyca/URB_results/grid1k/grid1k_405938_0/SUMO_output/data_processed/new_flows_10s/exp_81.npy,/scratch/tmp/gorczyca/URB_results/grid1k/grid1k_405938_0/SUMO_output/data_processed/new_assignments_10s/exp_81.npy
/scratch/tmp/gorczyca/URB_results/grid1k/grid1k_405938_0,0,82,82,exp_82.npy,exp_82.npy,/scratch/tmp/gorczyca/URB_results/grid1k/grid1k_405938_0/SUMO_output/data_processed/new_flows_10s/exp_82.npy,/scratch/tmp/gorczyca/URB_results/grid1k/grid1k_405938_0/SUMO_output/data_processed/new_assignments_10s/exp_82.npy
/scratch/tmp/gorczyca/URB_results/grid1k/grid1k_405938_0,0,83,83,exp_83.npy,exp_83.npy,/scratch/tmp/gorczyca/URB_results/grid1k/grid1k_405938_0/SUMO_output/data_processed/new_flows_10s/exp_83.npy,/scratch/tmp/gorczyca/URB_results/grid1k/grid1k_405938_0/SUMO_output/data_processed/new_assignments_10s/exp_83.npy
/scratch/tmp/gorczyca/URB_results/grid1k/grid1k_405938_0,0,84,84,exp_84.npy,exp_84.npy,/scratch/tmp/gorczyca/URB_results/grid1k/grid1k_405938_0/SUMO_output/data_processed/new_flows_10s/exp_84.npy,/scratch/tmp/gorczyca/URB_results/grid1k/grid1k_405938_0/SUMO_output/data_processed/new_assignments_10s/exp_84.npy
/scratch/tmp/gorczyca/URB_results/grid1k/grid1k_405938_0,0,85,85,exp_85.npy,exp_85.npy,/scratch/tmp/gorczyca/URB_results/grid1k/grid1k_405938_0/SUMO_output/data_processed/new_flows_10s/exp_85.npy,/scratch/tmp/gorczyca/URB_results/grid1k/grid1k_405938_0/SUMO_output/data_processed/new_assignments_10s/exp_85.npy
/scratch/tmp/gorczyca/URB_results/grid1k/grid1k_405938_0,0,86,86,exp_86.npy,exp_86.npy,/scratch/tmp/gorczyca/URB_results/grid1k/grid1k_405938_0/SUMO_output/data_processed/new_flows_10s/exp_86.npy,/scratch/tmp/gorczyca/URB_results/grid1k/grid1k_405938_0/SUMO_output/data_processed/new_assignments_10s/exp_86.npy
/scratch/tmp/gorczyca/URB_results/grid1k/grid1k_405938_0,0,87,87,exp_87.npy,exp_87.npy,/scratch/tmp/gorczyca/URB_results/grid1k/grid1k_405938_0/SUMO_output/data_processed/new_flows_10s/exp_87.npy,/scratch/tmp/gorczyca/URB_results/grid1k/grid1k_405938_0/SUMO_output/data_processed/new_assignments_10s/exp_87.npy
/scratch/tmp/gorczyca/URB_results/grid1k/grid1k_405938_0,0,88,88,exp_88.npy,exp_88.npy,/scratch/tmp/gorczyca/URB_results/grid1k/grid1k_405938_0/SUMO_output/data_processed/new_flows_10s/exp_88.npy,/scratch/tmp/gorczyca/URB_results/grid1k/grid1k_405938_0/SUMO_output/data_processed/new_assignments_10s/exp_88.npy
/scratch/tmp/gorczyca/URB_results/grid1k/grid1k_405938_0,0,89,89,exp_89.npy,exp_89.npy,/scratch/tmp/gorczyca/URB_results/grid1k/grid1k_405938_0/SUMO_output/data_processed/new_flows_10s/exp_89.npy,/scratch/tmp/gorczyca/URB_results/grid1k/grid1k_405938_0/SUMO_output/data_processed/new_assignments_10s/exp_89.npy
/scratch/tmp/gorczyca/URB_results/grid1k/grid1k_405938_0,0,90,90,exp_90.npy,exp_90.npy,/scratch/tmp/gorczyca/URB_results/grid1k/grid1k_405938_0/SUMO_output/data_processed/new_flows_10s/exp_90.npy,/scratch/tmp/gorczyca/URB_results/grid1k/grid1k_405938_0/SUMO_output/data_processed/new_assignments_10s/exp_90.npy
/scratch/tmp/gorczyca/URB_results/grid1k/grid1k_405938_0,0,91,91,exp_91.npy,exp_91.npy,/scratch/tmp/gorczyca/URB_results/grid1k/grid1k_405938_0/SUMO_output/data_processed/new_flows_10s/exp_91.npy,/scratch/tmp/gorczyca/URB_results/grid1k/grid1k_405938_0/SUMO_output/data_processed/new_assignments_10s/exp_91.npy
/scratch/tmp/gorczyca/URB_results/grid1k/grid1k_405938_0,0,92,92,exp_92.npy,exp_92.npy,/scratch/tmp/gorczyca/URB_results/grid1k/grid1k_405938_0/SUMO_output/data_processed/new_flows_10s/exp_92.npy,/scratch/tmp/gorczyca/URB_results/grid1k/grid1k_405938_0/SUMO_output/data_processed/new_assignments_10s/exp_92.npy
/scratch/tmp/gorczyca/URB_results/grid1k/grid1k_405938_0,0,93,93,exp_93.npy,exp_93.npy,/scratch/tmp/gorczyca/URB_results/grid1k/grid1k_405938_0/SUMO_output/data_processed/new_flows_10s/exp_93.npy,/scratch/tmp/gorczyca/URB_results/grid1k/grid1k_405938_0/SUMO_output/data_processed/new_assignments_10s/exp_93.npy
/scratch/tmp/gorczyca/URB_results/grid1k/grid1k_405938_0,0,94,94,exp_94.npy,exp_94.npy,/scratch/tmp/gorczyca/URB_results/grid1k/grid1k_405938_0/SUMO_output/data_processed/new_flows_10s/exp_94.npy,/scratch/tmp/gorczyca/URB_results/grid1k/grid1k_405938_0/SUMO_output/data_processed/new_assignments_10s/exp_94.npy
/scratch/tmp/gorczyca/URB_results/grid1k/grid1k_405938_0,0,95,95,exp_95.npy,exp_95.npy,/scratch/tmp/gorczyca/URB_results/grid1k/grid1k_405938_0/SUMO_output/data_processed/new_flows_10s/exp_95.npy,/scratch/tmp/gorczyca/URB_results/grid1k/grid1k_405938_0/SUMO_output/data_processed/new_assignments_10s/exp_95.npy
/scratch/tmp/gorczyca/URB_results/grid1k/grid1k_405938_0,0,96,96,exp_96.npy,exp_96.npy,/scratch/tmp/gorczyca/URB_results/grid1k/grid1k_405938_0/SUMO_output/data_processed/new_flows_10s/exp_96.npy,/scratch/tmp/gorczyca/URB_results/grid1k/grid1k_405938_0/SUMO_output/data_processed/new_assignments_10s/exp_96.npy
/scratch/tmp/gorczyca/URB_results/grid1k/grid1k_405938_0,0,97,97,exp_97.npy,exp_97.npy,/scratch/tmp/gorczyca/URB_results/grid1k/grid1k_405938_0/SUMO_output/data_processed/new_flows_10s/exp_97.npy,/scratch/tmp/gorczyca/URB_results/grid1k/grid1k_405938_0/SUMO_output/data_processed/new_assignments_10s/exp_97.npy
/scratch/tmp/gorczyca/URB_results/grid1k/grid1k_405938_0,0,98,98,exp_98.npy,exp_98.npy,/scratch/tmp/gorczyca/URB_results/grid1k/grid1k_405938_0/SUMO_output/data_processed/new_flows_10s/exp_98.npy,/scratch/tmp/gorczyca/URB_results/grid1k/grid1k_405938_0/SUMO_output/data_processed/new_assignments_10s/exp_98.npy
/scratch/tmp/gorczyca/URB_results/grid1k/grid1k_405938_0,0,99,99,exp_99.npy,exp_99.npy,/scratch/tmp/gorczyca/URB_results/grid1k/grid1k_405938_0/SUMO_output/data_processed/new_flows_10s/exp_99.npy,/scratch/tmp/gorczyca/URB_results/grid1k/grid1k_405938_0/SUMO_output/data_processed/new_assignments_10s/exp_99.npy
/scratch/tmp/gorczyca/URB_results/grid1k/grid1k_405938_0,0,100,100,exp_100.npy,exp_100.npy,/scratch/tmp/gorczyca/URB_results/grid1k/grid1k_405938_0/SUMO_output/data_processed/new_flows_10s/exp_100.npy,/scratch/tmp/gorczyca/URB_results/grid1k/grid1k_405938_0/SUMO_output/data_processed/new_assignments_10s/exp_100.npy
/scratch/tmp/gorczyca/URB_results/grid1k/grid1k_405938_0,0,101,101,exp_101.npy,exp_101.npy,/scratch/tmp/gorczyca/URB_results/grid1k/grid1k_405938_0/SUMO_output/data_processed/new_flows_10s/exp_101.npy,/scratch/tmp/gorczyca/URB_results/grid1k/grid1k_405938_0/SUMO_output/data_processed/new_assignments_10s/exp_101.npy
/scratch/tmp/gorczyca/URB_results/grid1k/grid1k_405938_0,0,102,102,exp_102.npy,exp_102.npy,/scratch/tmp/gorczyca/URB_results/grid1k/grid1k_405938_0/SUMO_output/data_processed/new_flows_10s/exp_102.npy,/scratch/tmp/gorczyca/URB_results/grid1k/grid1k_405938_0/SUMO_output/data_processed/new_assignments_10s/exp_102.npy
/scratch/tmp/gorczyca/URB_results/grid1k/grid1k_405938_0,0,103,103,exp_103.npy,exp_103.npy,/scratch/tmp/gorczyca/URB_results/grid1k/grid1k_405938_0/SUMO_output/data_processed/new_flows_10s/exp_103.npy,/scratch/tmp/gorczyca/URB_results/grid1k/grid1k_405938_0/SUMO_output/data_processed/new_assignments_10s/exp_103.npy
/scratch/tmp/gorczyca/URB_results/grid1k/grid1k_405938_0,0,104,104,exp_104.npy,exp_104.npy,/scratch/tmp/gorczyca/URB_results/grid1k/grid1k_405938_0/SUMO_output/data_processed/new_flows_10s/exp_104.npy,/scratch/tmp/gorczyca/URB_results/grid1k/grid1k_405938_0/SUMO_output/data_processed/new_assignments_10s/exp_104.npy
/scratch/tmp/gorczyca/URB_results/grid1k/grid1k_405938_0,0,105,105,exp_105.npy,exp_105.npy,/scratch/tmp/gorczyca/URB_results/grid1k/grid1k_405938_0/SUMO_output/data_processed/new_flows_10s/exp_105.npy,/scratch/tmp/gorczyca/URB_results/grid1k/grid1k_405938_0/SUMO_output/data_processed/new_assignments_10s/exp_105.npy
/scratch/tmp/gorczyca/URB_results/grid1k/grid1k_405938_0,0,106,106,exp_106.npy,exp_106.npy,/scratch/tmp/gorczyca/URB_results/grid1k/grid1k_405938_0/SUMO_output/data_processed/new_flows_10s/exp_106.npy,/scratch/tmp/gorczyca/URB_results/grid1k/grid1k_405938_0/SUMO_output/data_processed/new_assignments_10s/exp_106.npy
/scratch/tmp/gorczyca/URB_results/grid1k/grid1k_405938_0,0,107,107,exp_107.npy,exp_107.npy,/scratch/tmp/gorczyca/URB_results/grid1k/grid1k_405938_0/SUMO_output/data_processed/new_flows_10s/exp_107.npy,/scratch/tmp/gorczyca/URB_results/grid1k/grid1k_405938_0/SUMO_output/data_processed/new_assignments_10s/exp_107.npy
/scratch/tmp/gorczyca/URB_results/grid1k/grid1k_405938_0,0,108,108,exp_108.npy,exp_108.npy,/scratch/tmp/gorczyca/URB_results/grid1k/grid1k_405938_0/SUMO_output/data_processed/new_flows_10s/exp_108.npy,/scratch/tmp/gorczyca/URB_results/grid1k/grid1k_405938_0/SUMO_output/data_processed/new_assignments_10s/exp_108.npy
/scratch/tmp/gorczyca/URB_results/grid1k/grid1k_405938_0,0,109,109,exp_109.npy,exp_109.npy,/scratch/tmp/gorczyca/URB_results/grid1k/grid1k_405938_0/SUMO_output/data_processed/new_flows_10s/exp_109.npy,/scratch/tmp/gorczyca/URB_results/grid1k/grid1k_405938_0/SUMO_output/data_processed/new_assignments_10s/exp_109.npy
/scratch/tmp/gorczyca/URB_results/grid1k/grid1k_405938_0,0,110,110,exp_110.npy,exp_110.npy,/scratch/tmp/gorczyca/URB_results/grid1k/grid1k_405938_0/SUMO_output/data_processed/new_flows_10s/exp_110.npy,/scratch/tmp/gorczyca/URB_results/grid1k/grid1k_405938_0/SUMO_output/data_processed/new_assignments_10s/exp_110.npy
/scratch/tmp/gorczyca/URB_results/grid1k/grid1k_405938_0,0,111,111,exp_111.npy,exp_111.npy,/scratch/tmp/gorczyca/URB_results/grid1k/grid1k_405938_0/SUMO_output/data_processed/new_flows_10s/exp_111.npy,/scratch/tmp/gorczyca/URB_results/grid1k/grid1k_405938_0/SUMO_output/data_processed/new_assignments_10s/exp_111.npy
/scratch/tmp/gorczyca/URB_results/grid1k/grid1k_405938_0,0,112,112,exp_112.npy,exp_112.npy,/scratch/tmp/gorczyca/URB_results/grid1k/grid1k_405938_0/SUMO_output/data_processed/new_flows_10s/exp_112.npy,/scratch/tmp/gorczyca/URB_results/grid1k/grid1k_405938_0/SUMO_output/data_processed/new_assignments_10s/exp_112.npy
/scratch/tmp/gorczyca/URB_results/grid1k/grid1k_405938_0,0,113,113,exp_113.npy,exp_113.npy,/scratch/tmp/gorczyca/URB_results/grid1k/grid1k_405938_0/SUMO_output/data_processed/new_flows_10s/exp_113.npy,/scratch/tmp/gorczyca/URB_results/grid1k/grid1k_405938_0/SUMO_output/data_processed/new_assignments_10s/exp_113.npy
/scratch/tmp/gorczyca/URB_results/grid1k/grid1k_405938_0,0,114,114,exp_114.npy,exp_114.npy,/scratch/tmp/gorczyca/URB_results/grid1k/grid1k_405938_0/SUMO_output/data_processed/new_flows_10s/exp_114.npy,/scratch/tmp/gorczyca/URB_results/grid1k/grid1k_405938_0/SUMO_output/data_processed/new_assignments_10s/exp_114.npy
/scratch/tmp/gorczyca/URB_results/grid1k/grid1k_405938_0,0,115,115,exp_115.npy,exp_115.npy,/scratch/tmp/gorczyca/URB_results/grid1k/grid1k_405938_0/SUMO_output/data_processed/new_flows_10s/exp_115.npy,/scratch/tmp/gorczyca/URB_results/grid1k/grid1k_405938_0/SUMO_output/data_processed/new_assignments_10s/exp_115.npy
/scratch/tmp/gorczyca/URB_results/grid1k/grid1k_405938_0,0,116,116,exp_116.npy,exp_116.npy,/scratch/tmp/gorczyca/URB_results/grid1k/grid1k_405938_0/SUMO_output/data_processed/new_flows_10s/exp_116.npy,/scratch/tmp/gorczyca/URB_results/grid1k/grid1k_405938_0/SUMO_output/data_processed/new_assignments_10s/exp_116.npy
/scratch/tmp/gorczyca/URB_results/grid1k/grid1k_405938_0,0,117,117,exp_117.npy,exp_117.npy,/scratch/tmp/gorczyca/URB_results/grid1k/grid1k_405938_0/SUMO_output/data_processed/new_flows_10s/exp_117.npy,/scratch/tmp/gorczyca/URB_results/grid1k/grid1k_405938_0/SUMO_output/data_processed/new_assignments_10s/exp_117.npy
/scratch/tmp/gorczyca/URB_results/grid1k/grid1k_405938_0,0,118,118,exp_118.npy,exp_118.npy,/scratch/tmp/gorczyca/URB_results/grid1k/grid1k_405938_0/SUMO_output/data_processed/new_flows_10s/exp_118.npy,/scratch/tmp/gorczyca/URB_results/grid1k/grid1k_405938_0/SUMO_output/data_processed/new_assignments_10s/exp_118.npy
/scratch/tmp/gorczyca/URB_results/grid1k/grid1k_405938_0,0,119,119,exp_119.npy,exp_119.npy,/scratch/tmp/gorczyca/URB_results/grid1k/grid1k_405938_0/SUMO_output/data_processed/new_flows_10s/exp_119.npy,/scratch/tmp/gorczyca/URB_results/grid1k/grid1k_405938_0/SUMO_output/data_processed/new_assignments_10s/exp_119.npy
/scratch/tmp/gorczyca/URB_results/grid1k/grid1k_405938_0,0,120,120,exp_120.npy,exp_120.npy,/scratch/tmp/gorczyca/URB_results/grid1k/grid1k_405938_0/SUMO_output/data_processed/new_flows_10s/exp_120.npy,/scratch/tmp/gorczyca/URB_results/grid1k/grid1k_405938_0/SUMO_output/data_processed/new_assignments_10s/exp_120.npy
/scratch/tmp/gorczyca/URB_results/grid1k/grid1k_405938_0,0,121,121,exp_121.npy,exp_121.npy,/scratch/tmp/gorczyca/URB_results/grid1k/grid1k_405938_0/SUMO_output/data_processed/new_flows_10s/exp_121.npy,/scratch/tmp/gorczyca/URB_results/grid1k/grid1k_405938_0/SUMO_output/data_processed/new_assignments_10s/exp_121.npy
/scratch/tmp/gorczyca/URB_results/grid1k/grid1k_405938_0,0,122,122,exp_122.npy,exp_122.npy,/scratch/tmp/gorczyca/URB_results/grid1k/grid1k_405938_0/SUMO_output/data_processed/new_flows_10s/exp_122.npy,/scratch/tmp/gorczyca/URB_results/grid1k/grid1k_405938_0/SUMO_output/data_processed/new_assignments_10s/exp_122.npy
/scratch/tmp/gorczyca/URB_results/grid1k/grid1k_405938_0,0,123,123,exp_123.npy,exp_123.npy,/scratch/tmp/gorczyca/URB_results/grid1k/grid1k_405938_0/SUMO_output/data_processed/new_flows_10s/exp_123.npy,/scratch/tmp/gorczyca/URB_results/grid1k/grid1k_405938_0/SUMO_output/data_processed/new_assignments_10s/exp_123.npy
/scratch/tmp/gorczyca/URB_results/grid1k/grid1k_405938_0,0,124,124,exp_124.npy,exp_124.npy,/scratch/tmp/gorczyca/URB_results/grid1k/grid1k_405938_0/SUMO_output/data_processed/new_flows_10s/exp_124.npy,/scratch/tmp/gorczyca/URB_results/grid1k/grid1k_405938_0/SUMO_output/data_processed/new_assignments_10s/exp_124.npy
/scratch/tmp/gorczyca/URB_results/grid1k/grid1k_405938_0,0,125,125,exp_125.npy,exp_125.npy,/scratch/tmp/gorczyca/URB_results/grid1k/grid1k_405938_0/SUMO_output/data_processed/new_flows_10s/exp_125.npy,/scratch/tmp/gorczyca/URB_results/grid1k/grid1k_405938_0/SUMO_output/data_processed/new_assignments_10s/exp_125.npy
/scratch/tmp/gorczyca/URB_results/grid1k/grid1k_405938_0,0,126,126,exp_126.npy,exp_126.npy,/scratch/tmp/gorczyca/URB_results/grid1k/grid1k_405938_0/SUMO_output/data_processed/new_flows_10s/exp_126.npy,/scratch/tmp/gorczyca/URB_results/grid1k/grid1k_405938_0/SUMO_output/data_processed/new_assignments_10s/exp_126.npy
/scratch/tmp/gorczyca/URB_results/grid1k/grid1k_405938_0,0,127,127,exp_127.npy,exp_127.npy,/scratch/tmp/gorczyca/URB_results/grid1k/grid1k_405938_0/SUMO_output/data_processed/new_flows_10s/exp_127.npy,/scratch/tmp/gorczyca/URB_results/grid1k/grid1k_405938_0/SUMO_output/data_processed/new_assignments_10s/exp_127.npy
/scratch/tmp/gorczyca/URB_results/grid1k/grid1k_405938_0,0,128,128,exp_128.npy,exp_128.npy,/scratch/tmp/gorczyca/URB_results/grid1k/grid1k_405938_0/SUMO_output/data_processed/new_flows_10s/exp_128.npy,/scratch/tmp/gorczyca/URB_results/grid1k/grid1k_405938_0/SUMO_output/data_processed/new_assignments_10s/exp_128.npy
/scratch/tmp/gorczyca/URB_results/grid1k/grid1k_405938_0,0,129,129,exp_129.npy,exp_129.npy,/scratch/tmp/gorczyca/URB_results/grid1k/grid1k_405938_0/SUMO_output/data_processed/new_flows_10s/exp_129.npy,/scratch/tmp/gorczyca/URB_results/grid1k/grid1k_405938_0/SUMO_output/data_processed/new_assignments_10s/exp_129.npy
/scratch/tmp/gorczyca/URB_results/grid1k/grid1k_405938_0,0,130,130,exp_130.npy,exp_130.npy,/scratch/tmp/gorczyca/URB_results/grid1k/grid1k_405938_0/SUMO_output/data_processed/new_flows_10s/exp_130.npy,/scratch/tmp/gorczyca/URB_results/grid1k/grid1k_405938_0/SUMO_output/data_processed/new_assignments_10s/exp_130.npy
/scratch/tmp/gorczyca/URB_results/grid1k/grid1k_405938_0,0,131,131,exp_131.npy,exp_131.npy,/scratch/tmp/gorczyca/URB_results/grid1k/grid1k_405938_0/SUMO_output/data_processed/new_flows_10s/exp_131.npy,/scratch/tmp/gorczyca/URB_results/grid1k/grid1k_405938_0/SUMO_output/data_processed/new_assignments_10s/exp_131.npy
/scratch/tmp/gorczyca/URB_results/grid1k/grid1k_405938_0,0,132,132,exp_132.npy,exp_132.npy,/scratch/tmp/gorczyca/URB_results/grid1k/grid1k_405938_0/SUMO_output/data_processed/new_flows_10s/exp_132.npy,/scratch/tmp/gorczyca/URB_results/grid1k/grid1k_405938_0/SUMO_output/data_processed/new_assignments_10s/exp_132.npy
/scratch/tmp/gorczyca/URB_results/grid1k/grid1k_405938_0,0,133,133,exp_133.npy,exp_133.npy,/scratch/tmp/gorczyca/URB_results/grid1k/grid1k_405938_0/SUMO_output/data_processed/new_flows_10s/exp_133.npy,/scratch/tmp/gorczyca/URB_results/grid1k/grid1k_405938_0/SUMO_output/data_processed/new_assignments_10s/exp_133.npy
/scratch/tmp/gorczyca/URB_results/grid1k/grid1k_405938_0,0,134,134,exp_134.npy,exp_134.npy,/scratch/tmp/gorczyca/URB_results/grid1k/grid1k_405938_0/SUMO_output/data_processed/new_flows_10s/exp_134.npy,/scratch/tmp/gorczyca/URB_results/grid1k/grid1k_405938_0/SUMO_output/data_processed/new_assignments_10s/exp_134.npy
/scratch/tmp/gorczyca/URB_results/grid1k/grid1k_405938_0,0,135,135,exp_135.npy,exp_135.npy,/scratch/tmp/gorczyca/URB_results/grid1k/grid1k_405938_0/SUMO_output/data_processed/new_flows_10s/exp_135.npy,/scratch/tmp/gorczyca/URB_results/grid1k/grid1k_405938_0/SUMO_output/data_processed/new_assignments_10s/exp_135.npy
/scratch/tmp/gorczyca/URB_results/grid1k/grid1k_405938_0,0,136,136,exp_136.npy,exp_136.npy,/scratch/tmp/gorczyca/URB_results/grid1k/grid1k_405938_0/SUMO_output/data_processed/new_flows_10s/exp_136.npy,/scratch/tmp/gorczyca/URB_results/grid1k/grid1k_405938_0/SUMO_output/data_processed/new_assignments_10s/exp_136.npy
/scratch/tmp/gorczyca/URB_results/grid1k/grid1k_405938_0,0,137,137,exp_137.npy,exp_137.npy,/scratch/tmp/gorczyca/URB_results/grid1k/grid1k_405938_0/SUMO_output/data_processed/new_flows_10s/exp_137.npy,/scratch/tmp/gorczyca/URB_results/grid1k/grid1k_405938_0/SUMO_output/data_processed/new_assignments_10s/exp_137.npy
/scratch/tmp/gorczyca/URB_results/grid1k/grid1k_405938_0,0,138,138,exp_138.npy,exp_138.npy,/scratch/tmp/gorczyca/URB_results/grid1k/grid1k_405938_0/SUMO_output/data_processed/new_flows_10s/exp_138.npy,/scratch/tmp/gorczyca/URB_results/grid1k/grid1k_405938_0/SUMO_output/data_processed/new_assignments_10s/exp_138.npy
/scratch/tmp/gorczyca/URB_results/grid1k/grid1k_405938_0,0,139,139,exp_139.npy,exp_139.npy,/scratch/tmp/gorczyca/URB_results/grid1k/grid1k_405938_0/SUMO_output/data_processed/new_flows_10s/exp_139.npy,/scratch/tmp/gorczyca/URB_results/grid1k/grid1k_405938_0/SUMO_output/data_processed/new_assignments_10s/exp_139.npy
/scratch/tmp/gorczyca/URB_results/grid1k/grid1k_405938_0,0,140,140,exp_140.npy,exp_140.npy,/scratch/tmp/gorczyca/URB_results/grid1k/grid1k_405938_0/SUMO_output/data_processed/new_flows_10s/exp_140.npy,/scratch/tmp/gorczyca/URB_results/grid1k/grid1k_405938_0/SUMO_output/data_processed/new_assignments_10s/exp_140.npy
/scratch/tmp/gorczyca/URB_results/grid1k/grid1k_405938_0,0,141,141,exp_141.npy,exp_141.npy,/scratch/tmp/gorczyca/URB_results/grid1k/grid1k_405938_0/SUMO_output/data_processed/new_flows_10s/exp_141.npy,/scratch/tmp/gorczyca/URB_results/grid1k/grid1k_405938_0/SUMO_output/data_processed/new_assignments_10s/exp_141.npy
/scratch/tmp/gorczyca/URB_results/grid1k/grid1k_405938_0,0,142,142,exp_142.npy,exp_142.npy,/scratch/tmp/gorczyca/URB_results/grid1k/grid1k_405938_0/SUMO_output/data_processed/new_flows_10s/exp_142.npy,/scratch/tmp/gorczyca/URB_results/grid1k/grid1k_405938_0/SUMO_output/data_processed/new_assignments_10s/exp_142.npy
/scratch/tmp/gorczyca/URB_results/grid1k/grid1k_405938_0,0,143,143,exp_143.npy,exp_143.npy,/scratch/tmp/gorczyca/URB_results/grid1k/grid1k_405938_0/SUMO_output/data_processed/new_flows_10s/exp_143.npy,/scratch/tmp/gorczyca/URB_results/grid1k/grid1k_405938_0/SUMO_output/data_processed/new_assignments_10s/exp_143.npy
/scratch/tmp/gorczyca/URB_results/grid1k/grid1k_405938_0,0,144,144,exp_144.npy,exp_144.npy,/scratch/tmp/gorczyca/URB_results/grid1k/grid1k_405938_0/SUMO_output/data_processed/new_flows_10s/exp_144.npy,/scratch/tmp/gorczyca/URB_results/grid1k/grid1k_405938_0/SUMO_output/data_processed/new_assignments_10s/exp_144.npy
/scratch/tmp/gorczyca/URB_results/grid1k/grid1k_405938_0,0,145,145,exp_145.npy,exp_145.npy,/scratch/tmp/gorczyca/URB_results/grid1k/grid1k_405938_0/SUMO_output/data_processed/new_flows_10s/exp_145.npy,/scratch/tmp/gorczyca/URB_results/grid1k/grid1k_405938_0/SUMO_output/data_processed/new_assignments_10s/exp_145.npy
/scratch/tmp/gorczyca/URB_results/grid1k/grid1k_405938_0,0,146,146,exp_146.npy,exp_146.npy,/scratch/tmp/gorczyca/URB_results/grid1k/grid1k_405938_0/SUMO_output/data_processed/new_flows_10s/exp_146.npy,/scratch/tmp/gorczyca/URB_results/grid1k/grid1k_405938_0/SUMO_output/data_processed/new_assignments_10s/exp_146.npy
/scratch/tmp/gorczyca/URB_results/grid1k/grid1k_405938_0,0,147,147,exp_147.npy,exp_147.npy,/scratch/tmp/gorczyca/URB_results/grid1k/grid1k_405938_0/SUMO_output/data_processed/new_flows_10s/exp_147.npy,/scratch/tmp/gorczyca/URB_results/grid1k/grid1k_405938_0/SUMO_output/data_processed/new_assignments_10s/exp_147.npy
/scratch/tmp/gorczyca/URB_results/grid1k/grid1k_405938_0,0,148,148,exp_148.npy,exp_148.npy,/scratch/tmp/gorczyca/URB_results/grid1k/grid1k_405938_0/SUMO_output/data_processed/new_flows_10s/exp_148.npy,/scratch/tmp/gorczyca/URB_results/grid1k/grid1k_405938_0/SUMO_output/data_processed/new_assignments_10s/exp_148.npy
/scratch/tmp/gorczyca/URB_results/grid1k/grid1k_405938_0,0,149,149,exp_149.npy,exp_149.npy,/scratch/tmp/gorczyca/URB_results/grid1k/grid1k_405938_0/SUMO_output/data_processed/new_flows_10s/exp_149.npy,/scratch/tmp/gorczyca/URB_results/grid1k/grid1k_405938_0/SUMO_output/data_processed/new_assignments_10s/exp_149.npy
/scratch/tmp/gorczyca/URB_results/grid1k/grid1k_405938_0,0,150,150,exp_150.npy,exp_150.npy,/scratch/tmp/gorczyca/URB_results/grid1k/grid1k_405938_0/SUMO_output/data_processed/new_flows_10s/exp_150.npy,/scratch/tmp/gorczyca/URB_results/grid1k/grid1k_405938_0/SUMO_output/data_processed/new_assignments_10s/exp_150.npy
/scratch/tmp/gorczyca/URB_results/grid1k/grid1k_405938_0,0,151,151,exp_151.npy,exp_151.npy,/scratch/tmp/gorczyca/URB_results/grid1k/grid1k_405938_0/SUMO_output/data_processed/new_flows_10s/exp_151.npy,/scratch/tmp/gorczyca/URB_results/grid1k/grid1k_405938_0/SUMO_output/data_processed/new_assignments_10s/exp_151.npy
/scratch/tmp/gorczyca/URB_results/grid1k/grid1k_405938_0,0,152,152,exp_152.npy,exp_152.npy,/scratch/tmp/gorczyca/URB_results/grid1k/grid1k_405938_0/SUMO_output/data_processed/new_flows_10s/exp_152.npy,/scratch/tmp/gorczyca/URB_results/grid1k/grid1k_405938_0/SUMO_output/data_processed/new_assignments_10s/exp_152.npy
/scratch/tmp/gorczyca/URB_results/grid1k/grid1k_405938_0,0,153,153,exp_153.npy,exp_153.npy,/scratch/tmp/gorczyca/URB_results/grid1k/grid1k_405938_0/SUMO_output/data_processed/new_flows_10s/exp_153.npy,/scratch/tmp/gorczyca/URB_results/grid1k/grid1k_405938_0/SUMO_output/data_processed/new_assignments_10s/exp_153.npy
/scratch/tmp/gorczyca/URB_results/grid1k/grid1k_405938_0,0,154,154,exp_154.npy,exp_154.npy,/scratch/tmp/gorczyca/URB_results/grid1k/grid1k_405938_0/SUMO_output/data_processed/new_flows_10s/exp_154.npy,/scratch/tmp/gorczyca/URB_results/grid1k/grid1k_405938_0/SUMO_output/data_processed/new_assignments_10s/exp_154.npy
/scratch/tmp/gorczyca/URB_results/grid1k/grid1k_405938_0,0,155,155,exp_155.npy,exp_155.npy,/scratch/tmp/gorczyca/URB_results/grid1k/grid1k_405938_0/SUMO_output/data_processed/new_flows_10s/exp_155.npy,/scratch/tmp/gorczyca/URB_results/grid1k/grid1k_405938_0/SUMO_output/data_processed/new_assignments_10s/exp_155.npy
/scratch/tmp/gorczyca/URB_results/grid1k/grid1k_405938_0,0,156,156,exp_156.npy,exp_156.npy,/scratch/tmp/gorczyca/URB_results/grid1k/grid1k_405938_0/SUMO_output/data_processed/new_flows_10s/exp_156.npy,/scratch/tmp/gorczyca/URB_results/grid1k/grid1k_405938_0/SUMO_output/data_processed/new_assignments_10s/exp_156.npy
/scratch/tmp/gorczyca/URB_results/grid1k/grid1k_405938_0,0,157,157,exp_157.npy,exp_157.npy,/scratch/tmp/gorczyca/URB_results/grid1k/grid1k_405938_0/SUMO_output/data_processed/new_flows_10s/exp_157.npy,/scratch/tmp/gorczyca/URB_results/grid1k/grid1k_405938_0/SUMO_output/data_processed/new_assignments_10s/exp_157.npy
/scratch/tmp/gorczyca/URB_results/grid1k/grid1k_405938_0,0,158,158,exp_158.npy,exp_158.npy,/scratch/tmp/gorczyca/URB_results/grid1k/grid1k_405938_0/SUMO_output/data_processed/new_flows_10s/exp_158.npy,/scratch/tmp/gorczyca/URB_results/grid1k/grid1k_405938_0/SUMO_output/data_processed/new_assignments_10s/exp_158.npy
/scratch/tmp/gorczyca/URB_results/grid1k/grid1k_405938_0,0,159,159,exp_159.npy,exp_159.npy,/scratch/tmp/gorczyca/URB_results/grid1k/grid1k_405938_0/SUMO_output/data_processed/new_flows_10s/exp_159.npy,/scratch/tmp/gorczyca/URB_results/grid1k/grid1k_405938_0/SUMO_output/data_processed/new_assignments_10s/exp_159.npy
/scratch/tmp/gorczyca/URB_results/grid1k/grid1k_405938_0,0,160,160,exp_160.npy,exp_160.npy,/scratch/tmp/gorczyca/URB_results/grid1k/grid1k_405938_0/SUMO_output/data_processed/new_flows_10s/exp_160.npy,/scratch/tmp/gorczyca/URB_results/grid1k/grid1k_405938_0/SUMO_output/data_processed/new_assignments_10s/exp_160.npy
/scratch/tmp/gorczyca/URB_results/grid1k/grid1k_405938_0,0,161,161,exp_161.npy,exp_161.npy,/scratch/tmp/gorczyca/URB_results/grid1k/grid1k_405938_0/SUMO_output/data_processed/new_flows_10s/exp_161.npy,/scratch/tmp/gorczyca/URB_results/grid1k/grid1k_405938_0/SUMO_output/data_processed/new_assignments_10s/exp_161.npy
/scratch/tmp/gorczyca/URB_results/grid1k/grid1k_405938_0,0,162,162,exp_162.npy,exp_162.npy,/scratch/tmp/gorczyca/URB_results/grid1k/grid1k_405938_0/SUMO_output/data_processed/new_flows_10s/exp_162.npy,/scratch/tmp/gorczyca/URB_results/grid1k/grid1k_405938_0/SUMO_output/data_processed/new_assignments_10s/exp_162.npy
/scratch/tmp/gorczyca/URB_results/grid1k/grid1k_405938_0,0,163,163,exp_163.npy,exp_163.npy,/scratch/tmp/gorczyca/URB_results/grid1k/grid1k_405938_0/SUMO_output/data_processed/new_flows_10s/exp_163.npy,/scratch/tmp/gorczyca/URB_results/grid1k/grid1k_405938_0/SUMO_output/data_processed/new_assignments_10s/exp_163.npy
/scratch/tmp/gorczyca/URB_results/grid1k/grid1k_405938_0,0,164,164,exp_164.npy,exp_164.npy,/scratch/tmp/gorczyca/URB_results/grid1k/grid1k_405938_0/SUMO_output/data_processed/new_flows_10s/exp_164.npy,/scratch/tmp/gorczyca/URB_results/grid1k/grid1k_405938_0/SUMO_output/data_processed/new_assignments_10s/exp_164.npy
/scratch/tmp/gorczyca/URB_results/grid1k/grid1k_405938_0,0,165,165,exp_165.npy,exp_165.npy,/scratch/tmp/gorczyca/URB_results/grid1k/grid1k_405938_0/SUMO_output/data_processed/new_flows_10s/exp_165.npy,/scratch/tmp/gorczyca/URB_results/grid1k/grid1k_405938_0/SUMO_output/data_processed/new_assignments_10s/exp_165.npy
/scratch/tmp/gorczyca/URB_results/grid1k/grid1k_405938_0,0,166,166,exp_166.npy,exp_166.npy,/scratch/tmp/gorczyca/URB_results/grid1k/grid1k_405938_0/SUMO_output/data_processed/new_flows_10s/exp_166.npy,/scratch/tmp/gorczyca/URB_results/grid1k/grid1k_405938_0/SUMO_output/data_processed/new_assignments_10s/exp_166.npy
/scratch/tmp/gorczyca/URB_results/grid1k/grid1k_405938_0,0,167,167,exp_167.npy,exp_167.npy,/scratch/tmp/gorczyca/URB_results/grid1k/grid1k_405938_0/SUMO_output/data_processed/new_flows_10s/exp_167.npy,/scratch/tmp/gorczyca/URB_results/grid1k/grid1k_405938_0/SUMO_output/data_processed/new_assignments_10s/exp_167.npy
/scratch/tmp/gorczyca/URB_results/grid1k/grid1k_405938_0,0,168,168,exp_168.npy,exp_168.npy,/scratch/tmp/gorczyca/URB_results/grid1k/grid1k_405938_0/SUMO_output/data_processed/new_flows_10s/exp_168.npy,/scratch/tmp/gorczyca/URB_results/grid1k/grid1k_405938_0/SUMO_output/data_processed/new_assignments_10s/exp_168.npy
/scratch/tmp/gorczyca/URB_results/grid1k/grid1k_405938_0,0,169,169,exp_169.npy,exp_169.npy,/scratch/tmp/gorczyca/URB_results/grid1k/grid1k_405938_0/SUMO_output/data_processed/new_flows_10s/exp_169.npy,/scratch/tmp/gorczyca/URB_results/grid1k/grid1k_405938_0/SUMO_output/data_processed/new_assignments_10s/exp_169.npy
/scratch/tmp/gorczyca/URB_results/grid1k/grid1k_405938_0,0,170,170,exp_170.npy,exp_170.npy,/scratch/tmp/gorczyca/URB_results/grid1k/grid1k_405938_0/SUMO_output/data_processed/new_flows_10s/exp_170.npy,/scratch/tmp/gorczyca/URB_results/grid1k/grid1k_405938_0/SUMO_output/data_processed/new_assignments_10s/exp_170.npy
/scratch/tmp/gorczyca/URB_results/grid1k/grid1k_405938_0,0,171,171,exp_171.npy,exp_171.npy,/scratch/tmp/gorczyca/URB_results/grid1k/grid1k_405938_0/SUMO_output/data_processed/new_flows_10s/exp_171.npy,/scratch/tmp/gorczyca/URB_results/grid1k/grid1k_405938_0/SUMO_output/data_processed/new_assignments_10s/exp_171.npy
/scratch/tmp/gorczyca/URB_results/grid1k/grid1k_405938_0,0,172,172,exp_172.npy,exp_172.npy,/scratch/tmp/gorczyca/URB_results/grid1k/grid1k_405938_0/SUMO_output/data_processed/new_flows_10s/exp_172.npy,/scratch/tmp/gorczyca/URB_results/grid1k/grid1k_405938_0/SUMO_output/data_processed/new_assignments_10s/exp_172.npy
/scratch/tmp/gorczyca/URB_results/grid1k/grid1k_405938_0,0,173,173,exp_173.npy,exp_173.npy,/scratch/tmp/gorczyca/URB_results/grid1k/grid1k_405938_0/SUMO_output/data_processed/new_flows_10s/exp_173.npy,/scratch/tmp/gorczyca/URB_results/grid1k/grid1k_405938_0/SUMO_output/data_processed/new_assignments_10s/exp_173.npy
/scratch/tmp/gorczyca/URB_results/grid1k/grid1k_405938_0,0,174,174,exp_174.npy,exp_174.npy,/scratch/tmp/gorczyca/URB_results/grid1k/grid1k_405938_0/SUMO_output/data_processed/new_flows_10s/exp_174.npy,/scratch/tmp/gorczyca/URB_results/grid1k/grid1k_405938_0/SUMO_output/data_processed/new_assignments_10s/exp_174.npy
/scratch/tmp/gorczyca/URB_results/grid1k/grid1k_405938_0,0,175,175,exp_175.npy,exp_175.npy,/scratch/tmp/gorczyca/URB_results/grid1k/grid1k_405938_0/SUMO_output/data_processed/new_flows_10s/exp_175.npy,/scratch/tmp/gorczyca/URB_results/grid1k/grid1k_405938_0/SUMO_output/data_processed/new_assignments_10s/exp_175.npy
/scratch/tmp/gorczyca/URB_results/grid1k/grid1k_405938_0,0,176,176,exp_176.npy,exp_176.npy,/scratch/tmp/gorczyca/URB_results/grid1k/grid1k_405938_0/SUMO_output/data_processed/new_flows_10s/exp_176.npy,/scratch/tmp/gorczyca/URB_results/grid1k/grid1k_405938_0/SUMO_output/data_processed/new_assignments_10s/exp_176.npy
/scratch/tmp/gorczyca/URB_results/grid1k/grid1k_405938_0,0,177,177,exp_177.npy,exp_177.npy,/scratch/tmp/gorczyca/URB_results/grid1k/grid1k_405938_0/SUMO_output/data_processed/new_flows_10s/exp_177.npy,/scratch/tmp/gorczyca/URB_results/grid1k/grid1k_405938_0/SUMO_output/data_processed/new_assignments_10s/exp_177.npy
/scratch/tmp/gorczyca/URB_results/grid1k/grid1k_405938_0,0,178,178,exp_178.npy,exp_178.npy,/scratch/tmp/gorczyca/URB_results/grid1k/grid1k_405938_0/SUMO_output/data_processed/new_flows_10s/exp_178.npy,/scratch/tmp/gorczyca/URB_results/grid1k/grid1k_405938_0/SUMO_output/data_processed/new_assignments_10s/exp_178.npy
/scratch/tmp/gorczyca/URB_results/grid1k/grid1k_405938_0,0,179,179,exp_179.npy,exp_179.npy,/scratch/tmp/gorczyca/URB_results/grid1k/grid1k_405938_0/SUMO_output/data_processed/new_flows_10s/exp_179.npy,/scratch/tmp/gorczyca/URB_results/grid1k/grid1k_405938_0/SUMO_output/data_processed/new_assignments_10s/exp_179.npy
/scratch/tmp/gorczyca/URB_results/grid1k/grid1k_405938_0,0,180,180,exp_180.npy,exp_180.npy,/scratch/tmp/gorczyca/URB_results/grid1k/grid1k_405938_0/SUMO_output/data_processed/new_flows_10s/exp_180.npy,/scratch/tmp/gorczyca/URB_results/grid1k/grid1k_405938_0/SUMO_output/data_processed/new_assignments_10s/exp_180.npy
/scratch/tmp/gorczyca/URB_results/grid1k/grid1k_405938_0,0,181,181,exp_181.npy,exp_181.npy,/scratch/tmp/gorczyca/URB_results/grid1k/grid1k_405938_0/SUMO_output/data_processed/new_flows_10s/exp_181.npy,/scratch/tmp/gorczyca/URB_results/grid1k/grid1k_405938_0/SUMO_output/data_processed/new_assignments_10s/exp_181.npy
/scratch/tmp/gorczyca/URB_results/grid1k/grid1k_405938_0,0,182,182,exp_182.npy,exp_182.npy,/scratch/tmp/gorczyca/URB_results/grid1k/grid1k_405938_0/SUMO_output/data_processed/new_flows_10s/exp_182.npy,/scratch/tmp/gorczyca/URB_results/grid1k/grid1k_405938_0/SUMO_output/data_processed/new_assignments_10s/exp_182.npy
/scratch/tmp/gorczyca/URB_results/grid1k/grid1k_405938_0,0,183,183,exp_183.npy,exp_183.npy,/scratch/tmp/gorczyca/URB_results/grid1k/grid1k_405938_0/SUMO_output/data_processed/new_flows_10s/exp_183.npy,/scratch/tmp/gorczyca/URB_results/grid1k/grid1k_405938_0/SUMO_output/data_processed/new_assignments_10s/exp_183.npy
/scratch/tmp/gorczyca/URB_results/grid1k/grid1k_405938_0,0,184,184,exp_184.npy,exp_184.npy,/scratch/tmp/gorczyca/URB_results/grid1k/grid1k_405938_0/SUMO_output/data_processed/new_flows_10s/exp_184.npy,/scratch/tmp/gorczyca/URB_results/grid1k/grid1k_405938_0/SUMO_output/data_processed/new_assignments_10s/exp_184.npy
/scratch/tmp/gorczyca/URB_results/grid1k/grid1k_405938_1,1,0,185,exp_0.npy,exp_185.npy,/scratch/tmp/gorczyca/URB_results/grid1k/grid1k_405938_1/SUMO_output/data_processed/new_flows_10s/exp_0.npy,/scratch/tmp/gorczyca/URB_results/grid1k/grid1k_405938_1/SUMO_output/data_processed/new_assignments_10s/exp_0.npy
/scratch/tmp/gorczyca/URB_results/grid1k/grid1k_405938_1,1,1,186,exp_1.npy,exp_186.npy,/scratch/tmp/gorczyca/URB_results/grid1k/grid1k_405938_1/SUMO_output/data_processed/new_flows_10s/exp_1.npy,/scratch/tmp/gorczyca/URB_results/grid1k/grid1k_405938_1/SUMO_output/data_processed/new_assignments_10s/exp_1.npy
/scratch/tmp/gorczyca/URB_results/grid1k/grid1k_405938_1,1,2,187,exp_2.npy,exp_187.npy,/scratch/tmp/gorczyca/URB_results/grid1k/grid1k_405938_1/SUMO_output/data_processed/new_flows_10s/exp_2.npy,/scratch/tmp/gorczyca/URB_results/grid1k/grid1k_405938_1/SUMO_output/data_processed/new_assignments_10s/exp_2.npy
/scratch/tmp/gorczyca/URB_results/grid1k/grid1k_405938_1,1,3,188,exp_3.npy,exp_188.npy,/scratch/tmp/gorczyca/URB_results/grid1k/grid1k_405938_1/SUMO_output/data_processed/new_flows_10s/exp_3.npy,/scratch/tmp/gorczyca/URB_results/grid1k/grid1k_405938_1/SUMO_output/data_processed/new_assignments_10s/exp_3.npy
/scratch/tmp/gorczyca/URB_results/grid1k/grid1k_405938_1,1,4,189,exp_4.npy,exp_189.npy,/scratch/tmp/gorczyca/URB_results/grid1k/grid1k_405938_1/SUMO_output/data_processed/new_flows_10s/exp_4.npy,/scratch/tmp/gorczyca/URB_results/grid1k/grid1k_405938_1/SUMO_output/data_processed/new_assignments_10s/exp_4.npy
/scratch/tmp/gorczyca/URB_results/grid1k/grid1k_405938_1,1,5,190,exp_5.npy,exp_190.npy,/scratch/tmp/gorczyca/URB_results/grid1k/grid1k_405938_1/SUMO_output/data_processed/new_flows_10s/exp_5.npy,/scratch/tmp/gorczyca/URB_results/grid1k/grid1k_405938_1/SUMO_output/data_processed/new_assignments_10s/exp_5.npy
/scratch/tmp/gorczyca/URB_results/grid1k/grid1k_405938_1,1,6,191,exp_6.npy,exp_191.npy,/scratch/tmp/gorczyca/URB_results/grid1k/grid1k_405938_1/SUMO_output/data_processed/new_flows_10s/exp_6.npy,/scratch/tmp/gorczyca/URB_results/grid1k/grid1k_405938_1/SUMO_output/data_processed/new_assignments_10s/exp_6.npy
/scratch/tmp/gorczyca/URB_results/grid1k/grid1k_405938_1,1,7,192,exp_7.npy,exp_192.npy,/scratch/tmp/gorczyca/URB_results/grid1k/grid1k_405938_1/SUMO_output/data_processed/new_flows_10s/exp_7.npy,/scratch/tmp/gorczyca/URB_results/grid1k/grid1k_405938_1/SUMO_output/data_processed/new_assignments_10s/exp_7.npy
/scratch/tmp/gorczyca/URB_results/grid1k/grid1k_405938_1,1,8,193,exp_8.npy,exp_193.npy,/scratch/tmp/gorczyca/URB_results/grid1k/grid1k_405938_1/SUMO_output/data_processed/new_flows_10s/exp_8.npy,/scratch/tmp/gorczyca/URB_results/grid1k/grid1k_405938_1/SUMO_output/data_processed/new_assignments_10s/exp_8.npy
/scratch/tmp/gorczyca/URB_results/grid1k/grid1k_405938_1,1,9,194,exp_9.npy,exp_194.npy,/scratch/tmp/gorczyca/URB_results/grid1k/grid1k_405938_1/SUMO_output/data_processed/new_flows_10s/exp_9.npy,/scratch/tmp/gorczyca/URB_results/grid1k/grid1k_405938_1/SUMO_output/data_processed/new_assignments_10s/exp_9.npy
/scratch/tmp/gorczyca/URB_results/grid1k/grid1k_405938_1,1,10,195,exp_10.npy,exp_195.npy,/scratch/tmp/gorczyca/URB_results/grid1k/grid1k_405938_1/SUMO_output/data_processed/new_flows_10s/exp_10.npy,/scratch/tmp/gorczyca/URB_results/grid1k/grid1k_405938_1/SUMO_output/data_processed/new_assignments_10s/exp_10.npy
/scratch/tmp/gorczyca/URB_results/grid1k/grid1k_405938_1,1,11,196,exp_11.npy,exp_196.npy,/scratch/tmp/gorczyca/URB_results/grid1k/grid1k_405938_1/SUMO_output/data_processed/new_flows_10s/exp_11.npy,/scratch/tmp/gorczyca/URB_results/grid1k/grid1k_405938_1/SUMO_output/data_processed/new_assignments_10s/exp_11.npy
/scratch/tmp/gorczyca/URB_results/grid1k/grid1k_405938_1,1,12,197,exp_12.npy,exp_197.npy,/scratch/tmp/gorczyca/URB_results/grid1k/grid1k_405938_1/SUMO_output/data_processed/new_flows_10s/exp_12.npy,/scratch/tmp/gorczyca/URB_results/grid1k/grid1k_405938_1/SUMO_output/data_processed/new_assignments_10s/exp_12.npy
/scratch/tmp/gorczyca/URB_results/grid1k/grid1k_405938_1,1,13,198,exp_13.npy,exp_198.npy,/scratch/tmp/gorczyca/URB_results/grid1k/grid1k_405938_1/SUMO_output/data_processed/new_flows_10s/exp_13.npy,/scratch/tmp/gorczyca/URB_results/grid1k/grid1k_405938_1/SUMO_output/data_processed/new_assignments_10s/exp_13.npy
/scratch/tmp/gorczyca/URB_results/grid1k/grid1k_405938_1,1,14,199,exp_14.npy,exp_199.npy,/scratch/tmp/gorczyca/URB_results/grid1k/grid1k_405938_1/SUMO_output/data_processed/new_flows_10s/exp_14.npy,/scratch/tmp/gorczyca/URB_results/grid1k/grid1k_405938_1/SUMO_output/data_processed/new_assignments_10s/exp_14.npy
/scratch/tmp/gorczyca/URB_results/grid1k/grid1k_405938_1,1,15,200,exp_15.npy,exp_200.npy,/scratch/tmp/gorczyca/URB_results/grid1k/grid1k_405938_1/SUMO_output/data_processed/new_flows_10s/exp_15.npy,/scratch/tmp/gorczyca/URB_results/grid1k/grid1k_405938_1/SUMO_output/data_processed/new_assignments_10s/exp_15.npy
/scratch/tmp/gorczyca/URB_results/grid1k/grid1k_405938_1,1,16,201,exp_16.npy,exp_201.npy,/scratch/tmp/gorczyca/URB_results/grid1k/grid1k_405938_1/SUMO_output/data_processed/new_flows_10s/exp_16.npy,/scratch/tmp/gorczyca/URB_results/grid1k/grid1k_405938_1/SUMO_output/data_processed/new_assignments_10s/exp_16.npy
/scratch/tmp/gorczyca/URB_results/grid1k/grid1k_405938_1,1,17,202,exp_17.npy,exp_202.npy,/scratch/tmp/gorczyca/URB_results/grid1k/grid1k_405938_1/SUMO_output/data_processed/new_flows_10s/exp_17.npy,/scratch/tmp/gorczyca/URB_results/grid1k/grid1k_405938_1/SUMO_output/data_processed/new_assignments_10s/exp_17.npy
/scratch/tmp/gorczyca/URB_results/grid1k/grid1k_405938_1,1,18,203,exp_18.npy,exp_203.npy,/scratch/tmp/gorczyca/URB_results/grid1k/grid1k_405938_1/SUMO_output/data_processed/new_flows_10s/exp_18.npy,/scratch/tmp/gorczyca/URB_results/grid1k/grid1k_405938_1/SUMO_output/data_processed/new_assignments_10s/exp_18.npy
/scratch/tmp/gorczyca/URB_results/grid1k/grid1k_405938_1,1,19,204,exp_19.npy,exp_204.npy,/scratch/tmp/gorczyca/URB_results/grid1k/grid1k_405938_1/SUMO_output/data_processed/new_flows_10s/exp_19.npy,/scratch/tmp/gorczyca/URB_results/grid1k/grid1k_405938_1/SUMO_output/data_processed/new_assignments_10s/exp_19.npy
/scratch/tmp/gorczyca/URB_results/grid1k/grid1k_405938_1,1,20,205,exp_20.npy,exp_205.npy,/scratch/tmp/gorczyca/URB_results/grid1k/grid1k_405938_1/SUMO_output/data_processed/new_flows_10s/exp_20.npy,/scratch/tmp/gorczyca/URB_results/grid1k/grid1k_405938_1/SUMO_output/data_processed/new_assignments_10s/exp_20.npy
/scratch/tmp/gorczyca/URB_results/grid1k/grid1k_405938_1,1,21,206,exp_21.npy,exp_206.npy,/scratch/tmp/gorczyca/URB_results/grid1k/grid1k_405938_1/SUMO_output/data_processed/new_flows_10s/exp_21.npy,/scratch/tmp/gorczyca/URB_results/grid1k/grid1k_405938_1/SUMO_output/data_processed/new_assignments_10s/exp_21.npy
/scratch/tmp/gorczyca/URB_results/grid1k/grid1k_405938_1,1,22,207,exp_22.npy,exp_207.npy,/scratch/tmp/gorczyca/URB_results/grid1k/grid1k_405938_1/SUMO_output/data_processed/new_flows_10s/exp_22.npy,/scratch/tmp/gorczyca/URB_results/grid1k/grid1k_405938_1/SUMO_output/data_processed/new_assignments_10s/exp_22.npy
/scratch/tmp/gorczyca/URB_results/grid1k/grid1k_405938_1,1,23,208,exp_23.npy,exp_208.npy,/scratch/tmp/gorczyca/URB_results/grid1k/grid1k_405938_1/SUMO_output/data_processed/new_flows_10s/exp_23.npy,/scratch/tmp/gorczyca/URB_results/grid1k/grid1k_405938_1/SUMO_output/data_processed/new_assignments_10s/exp_23.npy
/scratch/tmp/gorczyca/URB_results/grid1k/grid1k_405938_1,1,24,209,exp_24.npy,exp_209.npy,/scratch/tmp/gorczyca/URB_results/grid1k/grid1k_405938_1/SUMO_output/data_processed/new_flows_10s/exp_24.npy,/scratch/tmp/gorczyca/URB_results/grid1k/grid1k_405938_1/SUMO_output/data_processed/new_assignments_10s/exp_24.npy
/scratch/tmp/gorczyca/URB_results/grid1k/grid1k_405938_1,1,25,210,exp_25.npy,exp_210.npy,/scratch/tmp/gorczyca/URB_results/grid1k/grid1k_405938_1/SUMO_output/data_processed/new_flows_10s/exp_25.npy,/scratch/tmp/gorczyca/URB_results/grid1k/grid1k_405938_1/SUMO_output/data_processed/new_assignments_10s/exp_25.npy
/scratch/tmp/gorczyca/URB_results/grid1k/grid1k_405938_1,1,26,211,exp_26.npy,exp_211.npy,/scratch/tmp/gorczyca/URB_results/grid1k/grid1k_405938_1/SUMO_output/data_processed/new_flows_10s/exp_26.npy,/scratch/tmp/gorczyca/URB_results/grid1k/grid1k_405938_1/SUMO_output/data_processed/new_assignments_10s/exp_26.npy
/scratch/tmp/gorczyca/URB_results/grid1k/grid1k_405938_1,1,27,212,exp_27.npy,exp_212.npy,/scratch/tmp/gorczyca/URB_results/grid1k/grid1k_405938_1/SUMO_output/data_processed/new_flows_10s/exp_27.npy,/scratch/tmp/gorczyca/URB_results/grid1k/grid1k_405938_1/SUMO_output/data_processed/new_assignments_10s/exp_27.npy
/scratch/tmp/gorczyca/URB_results/grid1k/grid1k_405938_1,1,28,213,exp_28.npy,exp_213.npy,/scratch/tmp/gorczyca/URB_results/grid1k/grid1k_405938_1/SUMO_output/data_processed/new_flows_10s/exp_28.npy,/scratch/tmp/gorczyca/URB_results/grid1k/grid1k_405938_1/SUMO_output/data_processed/new_assignments_10s/exp_28.npy
/scratch/tmp/gorczyca/URB_results/grid1k/grid1k_405938_1,1,29,214,exp_29.npy,exp_214.npy,/scratch/tmp/gorczyca/URB_results/grid1k/grid1k_405938_1/SUMO_output/data_processed/new_flows_10s/exp_29.npy,/scratch/tmp/gorczyca/URB_results/grid1k/grid1k_405938_1/SUMO_output/data_processed/new_assignments_10s/exp_29.npy
/scratch/tmp/gorczyca/URB_results/grid1k/grid1k_405938_1,1,30,215,exp_30.npy,exp_215.npy,/scratch/tmp/gorczyca/URB_results/grid1k/grid1k_405938_1/SUMO_output/data_processed/new_flows_10s/exp_30.npy,/scratch/tmp/gorczyca/URB_results/grid1k/grid1k_405938_1/SUMO_output/data_processed/new_assignments_10s/exp_30.npy
/scratch/tmp/gorczyca/URB_results/grid1k/grid1k_405938_1,1,31,216,exp_31.npy,exp_216.npy,/scratch/tmp/gorczyca/URB_results/grid1k/grid1k_405938_1/SUMO_output/data_processed/new_flows_10s/exp_31.npy,/scratch/tmp/gorczyca/URB_results/grid1k/grid1k_405938_1/SUMO_output/data_processed/new_assignments_10s/exp_31.npy
/scratch/tmp/gorczyca/URB_results/grid1k/grid1k_405938_1,1,32,217,exp_32.npy,exp_217.npy,/scratch/tmp/gorczyca/URB_results/grid1k/grid1k_405938_1/SUMO_output/data_processed/new_flows_10s/exp_32.npy,/scratch/tmp/gorczyca/URB_results/grid1k/grid1k_405938_1/SUMO_output/data_processed/new_assignments_10s/exp_32.npy
/scratch/tmp/gorczyca/URB_results/grid1k/grid1k_405938_1,1,33,218,exp_33.npy,exp_218.npy,/scratch/tmp/gorczyca/URB_results/grid1k/grid1k_405938_1/SUMO_output/data_processed/new_flows_10s/exp_33.npy,/scratch/tmp/gorczyca/URB_results/grid1k/grid1k_405938_1/SUMO_output/data_processed/new_assignments_10s/exp_33.npy
/scratch/tmp/gorczyca/URB_results/grid1k/grid1k_405938_1,1,34,219,exp_34.npy,exp_219.npy,/scratch/tmp/gorczyca/URB_results/grid1k/grid1k_405938_1/SUMO_output/data_processed/new_flows_10s/exp_34.npy,/scratch/tmp/gorczyca/URB_results/grid1k/grid1k_405938_1/SUMO_output/data_processed/new_assignments_10s/exp_34.npy
/scratch/tmp/gorczyca/URB_results/grid1k/grid1k_405938_1,1,35,220,exp_35.npy,exp_220.npy,/scratch/tmp/gorczyca/URB_results/grid1k/grid1k_405938_1/SUMO_output/data_processed/new_flows_10s/exp_35.npy,/scratch/tmp/gorczyca/URB_results/grid1k/grid1k_405938_1/SUMO_output/data_processed/new_assignments_10s/exp_35.npy
/scratch/tmp/gorczyca/URB_results/grid1k/grid1k_405938_1,1,36,221,exp_36.npy,exp_221.npy,/scratch/tmp/gorczyca/URB_results/grid1k/grid1k_405938_1/SUMO_output/data_processed/new_flows_10s/exp_36.npy,/scratch/tmp/gorczyca/URB_results/grid1k/grid1k_405938_1/SUMO_output/data_processed/new_assignments_10s/exp_36.npy
/scratch/tmp/gorczyca/URB_results/grid1k/grid1k_405938_1,1,37,222,exp_37.npy,exp_222.npy,/scratch/tmp/gorczyca/URB_results/grid1k/grid1k_405938_1/SUMO_output/data_processed/new_flows_10s/exp_37.npy,/scratch/tmp/gorczyca/URB_results/grid1k/grid1k_405938_1/SUMO_output/data_processed/new_assignments_10s/exp_37.npy
/scratch/tmp/gorczyca/URB_results/grid1k/grid1k_405938_1,1,38,223,exp_38.npy,exp_223.npy,/scratch/tmp/gorczyca/URB_results/grid1k/grid1k_405938_1/SUMO_output/data_processed/new_flows_10s/exp_38.npy,/scratch/tmp/gorczyca/URB_results/grid1k/grid1k_405938_1/SUMO_output/data_processed/new_assignments_10s/exp_38.npy
/scratch/tmp/gorczyca/URB_results/grid1k/grid1k_405938_1,1,39,224,exp_39.npy,exp_224.npy,/scratch/tmp/gorczyca/URB_results/grid1k/grid1k_405938_1/SUMO_output/data_processed/new_flows_10s/exp_39.npy,/scratch/tmp/gorczyca/URB_results/grid1k/grid1k_405938_1/SUMO_output/data_processed/new_assignments_10s/exp_39.npy
/scratch/tmp/gorczyca/URB_results/grid1k/grid1k_405938_1,1,40,225,exp_40.npy,exp_225.npy,/scratch/tmp/gorczyca/URB_results/grid1k/grid1k_405938_1/SUMO_output/data_processed/new_flows_10s/exp_40.npy,/scratch/tmp/gorczyca/URB_results/grid1k/grid1k_405938_1/SUMO_output/data_processed/new_assignments_10s/exp_40.npy
/scratch/tmp/gorczyca/URB_results/grid1k/grid1k_405938_1,1,41,226,exp_41.npy,exp_226.npy,/scratch/tmp/gorczyca/URB_results/grid1k/grid1k_405938_1/SUMO_output/data_processed/new_flows_10s/exp_41.npy,/scratch/tmp/gorczyca/URB_results/grid1k/grid1k_405938_1/SUMO_output/data_processed/new_assignments_10s/exp_41.npy
/scratch/tmp/gorczyca/URB_results/grid1k/grid1k_405938_1,1,42,227,exp_42.npy,exp_227.npy,/scratch/tmp/gorczyca/URB_results/grid1k/grid1k_405938_1/SUMO_output/data_processed/new_flows_10s/exp_42.npy,/scratch/tmp/gorczyca/URB_results/grid1k/grid1k_405938_1/SUMO_output/data_processed/new_assignments_10s/exp_42.npy
/scratch/tmp/gorczyca/URB_results/grid1k/grid1k_405938_1,1,43,228,exp_43.npy,exp_228.npy,/scratch/tmp/gorczyca/URB_results/grid1k/grid1k_405938_1/SUMO_output/data_processed/new_flows_10s/exp_43.npy,/scratch/tmp/gorczyca/URB_results/grid1k/grid1k_405938_1/SUMO_output/data_processed/new_assignments_10s/exp_43.npy
/scratch/tmp/gorczyca/URB_results/grid1k/grid1k_405938_1,1,44,229,exp_44.npy,exp_229.npy,/scratch/tmp/gorczyca/URB_results/grid1k/grid1k_405938_1/SUMO_output/data_processed/new_flows_10s/exp_44.npy,/scratch/tmp/gorczyca/URB_results/grid1k/grid1k_405938_1/SUMO_output/data_processed/new_assignments_10s/exp_44.npy
/scratch/tmp/gorczyca/URB_results/grid1k/grid1k_405938_1,1,45,230,exp_45.npy,exp_230.npy,/scratch/tmp/gorczyca/URB_results/grid1k/grid1k_405938_1/SUMO_output/data_processed/new_flows_10s/exp_45.npy,/scratch/tmp/gorczyca/URB_results/grid1k/grid1k_405938_1/SUMO_output/data_processed/new_assignments_10s/exp_45.npy
/scratch/tmp/gorczyca/URB_results/grid1k/grid1k_405938_1,1,46,231,exp_46.npy,exp_231.npy,/scratch/tmp/gorczyca/URB_results/grid1k/grid1k_405938_1/SUMO_output/data_processed/new_flows_10s/exp_46.npy,/scratch/tmp/gorczyca/URB_results/grid1k/grid1k_405938_1/SUMO_output/data_processed/new_assignments_10s/exp_46.npy
/scratch/tmp/gorczyca/URB_results/grid1k/grid1k_405938_1,1,47,232,exp_47.npy,exp_232.npy,/scratch/tmp/gorczyca/URB_results/grid1k/grid1k_405938_1/SUMO_output/data_processed/new_flows_10s/exp_47.npy,/scratch/tmp/gorczyca/URB_results/grid1k/grid1k_405938_1/SUMO_output/data_processed/new_assignments_10s/exp_47.npy
/scratch/tmp/gorczyca/URB_results/grid1k/grid1k_405938_1,1,48,233,exp_48.npy,exp_233.npy,/scratch/tmp/gorczyca/URB_results/grid1k/grid1k_405938_1/SUMO_output/data_processed/new_flows_10s/exp_48.npy,/scratch/tmp/gorczyca/URB_results/grid1k/grid1k_405938_1/SUMO_output/data_processed/new_assignments_10s/exp_48.npy
/scratch/tmp/gorczyca/URB_results/grid1k/grid1k_405938_1,1,49,234,exp_49.npy,exp_234.npy,/scratch/tmp/gorczyca/URB_results/grid1k/grid1k_405938_1/SUMO_output/data_processed/new_flows_10s/exp_49.npy,/scratch/tmp/gorczyca/URB_results/grid1k/grid1k_405938_1/SUMO_output/data_processed/new_assignments_10s/exp_49.npy
/scratch/tmp/gorczyca/URB_results/grid1k/grid1k_405938_1,1,50,235,exp_50.npy,exp_235.npy,/scratch/tmp/gorczyca/URB_results/grid1k/grid1k_405938_1/SUMO_output/data_processed/new_flows_10s/exp_50.npy,/scratch/tmp/gorczyca/URB_results/grid1k/grid1k_405938_1/SUMO_output/data_processed/new_assignments_10s/exp_50.npy
/scratch/tmp/gorczyca/URB_results/grid1k/grid1k_405938_1,1,51,236,exp_51.npy,exp_236.npy,/scratch/tmp/gorczyca/URB_results/grid1k/grid1k_405938_1/SUMO_output/data_processed/new_flows_10s/exp_51.npy,/scratch/tmp/gorczyca/URB_results/grid1k/grid1k_405938_1/SUMO_output/data_processed/new_assignments_10s/exp_51.npy
/scratch/tmp/gorczyca/URB_results/grid1k/grid1k_405938_1,1,52,237,exp_52.npy,exp_237.npy,/scratch/tmp/gorczyca/URB_results/grid1k/grid1k_405938_1/SUMO_output/data_processed/new_flows_10s/exp_52.npy,/scratch/tmp/gorczyca/URB_results/grid1k/grid1k_405938_1/SUMO_output/data_processed/new_assignments_10s/exp_52.npy
/scratch/tmp/gorczyca/URB_results/grid1k/grid1k_405938_1,1,53,238,exp_53.npy,exp_238.npy,/scratch/tmp/gorczyca/URB_results/grid1k/grid1k_405938_1/SUMO_output/data_processed/new_flows_10s/exp_53.npy,/scratch/tmp/gorczyca/URB_results/grid1k/grid1k_405938_1/SUMO_output/data_processed/new_assignments_10s/exp_53.npy
/scratch/tmp/gorczyca/URB_results/grid1k/grid1k_405938_1,1,54,239,exp_54.npy,exp_239.npy,/scratch/tmp/gorczyca/URB_results/grid1k/grid1k_405938_1/SUMO_output/data_processed/new_flows_10s/exp_54.npy,/scratch/tmp/gorczyca/URB_results/grid1k/grid1k_405938_1/SUMO_output/data_processed/new_assignments_10s/exp_54.npy
/scratch/tmp/gorczyca/URB_results/grid1k/grid1k_405938_1,1,55,240,exp_55.npy,exp_240.npy,/scratch/tmp/gorczyca/URB_results/grid1k/grid1k_405938_1/SUMO_output/data_processed/new_flows_10s/exp_55.npy,/scratch/tmp/gorczyca/URB_results/grid1k/grid1k_405938_1/SUMO_output/data_processed/new_assignments_10s/exp_55.npy
/scratch/tmp/gorczyca/URB_results/grid1k/grid1k_405938_1,1,56,241,exp_56.npy,exp_241.npy,/scratch/tmp/gorczyca/URB_results/grid1k/grid1k_405938_1/SUMO_output/data_processed/new_flows_10s/exp_56.npy,/scratch/tmp/gorczyca/URB_results/grid1k/grid1k_405938_1/SUMO_output/data_processed/new_assignments_10s/exp_56.npy
/scratch/tmp/gorczyca/URB_results/grid1k/grid1k_405938_1,1,57,242,exp_57.npy,exp_242.npy,/scratch/tmp/gorczyca/URB_results/grid1k/grid1k_405938_1/SUMO_output/data_processed/new_flows_10s/exp_57.npy,/scratch/tmp/gorczyca/URB_results/grid1k/grid1k_405938_1/SUMO_output/data_processed/new_assignments_10s/exp_57.npy
/scratch/tmp/gorczyca/URB_results/grid1k/grid1k_405938_1,1,58,243,exp_58.npy,exp_243.npy,/scratch/tmp/gorczyca/URB_results/grid1k/grid1k_405938_1/SUMO_output/data_processed/new_flows_10s/exp_58.npy,/scratch/tmp/gorczyca/URB_results/grid1k/grid1k_405938_1/SUMO_output/data_processed/new_assignments_10s/exp_58.npy
/scratch/tmp/gorczyca/URB_results/grid1k/grid1k_405938_1,1,59,244,exp_59.npy,exp_244.npy,/scratch/tmp/gorczyca/URB_results/grid1k/grid1k_405938_1/SUMO_output/data_processed/new_flows_10s/exp_59.npy,/scratch/tmp/gorczyca/URB_results/grid1k/grid1k_405938_1/SUMO_output/data_processed/new_assignments_10s/exp_59.npy
/scratch/tmp/gorczyca/URB_results/grid1k/grid1k_405938_1,1,60,245,exp_60.npy,exp_245.npy,/scratch/tmp/gorczyca/URB_results/grid1k/grid1k_405938_1/SUMO_output/data_processed/new_flows_10s/exp_60.npy,/scratch/tmp/gorczyca/URB_results/grid1k/grid1k_405938_1/SUMO_output/data_processed/new_assignments_10s/exp_60.npy
/scratch/tmp/gorczyca/URB_results/grid1k/grid1k_405938_1,1,61,246,exp_61.npy,exp_246.npy,/scratch/tmp/gorczyca/URB_results/grid1k/grid1k_405938_1/SUMO_output/data_processed/new_flows_10s/exp_61.npy,/scratch/tmp/gorczyca/URB_results/grid1k/grid1k_405938_1/SUMO_output/data_processed/new_assignments_10s/exp_61.npy
/scratch/tmp/gorczyca/URB_results/grid1k/grid1k_405938_1,1,62,247,exp_62.npy,exp_247.npy,/scratch/tmp/gorczyca/URB_results/grid1k/grid1k_405938_1/SUMO_output/data_processed/new_flows_10s/exp_62.npy,/scratch/tmp/gorczyca/URB_results/grid1k/grid1k_405938_1/SUMO_output/data_processed/new_assignments_10s/exp_62.npy
/scratch/tmp/gorczyca/URB_results/grid1k/grid1k_405938_1,1,63,248,exp_63.npy,exp_248.npy,/scratch/tmp/gorczyca/URB_results/grid1k/grid1k_405938_1/SUMO_output/data_processed/new_flows_10s/exp_63.npy,/scratch/tmp/gorczyca/URB_results/grid1k/grid1k_405938_1/SUMO_output/data_processed/new_assignments_10s/exp_63.npy
/scratch/tmp/gorczyca/URB_results/grid1k/grid1k_405938_1,1,64,249,exp_64.npy,exp_249.npy,/scratch/tmp/gorczyca/URB_results/grid1k/grid1k_405938_1/SUMO_output/data_processed/new_flows_10s/exp_64.npy,/scratch/tmp/gorczyca/URB_results/grid1k/grid1k_405938_1/SUMO_output/data_processed/new_assignments_10s/exp_64.npy
/scratch/tmp/gorczyca/URB_results/grid1k/grid1k_405938_1,1,65,250,exp_65.npy,exp_250.npy,/scratch/tmp/gorczyca/URB_results/grid1k/grid1k_405938_1/SUMO_output/data_processed/new_flows_10s/exp_65.npy,/scratch/tmp/gorczyca/URB_results/grid1k/grid1k_405938_1/SUMO_output/data_processed/new_assignments_10s/exp_65.npy
/scratch/tmp/gorczyca/URB_results/grid1k/grid1k_405938_1,1,66,251,exp_66.npy,exp_251.npy,/scratch/tmp/gorczyca/URB_results/grid1k/grid1k_405938_1/SUMO_output/data_processed/new_flows_10s/exp_66.npy,/scratch/tmp/gorczyca/URB_results/grid1k/grid1k_405938_1/SUMO_output/data_processed/new_assignments_10s/exp_66.npy
/scratch/tmp/gorczyca/URB_results/grid1k/grid1k_405938_1,1,67,252,exp_67.npy,exp_252.npy,/scratch/tmp/gorczyca/URB_results/grid1k/grid1k_405938_1/SUMO_output/data_processed/new_flows_10s/exp_67.npy,/scratch/tmp/gorczyca/URB_results/grid1k/grid1k_405938_1/SUMO_output/data_processed/new_assignments_10s/exp_67.npy
/scratch/tmp/gorczyca/URB_results/grid1k/grid1k_405938_1,1,68,253,exp_68.npy,exp_253.npy,/scratch/tmp/gorczyca/URB_results/grid1k/grid1k_405938_1/SUMO_output/data_processed/new_flows_10s/exp_68.npy,/scratch/tmp/gorczyca/URB_results/grid1k/grid1k_405938_1/SUMO_output/data_processed/new_assignments_10s/exp_68.npy
/scratch/tmp/gorczyca/URB_results/grid1k/grid1k_405938_1,1,69,254,exp_69.npy,exp_254.npy,/scratch/tmp/gorczyca/URB_results/grid1k/grid1k_405938_1/SUMO_output/data_processed/new_flows_10s/exp_69.npy,/scratch/tmp/gorczyca/URB_results/grid1k/grid1k_405938_1/SUMO_output/data_processed/new_assignments_10s/exp_69.npy
/scratch/tmp/gorczyca/URB_results/grid1k/grid1k_405938_1,1,70,255,exp_70.npy,exp_255.npy,/scratch/tmp/gorczyca/URB_results/grid1k/grid1k_405938_1/SUMO_output/data_processed/new_flows_10s/exp_70.npy,/scratch/tmp/gorczyca/URB_results/grid1k/grid1k_405938_1/SUMO_output/data_processed/new_assignments_10s/exp_70.npy
/scratch/tmp/gorczyca/URB_results/grid1k/grid1k_405938_1,1,71,256,exp_71.npy,exp_256.npy,/scratch/tmp/gorczyca/URB_results/grid1k/grid1k_405938_1/SUMO_output/data_processed/new_flows_10s/exp_71.npy,/scratch/tmp/gorczyca/URB_results/grid1k/grid1k_405938_1/SUMO_output/data_processed/new_assignments_10s/exp_71.npy
/scratch/tmp/gorczyca/URB_results/grid1k/grid1k_405938_1,1,72,257,exp_72.npy,exp_257.npy,/scratch/tmp/gorczyca/URB_results/grid1k/grid1k_405938_1/SUMO_output/data_processed/new_flows_10s/exp_72.npy,/scratch/tmp/gorczyca/URB_results/grid1k/grid1k_405938_1/SUMO_output/data_processed/new_assignments_10s/exp_72.npy
/scratch/tmp/gorczyca/URB_results/grid1k/grid1k_405938_1,1,73,258,exp_73.npy,exp_258.npy,/scratch/tmp/gorczyca/URB_results/grid1k/grid1k_405938_1/SUMO_output/data_processed/new_flows_10s/exp_73.npy,/scratch/tmp/gorczyca/URB_results/grid1k/grid1k_405938_1/SUMO_output/data_processed/new_assignments_10s/exp_73.npy
/scratch/tmp/gorczyca/URB_results/grid1k/grid1k_405938_1,1,74,259,exp_74.npy,exp_259.npy,/scratch/tmp/gorczyca/URB_results/grid1k/grid1k_405938_1/SUMO_output/data_processed/new_flows_10s/exp_74.npy,/scratch/tmp/gorczyca/URB_results/grid1k/grid1k_405938_1/SUMO_output/data_processed/new_assignments_10s/exp_74.npy
/scratch/tmp/gorczyca/URB_results/grid1k/grid1k_405938_1,1,75,260,exp_75.npy,exp_260.npy,/scratch/tmp/gorczyca/URB_results/grid1k/grid1k_405938_1/SUMO_output/data_processed/new_flows_10s/exp_75.npy,/scratch/tmp/gorczyca/URB_results/grid1k/grid1k_405938_1/SUMO_output/data_processed/new_assignments_10s/exp_75.npy
/scratch/tmp/gorczyca/URB_results/grid1k/grid1k_405938_1,1,76,261,exp_76.npy,exp_261.npy,/scratch/tmp/gorczyca/URB_results/grid1k/grid1k_405938_1/SUMO_output/data_processed/new_flows_10s/exp_76.npy,/scratch/tmp/gorczyca/URB_results/grid1k/grid1k_405938_1/SUMO_output/data_processed/new_assignments_10s/exp_76.npy
/scratch/tmp/gorczyca/URB_results/grid1k/grid1k_405938_1,1,77,262,exp_77.npy,exp_262.npy,/scratch/tmp/gorczyca/URB_results/grid1k/grid1k_405938_1/SUMO_output/data_processed/new_flows_10s/exp_77.npy,/scratch/tmp/gorczyca/URB_results/grid1k/grid1k_405938_1/SUMO_output/data_processed/new_assignments_10s/exp_77.npy
/scratch/tmp/gorczyca/URB_results/grid1k/grid1k_405938_1,1,78,263,exp_78.npy,exp_263.npy,/scratch/tmp/gorczyca/URB_results/grid1k/grid1k_405938_1/SUMO_output/data_processed/new_flows_10s/exp_78.npy,/scratch/tmp/gorczyca/URB_results/grid1k/grid1k_405938_1/SUMO_output/data_processed/new_assignments_10s/exp_78.npy
/scratch/tmp/gorczyca/URB_results/grid1k/grid1k_405938_1,1,79,264,exp_79.npy,exp_264.npy,/scratch/tmp/gorczyca/URB_results/grid1k/grid1k_405938_1/SUMO_output/data_processed/new_flows_10s/exp_79.npy,/scratch/tmp/gorczyca/URB_results/grid1k/grid1k_405938_1/SUMO_output/data_processed/new_assignments_10s/exp_79.npy
/scratch/tmp/gorczyca/URB_results/grid1k/grid1k_405938_1,1,80,265,exp_80.npy,exp_265.npy,/scratch/tmp/gorczyca/URB_results/grid1k/grid1k_405938_1/SUMO_output/data_processed/new_flows_10s/exp_80.npy,/scratch/tmp/gorczyca/URB_results/grid1k/grid1k_405938_1/SUMO_output/data_processed/new_assignments_10s/exp_80.npy
/scratch/tmp/gorczyca/URB_results/grid1k/grid1k_405938_1,1,81,266,exp_81.npy,exp_266.npy,/scratch/tmp/gorczyca/URB_results/grid1k/grid1k_405938_1/SUMO_output/data_processed/new_flows_10s/exp_81.npy,/scratch/tmp/gorczyca/URB_results/grid1k/grid1k_405938_1/SUMO_output/data_processed/new_assignments_10s/exp_81.npy
/scratch/tmp/gorczyca/URB_results/grid1k/grid1k_405938_1,1,82,267,exp_82.npy,exp_267.npy,/scratch/tmp/gorczyca/URB_results/grid1k/grid1k_405938_1/SUMO_output/data_processed/new_flows_10s/exp_82.npy,/scratch/tmp/gorczyca/URB_results/grid1k/grid1k_405938_1/SUMO_output/data_processed/new_assignments_10s/exp_82.npy
/scratch/tmp/gorczyca/URB_results/grid1k/grid1k_405938_1,1,83,268,exp_83.npy,exp_268.npy,/scratch/tmp/gorczyca/URB_results/grid1k/grid1k_405938_1/SUMO_output/data_processed/new_flows_10s/exp_83.npy,/scratch/tmp/gorczyca/URB_results/grid1k/grid1k_405938_1/SUMO_output/data_processed/new_assignments_10s/exp_83.npy
/scratch/tmp/gorczyca/URB_results/grid1k/grid1k_405938_1,1,84,269,exp_84.npy,exp_269.npy,/scratch/tmp/gorczyca/URB_results/grid1k/grid1k_405938_1/SUMO_output/data_processed/new_flows_10s/exp_84.npy,/scratch/tmp/gorczyca/URB_results/grid1k/grid1k_405938_1/SUMO_output/data_processed/new_assignments_10s/exp_84.npy
/scratch/tmp/gorczyca/URB_results/grid1k/grid1k_405938_1,1,85,270,exp_85.npy,exp_270.npy,/scratch/tmp/gorczyca/URB_results/grid1k/grid1k_405938_1/SUMO_output/data_processed/new_flows_10s/exp_85.npy,/scratch/tmp/gorczyca/URB_results/grid1k/grid1k_405938_1/SUMO_output/data_processed/new_assignments_10s/exp_85.npy
/scratch/tmp/gorczyca/URB_results/grid1k/grid1k_405938_1,1,86,271,exp_86.npy,exp_271.npy,/scratch/tmp/gorczyca/URB_results/grid1k/grid1k_405938_1/SUMO_output/data_processed/new_flows_10s/exp_86.npy,/scratch/tmp/gorczyca/URB_results/grid1k/grid1k_405938_1/SUMO_output/data_processed/new_assignments_10s/exp_86.npy
/scratch/tmp/gorczyca/URB_results/grid1k/grid1k_405938_1,1,87,272,exp_87.npy,exp_272.npy,/scratch/tmp/gorczyca/URB_results/grid1k/grid1k_405938_1/SUMO_output/data_processed/new_flows_10s/exp_87.npy,/scratch/tmp/gorczyca/URB_results/grid1k/grid1k_405938_1/SUMO_output/data_processed/new_assignments_10s/exp_87.npy
/scratch/tmp/gorczyca/URB_results/grid1k/grid1k_405938_1,1,88,273,exp_88.npy,exp_273.npy,/scratch/tmp/gorczyca/URB_results/grid1k/grid1k_405938_1/SUMO_output/data_processed/new_flows_10s/exp_88.npy,/scratch/tmp/gorczyca/URB_results/grid1k/grid1k_405938_1/SUMO_output/data_processed/new_assignments_10s/exp_88.npy
/scratch/tmp/gorczyca/URB_results/grid1k/grid1k_405938_1,1,89,274,exp_89.npy,exp_274.npy,/scratch/tmp/gorczyca/URB_results/grid1k/grid1k_405938_1/SUMO_output/data_processed/new_flows_10s/exp_89.npy,/scratch/tmp/gorczyca/URB_results/grid1k/grid1k_405938_1/SUMO_output/data_processed/new_assignments_10s/exp_89.npy
/scratch/tmp/gorczyca/URB_results/grid1k/grid1k_405938_1,1,90,275,exp_90.npy,exp_275.npy,/scratch/tmp/gorczyca/URB_results/grid1k/grid1k_405938_1/SUMO_output/data_processed/new_flows_10s/exp_90.npy,/scratch/tmp/gorczyca/URB_results/grid1k/grid1k_405938_1/SUMO_output/data_processed/new_assignments_10s/exp_90.npy
/scratch/tmp/gorczyca/URB_results/grid1k/grid1k_405938_1,1,91,276,exp_91.npy,exp_276.npy,/scratch/tmp/gorczyca/URB_results/grid1k/grid1k_405938_1/SUMO_output/data_processed/new_flows_10s/exp_91.npy,/scratch/tmp/gorczyca/URB_results/grid1k/grid1k_405938_1/SUMO_output/data_processed/new_assignments_10s/exp_91.npy
/scratch/tmp/gorczyca/URB_results/grid1k/grid1k_405938_1,1,92,277,exp_92.npy,exp_277.npy,/scratch/tmp/gorczyca/URB_results/grid1k/grid1k_405938_1/SUMO_output/data_processed/new_flows_10s/exp_92.npy,/scratch/tmp/gorczyca/URB_results/grid1k/grid1k_405938_1/SUMO_output/data_processed/new_assignments_10s/exp_92.npy
/scratch/tmp/gorczyca/URB_results/grid1k/grid1k_405938_1,1,93,278,exp_93.npy,exp_278.npy,/scratch/tmp/gorczyca/URB_results/grid1k/grid1k_405938_1/SUMO_output/data_processed/new_flows_10s/exp_93.npy,/scratch/tmp/gorczyca/URB_results/grid1k/grid1k_405938_1/SUMO_output/data_processed/new_assignments_10s/exp_93.npy
/scratch/tmp/gorczyca/URB_results/grid1k/grid1k_405938_1,1,94,279,exp_94.npy,exp_279.npy,/scratch/tmp/gorczyca/URB_results/grid1k/grid1k_405938_1/SUMO_output/data_processed/new_flows_10s/exp_94.npy,/scratch/tmp/gorczyca/URB_results/grid1k/grid1k_405938_1/SUMO_output/data_processed/new_assignments_10s/exp_94.npy
/scratch/tmp/gorczyca/URB_results/grid1k/grid1k_405938_1,1,95,280,exp_95.npy,exp_280.npy,/scratch/tmp/gorczyca/URB_results/grid1k/grid1k_405938_1/SUMO_output/data_processed/new_flows_10s/exp_95.npy,/scratch/tmp/gorczyca/URB_results/grid1k/grid1k_405938_1/SUMO_output/data_processed/new_assignments_10s/exp_95.npy
/scratch/tmp/gorczyca/URB_results/grid1k/grid1k_405938_1,1,96,281,exp_96.npy,exp_281.npy,/scratch/tmp/gorczyca/URB_results/grid1k/grid1k_405938_1/SUMO_output/data_processed/new_flows_10s/exp_96.npy,/scratch/tmp/gorczyca/URB_results/grid1k/grid1k_405938_1/SUMO_output/data_processed/new_assignments_10s/exp_96.npy
/scratch/tmp/gorczyca/URB_results/grid1k/grid1k_405938_1,1,97,282,exp_97.npy,exp_282.npy,/scratch/tmp/gorczyca/URB_results/grid1k/grid1k_405938_1/SUMO_output/data_processed/new_flows_10s/exp_97.npy,/scratch/tmp/gorczyca/URB_results/grid1k/grid1k_405938_1/SUMO_output/data_processed/new_assignments_10s/exp_97.npy
/scratch/tmp/gorczyca/URB_results/grid1k/grid1k_405938_1,1,98,283,exp_98.npy,exp_283.npy,/scratch/tmp/gorczyca/URB_results/grid1k/grid1k_405938_1/SUMO_output/data_processed/new_flows_10s/exp_98.npy,/scratch/tmp/gorczyca/URB_results/grid1k/grid1k_405938_1/SUMO_output/data_processed/new_assignments_10s/exp_98.npy
/scratch/tmp/gorczyca/URB_results/grid1k/grid1k_405938_1,1,99,284,exp_99.npy,exp_284.npy,/scratch/tmp/gorczyca/URB_results/grid1k/grid1k_405938_1/SUMO_output/data_processed/new_flows_10s/exp_99.npy,/scratch/tmp/gorczyca/URB_results/grid1k/grid1k_405938_1/SUMO_output/data_processed/new_assignments_10s/exp_99.npy
/scratch/tmp/gorczyca/URB_results/grid1k/grid1k_405938_1,1,100,285,exp_100.npy,exp_285.npy,/scratch/tmp/gorczyca/URB_results/grid1k/grid1k_405938_1/SUMO_output/data_processed/new_flows_10s/exp_100.npy,/scratch/tmp/gorczyca/URB_results/grid1k/grid1k_405938_1/SUMO_output/data_processed/new_assignments_10s/exp_100.npy
/scratch/tmp/gorczyca/URB_results/grid1k/grid1k_405938_1,1,101,286,exp_101.npy,exp_286.npy,/scratch/tmp/gorczyca/URB_results/grid1k/grid1k_405938_1/SUMO_output/data_processed/new_flows_10s/exp_101.npy,/scratch/tmp/gorczyca/URB_results/grid1k/grid1k_405938_1/SUMO_output/data_processed/new_assignments_10s/exp_101.npy
/scratch/tmp/gorczyca/URB_results/grid1k/grid1k_405938_1,1,102,287,exp_102.npy,exp_287.npy,/scratch/tmp/gorczyca/URB_results/grid1k/grid1k_405938_1/SUMO_output/data_processed/new_flows_10s/exp_102.npy,/scratch/tmp/gorczyca/URB_results/grid1k/grid1k_405938_1/SUMO_output/data_processed/new_assignments_10s/exp_102.npy
/scratch/tmp/gorczyca/URB_results/grid1k/grid1k_405938_1,1,103,288,exp_103.npy,exp_288.npy,/scratch/tmp/gorczyca/URB_results/grid1k/grid1k_405938_1/SUMO_output/data_processed/new_flows_10s/exp_103.npy,/scratch/tmp/gorczyca/URB_results/grid1k/grid1k_405938_1/SUMO_output/data_processed/new_assignments_10s/exp_103.npy
/scratch/tmp/gorczyca/URB_results/grid1k/grid1k_405938_1,1,104,289,exp_104.npy,exp_289.npy,/scratch/tmp/gorczyca/URB_results/grid1k/grid1k_405938_1/SUMO_output/data_processed/new_flows_10s/exp_104.npy,/scratch/tmp/gorczyca/URB_results/grid1k/grid1k_405938_1/SUMO_output/data_processed/new_assignments_10s/exp_104.npy
/scratch/tmp/gorczyca/URB_results/grid1k/grid1k_405938_1,1,105,290,exp_105.npy,exp_290.npy,/scratch/tmp/gorczyca/URB_results/grid1k/grid1k_405938_1/SUMO_output/data_processed/new_flows_10s/exp_105.npy,/scratch/tmp/gorczyca/URB_results/grid1k/grid1k_405938_1/SUMO_output/data_processed/new_assignments_10s/exp_105.npy
/scratch/tmp/gorczyca/URB_results/grid1k/grid1k_405938_1,1,106,291,exp_106.npy,exp_291.npy,/scratch/tmp/gorczyca/URB_results/grid1k/grid1k_405938_1/SUMO_output/data_processed/new_flows_10s/exp_106.npy,/scratch/tmp/gorczyca/URB_results/grid1k/grid1k_405938_1/SUMO_output/data_processed/new_assignments_10s/exp_106.npy
/scratch/tmp/gorczyca/URB_results/grid1k/grid1k_405938_1,1,107,292,exp_107.npy,exp_292.npy,/scratch/tmp/gorczyca/URB_results/grid1k/grid1k_405938_1/SUMO_output/data_processed/new_flows_10s/exp_107.npy,/scratch/tmp/gorczyca/URB_results/grid1k/grid1k_405938_1/SUMO_output/data_processed/new_assignments_10s/exp_107.npy
/scratch/tmp/gorczyca/URB_results/grid1k/grid1k_405938_1,1,108,293,exp_108.npy,exp_293.npy,/scratch/tmp/gorczyca/URB_results/grid1k/grid1k_405938_1/SUMO_output/data_processed/new_flows_10s/exp_108.npy,/scratch/tmp/gorczyca/URB_results/grid1k/grid1k_405938_1/SUMO_output/data_processed/new_assignments_10s/exp_108.npy
/scratch/tmp/gorczyca/URB_results/grid1k/grid1k_405938_1,1,109,294,exp_109.npy,exp_294.npy,/scratch/tmp/gorczyca/URB_results/grid1k/grid1k_405938_1/SUMO_output/data_processed/new_flows_10s/exp_109.npy,/scratch/tmp/gorczyca/URB_results/grid1k/grid1k_405938_1/SUMO_output/data_processed/new_assignments_10s/exp_109.npy
/scratch/tmp/gorczyca/URB_results/grid1k/grid1k_405938_1,1,110,295,exp_110.npy,exp_295.npy,/scratch/tmp/gorczyca/URB_results/grid1k/grid1k_405938_1/SUMO_output/data_processed/new_flows_10s/exp_110.npy,/scratch/tmp/gorczyca/URB_results/grid1k/grid1k_405938_1/SUMO_output/data_processed/new_assignments_10s/exp_110.npy
/scratch/tmp/gorczyca/URB_results/grid1k/grid1k_405938_1,1,111,296,exp_111.npy,exp_296.npy,/scratch/tmp/gorczyca/URB_results/grid1k/grid1k_405938_1/SUMO_output/data_processed/new_flows_10s/exp_111.npy,/scratch/tmp/gorczyca/URB_results/grid1k/grid1k_405938_1/SUMO_output/data_processed/new_assignments_10s/exp_111.npy
/scratch/tmp/gorczyca/URB_results/grid1k/grid1k_405938_1,1,112,297,exp_112.npy,exp_297.npy,/scratch/tmp/gorczyca/URB_results/grid1k/grid1k_405938_1/SUMO_output/data_processed/new_flows_10s/exp_112.npy,/scratch/tmp/gorczyca/URB_results/grid1k/grid1k_405938_1/SUMO_output/data_processed/new_assignments_10s/exp_112.npy
/scratch/tmp/gorczyca/URB_results/grid1k/grid1k_405938_1,1,113,298,exp_113.npy,exp_298.npy,/scratch/tmp/gorczyca/URB_results/grid1k/grid1k_405938_1/SUMO_output/data_processed/new_flows_10s/exp_113.npy,/scratch/tmp/gorczyca/URB_results/grid1k/grid1k_405938_1/SUMO_output/data_processed/new_assignments_10s/exp_113.npy
/scratch/tmp/gorczyca/URB_results/grid1k/grid1k_405938_1,1,114,299,exp_114.npy,exp_299.npy,/scratch/tmp/gorczyca/URB_results/grid1k/grid1k_405938_1/SUMO_output/data_processed/new_flows_10s/exp_114.npy,/scratch/tmp/gorczyca/URB_results/grid1k/grid1k_405938_1/SUMO_output/data_processed/new_assignments_10s/exp_114.npy
/scratch/tmp/gorczyca/URB_results/grid1k/grid1k_405938_1,1,115,300,exp_115.npy,exp_300.npy,/scratch/tmp/gorczyca/URB_results/grid1k/grid1k_405938_1/SUMO_output/data_processed/new_flows_10s/exp_115.npy,/scratch/tmp/gorczyca/URB_results/grid1k/grid1k_405938_1/SUMO_output/data_processed/new_assignments_10s/exp_115.npy
/scratch/tmp/gorczyca/URB_results/grid1k/grid1k_405938_1,1,116,301,exp_116.npy,exp_301.npy,/scratch/tmp/gorczyca/URB_results/grid1k/grid1k_405938_1/SUMO_output/data_processed/new_flows_10s/exp_116.npy,/scratch/tmp/gorczyca/URB_results/grid1k/grid1k_405938_1/SUMO_output/data_processed/new_assignments_10s/exp_116.npy
/scratch/tmp/gorczyca/URB_results/grid1k/grid1k_405938_1,1,117,302,exp_117.npy,exp_302.npy,/scratch/tmp/gorczyca/URB_results/grid1k/grid1k_405938_1/SUMO_output/data_processed/new_flows_10s/exp_117.npy,/scratch/tmp/gorczyca/URB_results/grid1k/grid1k_405938_1/SUMO_output/data_processed/new_assignments_10s/exp_117.npy
/scratch/tmp/gorczyca/URB_results/grid1k/grid1k_405938_1,1,118,303,exp_118.npy,exp_303.npy,/scratch/tmp/gorczyca/URB_results/grid1k/grid1k_405938_1/SUMO_output/data_processed/new_flows_10s/exp_118.npy,/scratch/tmp/gorczyca/URB_results/grid1k/grid1k_405938_1/SUMO_output/data_processed/new_assignments_10s/exp_118.npy
/scratch/tmp/gorczyca/URB_results/grid1k/grid1k_405938_1,1,119,304,exp_119.npy,exp_304.npy,/scratch/tmp/gorczyca/URB_results/grid1k/grid1k_405938_1/SUMO_output/data_processed/new_flows_10s/exp_119.npy,/scratch/tmp/gorczyca/URB_results/grid1k/grid1k_405938_1/SUMO_output/data_processed/new_assignments_10s/exp_119.npy
/scratch/tmp/gorczyca/URB_results/grid1k/grid1k_405938_1,1,120,305,exp_120.npy,exp_305.npy,/scratch/tmp/gorczyca/URB_results/grid1k/grid1k_405938_1/SUMO_output/data_processed/new_flows_10s/exp_120.npy,/scratch/tmp/gorczyca/URB_results/grid1k/grid1k_405938_1/SUMO_output/data_processed/new_assignments_10s/exp_120.npy
/scratch/tmp/gorczyca/URB_results/grid1k/grid1k_405938_1,1,121,306,exp_121.npy,exp_306.npy,/scratch/tmp/gorczyca/URB_results/grid1k/grid1k_405938_1/SUMO_output/data_processed/new_flows_10s/exp_121.npy,/scratch/tmp/gorczyca/URB_results/grid1k/grid1k_405938_1/SUMO_output/data_processed/new_assignments_10s/exp_121.npy
/scratch/tmp/gorczyca/URB_results/grid1k/grid1k_405938_1,1,122,307,exp_122.npy,exp_307.npy,/scratch/tmp/gorczyca/URB_results/grid1k/grid1k_405938_1/SUMO_output/data_processed/new_flows_10s/exp_122.npy,/scratch/tmp/gorczyca/URB_results/grid1k/grid1k_405938_1/SUMO_output/data_processed/new_assignments_10s/exp_122.npy
/scratch/tmp/gorczyca/URB_results/grid1k/grid1k_405938_1,1,123,308,exp_123.npy,exp_308.npy,/scratch/tmp/gorczyca/URB_results/grid1k/grid1k_405938_1/SUMO_output/data_processed/new_flows_10s/exp_123.npy,/scratch/tmp/gorczyca/URB_results/grid1k/grid1k_405938_1/SUMO_output/data_processed/new_assignments_10s/exp_123.npy
/scratch/tmp/gorczyca/URB_results/grid1k/grid1k_405938_1,1,124,309,exp_124.npy,exp_309.npy,/scratch/tmp/gorczyca/URB_results/grid1k/grid1k_405938_1/SUMO_output/data_processed/new_flows_10s/exp_124.npy,/scratch/tmp/gorczyca/URB_results/grid1k/grid1k_405938_1/SUMO_output/data_processed/new_assignments_10s/exp_124.npy
/scratch/tmp/gorczyca/URB_results/grid1k/grid1k_405938_1,1,125,310,exp_125.npy,exp_310.npy,/scratch/tmp/gorczyca/URB_results/grid1k/grid1k_405938_1/SUMO_output/data_processed/new_flows_10s/exp_125.npy,/scratch/tmp/gorczyca/URB_results/grid1k/grid1k_405938_1/SUMO_output/data_processed/new_assignments_10s/exp_125.npy
/scratch/tmp/gorczyca/URB_results/grid1k/grid1k_405938_1,1,126,311,exp_126.npy,exp_311.npy,/scratch/tmp/gorczyca/URB_results/grid1k/grid1k_405938_1/SUMO_output/data_processed/new_flows_10s/exp_126.npy,/scratch/tmp/gorczyca/URB_results/grid1k/grid1k_405938_1/SUMO_output/data_processed/new_assignments_10s/exp_126.npy
/scratch/tmp/gorczyca/URB_results/grid1k/grid1k_405938_1,1,127,312,exp_127.npy,exp_312.npy,/scratch/tmp/gorczyca/URB_results/grid1k/grid1k_405938_1/SUMO_output/data_processed/new_flows_10s/exp_127.npy,/scratch/tmp/gorczyca/URB_results/grid1k/grid1k_405938_1/SUMO_output/data_processed/new_assignments_10s/exp_127.npy
/scratch/tmp/gorczyca/URB_results/grid1k/grid1k_405938_1,1,128,313,exp_128.npy,exp_313.npy,/scratch/tmp/gorczyca/URB_results/grid1k/grid1k_405938_1/SUMO_output/data_processed/new_flows_10s/exp_128.npy,/scratch/tmp/gorczyca/URB_results/grid1k/grid1k_405938_1/SUMO_output/data_processed/new_assignments_10s/exp_128.npy
/scratch/tmp/gorczyca/URB_results/grid1k/grid1k_405938_1,1,129,314,exp_129.npy,exp_314.npy,/scratch/tmp/gorczyca/URB_results/grid1k/grid1k_405938_1/SUMO_output/data_processed/new_flows_10s/exp_129.npy,/scratch/tmp/gorczyca/URB_results/grid1k/grid1k_405938_1/SUMO_output/data_processed/new_assignments_10s/exp_129.npy
/scratch/tmp/gorczyca/URB_results/grid1k/grid1k_405938_1,1,130,315,exp_130.npy,exp_315.npy,/scratch/tmp/gorczyca/URB_results/grid1k/grid1k_405938_1/SUMO_output/data_processed/new_flows_10s/exp_130.npy,/scratch/tmp/gorczyca/URB_results/grid1k/grid1k_405938_1/SUMO_output/data_processed/new_assignments_10s/exp_130.npy
/scratch/tmp/gorczyca/URB_results/grid1k/grid1k_405938_1,1,131,316,exp_131.npy,exp_316.npy,/scratch/tmp/gorczyca/URB_results/grid1k/grid1k_405938_1/SUMO_output/data_processed/new_flows_10s/exp_131.npy,/scratch/tmp/gorczyca/URB_results/grid1k/grid1k_405938_1/SUMO_output/data_processed/new_assignments_10s/exp_131.npy
/scratch/tmp/gorczyca/URB_results/grid1k/grid1k_405938_1,1,132,317,exp_132.npy,exp_317.npy,/scratch/tmp/gorczyca/URB_results/grid1k/grid1k_405938_1/SUMO_output/data_processed/new_flows_10s/exp_132.npy,/scratch/tmp/gorczyca/URB_results/grid1k/grid1k_405938_1/SUMO_output/data_processed/new_assignments_10s/exp_132.npy
/scratch/tmp/gorczyca/URB_results/grid1k/grid1k_405938_1,1,133,318,exp_133.npy,exp_318.npy,/scratch/tmp/gorczyca/URB_results/grid1k/grid1k_405938_1/SUMO_output/data_processed/new_flows_10s/exp_133.npy,/scratch/tmp/gorczyca/URB_results/grid1k/grid1k_405938_1/SUMO_output/data_processed/new_assignments_10s/exp_133.npy
/scratch/tmp/gorczyca/URB_results/grid1k/grid1k_405938_1,1,134,319,exp_134.npy,exp_319.npy,/scratch/tmp/gorczyca/URB_results/grid1k/grid1k_405938_1/SUMO_output/data_processed/new_flows_10s/exp_134.npy,/scratch/tmp/gorczyca/URB_results/grid1k/grid1k_405938_1/SUMO_output/data_processed/new_assignments_10s/exp_134.npy
/scratch/tmp/gorczyca/URB_results/grid1k/grid1k_405938_1,1,135,320,exp_135.npy,exp_320.npy,/scratch/tmp/gorczyca/URB_results/grid1k/grid1k_405938_1/SUMO_output/data_processed/new_flows_10s/exp_135.npy,/scratch/tmp/gorczyca/URB_results/grid1k/grid1k_405938_1/SUMO_output/data_processed/new_assignments_10s/exp_135.npy
/scratch/tmp/gorczyca/URB_results/grid1k/grid1k_405938_1,1,136,321,exp_136.npy,exp_321.npy,/scratch/tmp/gorczyca/URB_results/grid1k/grid1k_405938_1/SUMO_output/data_processed/new_flows_10s/exp_136.npy,/scratch/tmp/gorczyca/URB_results/grid1k/grid1k_405938_1/SUMO_output/data_processed/new_assignments_10s/exp_136.npy
/scratch/tmp/gorczyca/URB_results/grid1k/grid1k_405938_1,1,137,322,exp_137.npy,exp_322.npy,/scratch/tmp/gorczyca/URB_results/grid1k/grid1k_405938_1/SUMO_output/data_processed/new_flows_10s/exp_137.npy,/scratch/tmp/gorczyca/URB_results/grid1k/grid1k_405938_1/SUMO_output/data_processed/new_assignments_10s/exp_137.npy
/scratch/tmp/gorczyca/URB_results/grid1k/grid1k_405938_1,1,138,323,exp_138.npy,exp_323.npy,/scratch/tmp/gorczyca/URB_results/grid1k/grid1k_405938_1/SUMO_output/data_processed/new_flows_10s/exp_138.npy,/scratch/tmp/gorczyca/URB_results/grid1k/grid1k_405938_1/SUMO_output/data_processed/new_assignments_10s/exp_138.npy
/scratch/tmp/gorczyca/URB_results/grid1k/grid1k_405938_1,1,139,324,exp_139.npy,exp_324.npy,/scratch/tmp/gorczyca/URB_results/grid1k/grid1k_405938_1/SUMO_output/data_processed/new_flows_10s/exp_139.npy,/scratch/tmp/gorczyca/URB_results/grid1k/grid1k_405938_1/SUMO_output/data_processed/new_assignments_10s/exp_139.npy
/scratch/tmp/gorczyca/URB_results/grid1k/grid1k_405938_1,1,140,325,exp_140.npy,exp_325.npy,/scratch/tmp/gorczyca/URB_results/grid1k/grid1k_405938_1/SUMO_output/data_processed/new_flows_10s/exp_140.npy,/scratch/tmp/gorczyca/URB_results/grid1k/grid1k_405938_1/SUMO_output/data_processed/new_assignments_10s/exp_140.npy
/scratch/tmp/gorczyca/URB_results/grid1k/grid1k_405938_1,1,141,326,exp_141.npy,exp_326.npy,/scratch/tmp/gorczyca/URB_results/grid1k/grid1k_405938_1/SUMO_output/data_processed/new_flows_10s/exp_141.npy,/scratch/tmp/gorczyca/URB_results/grid1k/grid1k_405938_1/SUMO_output/data_processed/new_assignments_10s/exp_141.npy
/scratch/tmp/gorczyca/URB_results/grid1k/grid1k_405938_1,1,142,327,exp_142.npy,exp_327.npy,/scratch/tmp/gorczyca/URB_results/grid1k/grid1k_405938_1/SUMO_output/data_processed/new_flows_10s/exp_142.npy,/scratch/tmp/gorczyca/URB_results/grid1k/grid1k_405938_1/SUMO_output/data_processed/new_assignments_10s/exp_142.npy
/scratch/tmp/gorczyca/URB_results/grid1k/grid1k_405938_1,1,143,328,exp_143.npy,exp_328.npy,/scratch/tmp/gorczyca/URB_results/grid1k/grid1k_405938_1/SUMO_output/data_processed/new_flows_10s/exp_143.npy,/scratch/tmp/gorczyca/URB_results/grid1k/grid1k_405938_1/SUMO_output/data_processed/new_assignments_10s/exp_143.npy
/scratch/tmp/gorczyca/URB_results/grid1k/grid1k_405938_1,1,144,329,exp_144.npy,exp_329.npy,/scratch/tmp/gorczyca/URB_results/grid1k/grid1k_405938_1/SUMO_output/data_processed/new_flows_10s/exp_144.npy,/scratch/tmp/gorczyca/URB_results/grid1k/grid1k_405938_1/SUMO_output/data_processed/new_assignments_10s/exp_144.npy
/scratch/tmp/gorczyca/URB_results/grid1k/grid1k_405938_1,1,145,330,exp_145.npy,exp_330.npy,/scratch/tmp/gorczyca/URB_results/grid1k/grid1k_405938_1/SUMO_output/data_processed/new_flows_10s/exp_145.npy,/scratch/tmp/gorczyca/URB_results/grid1k/grid1k_405938_1/SUMO_output/data_processed/new_assignments_10s/exp_145.npy
/scratch/tmp/gorczyca/URB_results/grid1k/grid1k_405938_1,1,146,331,exp_146.npy,exp_331.npy,/scratch/tmp/gorczyca/URB_results/grid1k/grid1k_405938_1/SUMO_output/data_processed/new_flows_10s/exp_146.npy,/scratch/tmp/gorczyca/URB_results/grid1k/grid1k_405938_1/SUMO_output/data_processed/new_assignments_10s/exp_146.npy
/scratch/tmp/gorczyca/URB_results/grid1k/grid1k_405938_1,1,147,332,exp_147.npy,exp_332.npy,/scratch/tmp/gorczyca/URB_results/grid1k/grid1k_405938_1/SUMO_output/data_processed/new_flows_10s/exp_147.npy,/scratch/tmp/gorczyca/URB_results/grid1k/grid1k_405938_1/SUMO_output/data_processed/new_assignments_10s/exp_147.npy
/scratch/tmp/gorczyca/URB_results/grid1k/grid1k_405938_1,1,148,333,exp_148.npy,exp_333.npy,/scratch/tmp/gorczyca/URB_results/grid1k/grid1k_405938_1/SUMO_output/data_processed/new_flows_10s/exp_148.npy,/scratch/tmp/gorczyca/URB_results/grid1k/grid1k_405938_1/SUMO_output/data_processed/new_assignments_10s/exp_148.npy
/scratch/tmp/gorczyca/URB_results/grid1k/grid1k_405938_1,1,149,334,exp_149.npy,exp_334.npy,/scratch/tmp/gorczyca/URB_results/grid1k/grid1k_405938_1/SUMO_output/data_processed/new_flows_10s/exp_149.npy,/scratch/tmp/gorczyca/URB_results/grid1k/grid1k_405938_1/SUMO_output/data_processed/new_assignments_10s/exp_149.npy
/scratch/tmp/gorczyca/URB_results/grid1k/grid1k_405938_1,1,150,335,exp_150.npy,exp_335.npy,/scratch/tmp/gorczyca/URB_results/grid1k/grid1k_405938_1/SUMO_output/data_processed/new_flows_10s/exp_150.npy,/scratch/tmp/gorczyca/URB_results/grid1k/grid1k_405938_1/SUMO_output/data_processed/new_assignments_10s/exp_150.npy
/scratch/tmp/gorczyca/URB_results/grid1k/grid1k_405938_1,1,151,336,exp_151.npy,exp_336.npy,/scratch/tmp/gorczyca/URB_results/grid1k/grid1k_405938_1/SUMO_output/data_processed/new_flows_10s/exp_151.npy,/scratch/tmp/gorczyca/URB_results/grid1k/grid1k_405938_1/SUMO_output/data_processed/new_assignments_10s/exp_151.npy
/scratch/tmp/gorczyca/URB_results/grid1k/grid1k_405938_1,1,152,337,exp_152.npy,exp_337.npy,/scratch/tmp/gorczyca/URB_results/grid1k/grid1k_405938_1/SUMO_output/data_processed/new_flows_10s/exp_152.npy,/scratch/tmp/gorczyca/URB_results/grid1k/grid1k_405938_1/SUMO_output/data_processed/new_assignments_10s/exp_152.npy
/scratch/tmp/gorczyca/URB_results/grid1k/grid1k_405938_1,1,153,338,exp_153.npy,exp_338.npy,/scratch/tmp/gorczyca/URB_results/grid1k/grid1k_405938_1/SUMO_output/data_processed/new_flows_10s/exp_153.npy,/scratch/tmp/gorczyca/URB_results/grid1k/grid1k_405938_1/SUMO_output/data_processed/new_assignments_10s/exp_153.npy
/scratch/tmp/gorczyca/URB_results/grid1k/grid1k_405938_1,1,154,339,exp_154.npy,exp_339.npy,/scratch/tmp/gorczyca/URB_results/grid1k/grid1k_405938_1/SUMO_output/data_processed/new_flows_10s/exp_154.npy,/scratch/tmp/gorczyca/URB_results/grid1k/grid1k_405938_1/SUMO_output/data_processed/new_assignments_10s/exp_154.npy
/scratch/tmp/gorczyca/URB_results/grid1k/grid1k_405938_1,1,155,340,exp_155.npy,exp_340.npy,/scratch/tmp/gorczyca/URB_results/grid1k/grid1k_405938_1/SUMO_output/data_processed/new_flows_10s/exp_155.npy,/scratch/tmp/gorczyca/URB_results/grid1k/grid1k_405938_1/SUMO_output/data_processed/new_assignments_10s/exp_155.npy
/scratch/tmp/gorczyca/URB_results/grid1k/grid1k_405938_1,1,156,341,exp_156.npy,exp_341.npy,/scratch/tmp/gorczyca/URB_results/grid1k/grid1k_405938_1/SUMO_output/data_processed/new_flows_10s/exp_156.npy,/scratch/tmp/gorczyca/URB_results/grid1k/grid1k_405938_1/SUMO_output/data_processed/new_assignments_10s/exp_156.npy
/scratch/tmp/gorczyca/URB_results/grid1k/grid1k_405938_1,1,157,342,exp_157.npy,exp_342.npy,/scratch/tmp/gorczyca/URB_results/grid1k/grid1k_405938_1/SUMO_output/data_processed/new_flows_10s/exp_157.npy,/scratch/tmp/gorczyca/URB_results/grid1k/grid1k_405938_1/SUMO_output/data_processed/new_assignments_10s/exp_157.npy
/scratch/tmp/gorczyca/URB_results/grid1k/grid1k_405938_1,1,158,343,exp_158.npy,exp_343.npy,/scratch/tmp/gorczyca/URB_results/grid1k/grid1k_405938_1/SUMO_output/data_processed/new_flows_10s/exp_158.npy,/scratch/tmp/gorczyca/URB_results/grid1k/grid1k_405938_1/SUMO_output/data_processed/new_assignments_10s/exp_158.npy
/scratch/tmp/gorczyca/URB_results/grid1k/grid1k_405938_1,1,159,344,exp_159.npy,exp_344.npy,/scratch/tmp/gorczyca/URB_results/grid1k/grid1k_405938_1/SUMO_output/data_processed/new_flows_10s/exp_159.npy,/scratch/tmp/gorczyca/URB_results/grid1k/grid1k_405938_1/SUMO_output/data_processed/new_assignments_10s/exp_159.npy
/scratch/tmp/gorczyca/URB_results/grid1k/grid1k_405938_1,1,160,345,exp_160.npy,exp_345.npy,/scratch/tmp/gorczyca/URB_results/grid1k/grid1k_405938_1/SUMO_output/data_processed/new_flows_10s/exp_160.npy,/scratch/tmp/gorczyca/URB_results/grid1k/grid1k_405938_1/SUMO_output/data_processed/new_assignments_10s/exp_160.npy
/scratch/tmp/gorczyca/URB_results/grid1k/grid1k_405938_1,1,161,346,exp_161.npy,exp_346.npy,/scratch/tmp/gorczyca/URB_results/grid1k/grid1k_405938_1/SUMO_output/data_processed/new_flows_10s/exp_161.npy,/scratch/tmp/gorczyca/URB_results/grid1k/grid1k_405938_1/SUMO_output/data_processed/new_assignments_10s/exp_161.npy
/scratch/tmp/gorczyca/URB_results/grid1k/grid1k_405938_1,1,162,347,exp_162.npy,exp_347.npy,/scratch/tmp/gorczyca/URB_results/grid1k/grid1k_405938_1/SUMO_output/data_processed/new_flows_10s/exp_162.npy,/scratch/tmp/gorczyca/URB_results/grid1k/grid1k_405938_1/SUMO_output/data_processed/new_assignments_10s/exp_162.npy
/scratch/tmp/gorczyca/URB_results/grid1k/grid1k_405938_1,1,163,348,exp_163.npy,exp_348.npy,/scratch/tmp/gorczyca/URB_results/grid1k/grid1k_405938_1/SUMO_output/data_processed/new_flows_10s/exp_163.npy,/scratch/tmp/gorczyca/URB_results/grid1k/grid1k_405938_1/SUMO_output/data_processed/new_assignments_10s/exp_163.npy
/scratch/tmp/gorczyca/URB_results/grid1k/grid1k_405938_1,1,164,349,exp_164.npy,exp_349.npy,/scratch/tmp/gorczyca/URB_results/grid1k/grid1k_405938_1/SUMO_output/data_processed/new_flows_10s/exp_164.npy,/scratch/tmp/gorczyca/URB_results/grid1k/grid1k_405938_1/SUMO_output/data_processed/new_assignments_10s/exp_164.npy
/scratch/tmp/gorczyca/URB_results/grid1k/grid1k_405938_1,1,165,350,exp_165.npy,exp_350.npy,/scratch/tmp/gorczyca/URB_results/grid1k/grid1k_405938_1/SUMO_output/data_processed/new_flows_10s/exp_165.npy,/scratch/tmp/gorczyca/URB_results/grid1k/grid1k_405938_1/SUMO_output/data_processed/new_assignments_10s/exp_165.npy
/scratch/tmp/gorczyca/URB_results/grid1k/grid1k_405938_1,1,166,351,exp_166.npy,exp_351.npy,/scratch/tmp/gorczyca/URB_results/grid1k/grid1k_405938_1/SUMO_output/data_processed/new_flows_10s/exp_166.npy,/scratch/tmp/gorczyca/URB_results/grid1k/grid1k_405938_1/SUMO_output/data_processed/new_assignments_10s/exp_166.npy
/scratch/tmp/gorczyca/URB_results/grid1k/grid1k_405938_1,1,167,352,exp_167.npy,exp_352.npy,/scratch/tmp/gorczyca/URB_results/grid1k/grid1k_405938_1/SUMO_output/data_processed/new_flows_10s/exp_167.npy,/scratch/tmp/gorczyca/URB_results/grid1k/grid1k_405938_1/SUMO_output/data_processed/new_assignments_10s/exp_167.npy
/scratch/tmp/gorczyca/URB_results/grid1k/grid1k_405938_1,1,168,353,exp_168.npy,exp_353.npy,/scratch/tmp/gorczyca/URB_results/grid1k/grid1k_405938_1/SUMO_output/data_processed/new_flows_10s/exp_168.npy,/scratch/tmp/gorczyca/URB_results/grid1k/grid1k_405938_1/SUMO_output/data_processed/new_assignments_10s/exp_168.npy
/scratch/tmp/gorczyca/URB_results/grid1k/grid1k_405938_1,1,169,354,exp_169.npy,exp_354.npy,/scratch/tmp/gorczyca/URB_results/grid1k/grid1k_405938_1/SUMO_output/data_processed/new_flows_10s/exp_169.npy,/scratch/tmp/gorczyca/URB_results/grid1k/grid1k_405938_1/SUMO_output/data_processed/new_assignments_10s/exp_169.npy
/scratch/tmp/gorczyca/URB_results/grid1k/grid1k_405938_1,1,170,355,exp_170.npy,exp_355.npy,/scratch/tmp/gorczyca/URB_results/grid1k/grid1k_405938_1/SUMO_output/data_processed/new_flows_10s/exp_170.npy,/scratch/tmp/gorczyca/URB_results/grid1k/grid1k_405938_1/SUMO_output/data_processed/new_assignments_10s/exp_170.npy
/scratch/tmp/gorczyca/URB_results/grid1k/grid1k_405938_1,1,171,356,exp_171.npy,exp_356.npy,/scratch/tmp/gorczyca/URB_results/grid1k/grid1k_405938_1/SUMO_output/data_processed/new_flows_10s/exp_171.npy,/scratch/tmp/gorczyca/URB_results/grid1k/grid1k_405938_1/SUMO_output/data_processed/new_assignments_10s/exp_171.npy
/scratch/tmp/gorczyca/URB_results/grid1k/grid1k_405938_1,1,172,357,exp_172.npy,exp_357.npy,/scratch/tmp/gorczyca/URB_results/grid1k/grid1k_405938_1/SUMO_output/data_processed/new_flows_10s/exp_172.npy,/scratch/tmp/gorczyca/URB_results/grid1k/grid1k_405938_1/SUMO_output/data_processed/new_assignments_10s/exp_172.npy
/scratch/tmp/gorczyca/URB_results/grid1k/grid1k_405938_1,1,173,358,exp_173.npy,exp_358.npy,/scratch/tmp/gorczyca/URB_results/grid1k/grid1k_405938_1/SUMO_output/data_processed/new_flows_10s/exp_173.npy,/scratch/tmp/gorczyca/URB_results/grid1k/grid1k_405938_1/SUMO_output/data_processed/new_assignments_10s/exp_173.npy
/scratch/tmp/gorczyca/URB_results/grid1k/grid1k_405938_1,1,174,359,exp_174.npy,exp_359.npy,/scratch/tmp/gorczyca/URB_results/grid1k/grid1k_405938_1/SUMO_output/data_processed/new_flows_10s/exp_174.npy,/scratch/tmp/gorczyca/URB_results/grid1k/grid1k_405938_1/SUMO_output/data_processed/new_assignments_10s/exp_174.npy
/scratch/tmp/gorczyca/URB_results/grid1k/grid1k_405938_1,1,175,360,exp_175.npy,exp_360.npy,/scratch/tmp/gorczyca/URB_results/grid1k/grid1k_405938_1/SUMO_output/data_processed/new_flows_10s/exp_175.npy,/scratch/tmp/gorczyca/URB_results/grid1k/grid1k_405938_1/SUMO_output/data_processed/new_assignments_10s/exp_175.npy
/scratch/tmp/gorczyca/URB_results/grid1k/grid1k_405938_1,1,176,361,exp_176.npy,exp_361.npy,/scratch/tmp/gorczyca/URB_results/grid1k/grid1k_405938_1/SUMO_output/data_processed/new_flows_10s/exp_176.npy,/scratch/tmp/gorczyca/URB_results/grid1k/grid1k_405938_1/SUMO_output/data_processed/new_assignments_10s/exp_176.npy
/scratch/tmp/gorczyca/URB_results/grid1k/grid1k_405938_1,1,177,362,exp_177.npy,exp_362.npy,/scratch/tmp/gorczyca/URB_results/grid1k/grid1k_405938_1/SUMO_output/data_processed/new_flows_10s/exp_177.npy,/scratch/tmp/gorczyca/URB_results/grid1k/grid1k_405938_1/SUMO_output/data_processed/new_assignments_10s/exp_177.npy
/scratch/tmp/gorczyca/URB_results/grid1k/grid1k_405938_1,1,178,363,exp_178.npy,exp_363.npy,/scratch/tmp/gorczyca/URB_results/grid1k/grid1k_405938_1/SUMO_output/data_processed/new_flows_10s/exp_178.npy,/scratch/tmp/gorczyca/URB_results/grid1k/grid1k_405938_1/SUMO_output/data_processed/new_assignments_10s/exp_178.npy
/scratch/tmp/gorczyca/URB_results/grid1k/grid1k_405938_1,1,179,364,exp_179.npy,exp_364.npy,/scratch/tmp/gorczyca/URB_results/grid1k/grid1k_405938_1/SUMO_output/data_processed/new_flows_10s/exp_179.npy,/scratch/tmp/gorczyca/URB_results/grid1k/grid1k_405938_1/SUMO_output/data_processed/new_assignments_10s/exp_179.npy
/scratch/tmp/gorczyca/URB_results/grid1k/grid1k_405938_2,2,0,365,exp_0.npy,exp_365.npy,/scratch/tmp/gorczyca/URB_results/grid1k/grid1k_405938_2/SUMO_output/data_processed/new_flows_10s/exp_0.npy,/scratch/tmp/gorczyca/URB_results/grid1k/grid1k_405938_2/SUMO_output/data_processed/new_assignments_10s/exp_0.npy
/scratch/tmp/gorczyca/URB_results/grid1k/grid1k_405938_2,2,1,366,exp_1.npy,exp_366.npy,/scratch/tmp/gorczyca/URB_results/grid1k/grid1k_405938_2/SUMO_output/data_processed/new_flows_10s/exp_1.npy,/scratch/tmp/gorczyca/URB_results/grid1k/grid1k_405938_2/SUMO_output/data_processed/new_assignments_10s/exp_1.npy
/scratch/tmp/gorczyca/URB_results/grid1k/grid1k_405938_2,2,2,367,exp_2.npy,exp_367.npy,/scratch/tmp/gorczyca/URB_results/grid1k/grid1k_405938_2/SUMO_output/data_processed/new_flows_10s/exp_2.npy,/scratch/tmp/gorczyca/URB_results/grid1k/grid1k_405938_2/SUMO_output/data_processed/new_assignments_10s/exp_2.npy
/scratch/tmp/gorczyca/URB_results/grid1k/grid1k_405938_2,2,3,368,exp_3.npy,exp_368.npy,/scratch/tmp/gorczyca/URB_results/grid1k/grid1k_405938_2/SUMO_output/data_processed/new_flows_10s/exp_3.npy,/scratch/tmp/gorczyca/URB_results/grid1k/grid1k_405938_2/SUMO_output/data_processed/new_assignments_10s/exp_3.npy
/scratch/tmp/gorczyca/URB_results/grid1k/grid1k_405938_2,2,4,369,exp_4.npy,exp_369.npy,/scratch/tmp/gorczyca/URB_results/grid1k/grid1k_405938_2/SUMO_output/data_processed/new_flows_10s/exp_4.npy,/scratch/tmp/gorczyca/URB_results/grid1k/grid1k_405938_2/SUMO_output/data_processed/new_assignments_10s/exp_4.npy
/scratch/tmp/gorczyca/URB_results/grid1k/grid1k_405938_2,2,5,370,exp_5.npy,exp_370.npy,/scratch/tmp/gorczyca/URB_results/grid1k/grid1k_405938_2/SUMO_output/data_processed/new_flows_10s/exp_5.npy,/scratch/tmp/gorczyca/URB_results/grid1k/grid1k_405938_2/SUMO_output/data_processed/new_assignments_10s/exp_5.npy
/scratch/tmp/gorczyca/URB_results/grid1k/grid1k_405938_2,2,6,371,exp_6.npy,exp_371.npy,/scratch/tmp/gorczyca/URB_results/grid1k/grid1k_405938_2/SUMO_output/data_processed/new_flows_10s/exp_6.npy,/scratch/tmp/gorczyca/URB_results/grid1k/grid1k_405938_2/SUMO_output/data_processed/new_assignments_10s/exp_6.npy
/scratch/tmp/gorczyca/URB_results/grid1k/grid1k_405938_2,2,7,372,exp_7.npy,exp_372.npy,/scratch/tmp/gorczyca/URB_results/grid1k/grid1k_405938_2/SUMO_output/data_processed/new_flows_10s/exp_7.npy,/scratch/tmp/gorczyca/URB_results/grid1k/grid1k_405938_2/SUMO_output/data_processed/new_assignments_10s/exp_7.npy
/scratch/tmp/gorczyca/URB_results/grid1k/grid1k_405938_2,2,8,373,exp_8.npy,exp_373.npy,/scratch/tmp/gorczyca/URB_results/grid1k/grid1k_405938_2/SUMO_output/data_processed/new_flows_10s/exp_8.npy,/scratch/tmp/gorczyca/URB_results/grid1k/grid1k_405938_2/SUMO_output/data_processed/new_assignments_10s/exp_8.npy
/scratch/tmp/gorczyca/URB_results/grid1k/grid1k_405938_2,2,9,374,exp_9.npy,exp_374.npy,/scratch/tmp/gorczyca/URB_results/grid1k/grid1k_405938_2/SUMO_output/data_processed/new_flows_10s/exp_9.npy,/scratch/tmp/gorczyca/URB_results/grid1k/grid1k_405938_2/SUMO_output/data_processed/new_assignments_10s/exp_9.npy
/scratch/tmp/gorczyca/URB_results/grid1k/grid1k_405938_2,2,10,375,exp_10.npy,exp_375.npy,/scratch/tmp/gorczyca/URB_results/grid1k/grid1k_405938_2/SUMO_output/data_processed/new_flows_10s/exp_10.npy,/scratch/tmp/gorczyca/URB_results/grid1k/grid1k_405938_2/SUMO_output/data_processed/new_assignments_10s/exp_10.npy
/scratch/tmp/gorczyca/URB_results/grid1k/grid1k_405938_2,2,11,376,exp_11.npy,exp_376.npy,/scratch/tmp/gorczyca/URB_results/grid1k/grid1k_405938_2/SUMO_output/data_processed/new_flows_10s/exp_11.npy,/scratch/tmp/gorczyca/URB_results/grid1k/grid1k_405938_2/SUMO_output/data_processed/new_assignments_10s/exp_11.npy
/scratch/tmp/gorczyca/URB_results/grid1k/grid1k_405938_2,2,12,377,exp_12.npy,exp_377.npy,/scratch/tmp/gorczyca/URB_results/grid1k/grid1k_405938_2/SUMO_output/data_processed/new_flows_10s/exp_12.npy,/scratch/tmp/gorczyca/URB_results/grid1k/grid1k_405938_2/SUMO_output/data_processed/new_assignments_10s/exp_12.npy
/scratch/tmp/gorczyca/URB_results/grid1k/grid1k_405938_2,2,13,378,exp_13.npy,exp_378.npy,/scratch/tmp/gorczyca/URB_results/grid1k/grid1k_405938_2/SUMO_output/data_processed/new_flows_10s/exp_13.npy,/scratch/tmp/gorczyca/URB_results/grid1k/grid1k_405938_2/SUMO_output/data_processed/new_assignments_10s/exp_13.npy
/scratch/tmp/gorczyca/URB_results/grid1k/grid1k_405938_2,2,14,379,exp_14.npy,exp_379.npy,/scratch/tmp/gorczyca/URB_results/grid1k/grid1k_405938_2/SUMO_output/data_processed/new_flows_10s/exp_14.npy,/scratch/tmp/gorczyca/URB_results/grid1k/grid1k_405938_2/SUMO_output/data_processed/new_assignments_10s/exp_14.npy
/scratch/tmp/gorczyca/URB_results/grid1k/grid1k_405938_2,2,15,380,exp_15.npy,exp_380.npy,/scratch/tmp/gorczyca/URB_results/grid1k/grid1k_405938_2/SUMO_output/data_processed/new_flows_10s/exp_15.npy,/scratch/tmp/gorczyca/URB_results/grid1k/grid1k_405938_2/SUMO_output/data_processed/new_assignments_10s/exp_15.npy
/scratch/tmp/gorczyca/URB_results/grid1k/grid1k_405938_2,2,16,381,exp_16.npy,exp_381.npy,/scratch/tmp/gorczyca/URB_results/grid1k/grid1k_405938_2/SUMO_output/data_processed/new_flows_10s/exp_16.npy,/scratch/tmp/gorczyca/URB_results/grid1k/grid1k_405938_2/SUMO_output/data_processed/new_assignments_10s/exp_16.npy
/scratch/tmp/gorczyca/URB_results/grid1k/grid1k_405938_2,2,17,382,exp_17.npy,exp_382.npy,/scratch/tmp/gorczyca/URB_results/grid1k/grid1k_405938_2/SUMO_output/data_processed/new_flows_10s/exp_17.npy,/scratch/tmp/gorczyca/URB_results/grid1k/grid1k_405938_2/SUMO_output/data_processed/new_assignments_10s/exp_17.npy
/scratch/tmp/gorczyca/URB_results/grid1k/grid1k_405938_2,2,18,383,exp_18.npy,exp_383.npy,/scratch/tmp/gorczyca/URB_results/grid1k/grid1k_405938_2/SUMO_output/data_processed/new_flows_10s/exp_18.npy,/scratch/tmp/gorczyca/URB_results/grid1k/grid1k_405938_2/SUMO_output/data_processed/new_assignments_10s/exp_18.npy
/scratch/tmp/gorczyca/URB_results/grid1k/grid1k_405938_2,2,19,384,exp_19.npy,exp_384.npy,/scratch/tmp/gorczyca/URB_results/grid1k/grid1k_405938_2/SUMO_output/data_processed/new_flows_10s/exp_19.npy,/scratch/tmp/gorczyca/URB_results/grid1k/grid1k_405938_2/SUMO_output/data_processed/new_assignments_10s/exp_19.npy
/scratch/tmp/gorczyca/URB_results/grid1k/grid1k_405938_2,2,20,385,exp_20.npy,exp_385.npy,/scratch/tmp/gorczyca/URB_results/grid1k/grid1k_405938_2/SUMO_output/data_processed/new_flows_10s/exp_20.npy,/scratch/tmp/gorczyca/URB_results/grid1k/grid1k_405938_2/SUMO_output/data_processed/new_assignments_10s/exp_20.npy
/scratch/tmp/gorczyca/URB_results/grid1k/grid1k_405938_2,2,21,386,exp_21.npy,exp_386.npy,/scratch/tmp/gorczyca/URB_results/grid1k/grid1k_405938_2/SUMO_output/data_processed/new_flows_10s/exp_21.npy,/scratch/tmp/gorczyca/URB_results/grid1k/grid1k_405938_2/SUMO_output/data_processed/new_assignments_10s/exp_21.npy
/scratch/tmp/gorczyca/URB_results/grid1k/grid1k_405938_2,2,22,387,exp_22.npy,exp_387.npy,/scratch/tmp/gorczyca/URB_results/grid1k/grid1k_405938_2/SUMO_output/data_processed/new_flows_10s/exp_22.npy,/scratch/tmp/gorczyca/URB_results/grid1k/grid1k_405938_2/SUMO_output/data_processed/new_assignments_10s/exp_22.npy
/scratch/tmp/gorczyca/URB_results/grid1k/grid1k_405938_2,2,23,388,exp_23.npy,exp_388.npy,/scratch/tmp/gorczyca/URB_results/grid1k/grid1k_405938_2/SUMO_output/data_processed/new_flows_10s/exp_23.npy,/scratch/tmp/gorczyca/URB_results/grid1k/grid1k_405938_2/SUMO_output/data_processed/new_assignments_10s/exp_23.npy
/scratch/tmp/gorczyca/URB_results/grid1k/grid1k_405938_2,2,24,389,exp_24.npy,exp_389.npy,/scratch/tmp/gorczyca/URB_results/grid1k/grid1k_405938_2/SUMO_output/data_processed/new_flows_10s/exp_24.npy,/scratch/tmp/gorczyca/URB_results/grid1k/grid1k_405938_2/SUMO_output/data_processed/new_assignments_10s/exp_24.npy
/scratch/tmp/gorczyca/URB_results/grid1k/grid1k_405938_2,2,25,390,exp_25.npy,exp_390.npy,/scratch/tmp/gorczyca/URB_results/grid1k/grid1k_405938_2/SUMO_output/data_processed/new_flows_10s/exp_25.npy,/scratch/tmp/gorczyca/URB_results/grid1k/grid1k_405938_2/SUMO_output/data_processed/new_assignments_10s/exp_25.npy
/scratch/tmp/gorczyca/URB_results/grid1k/grid1k_405938_2,2,26,391,exp_26.npy,exp_391.npy,/scratch/tmp/gorczyca/URB_results/grid1k/grid1k_405938_2/SUMO_output/data_processed/new_flows_10s/exp_26.npy,/scratch/tmp/gorczyca/URB_results/grid1k/grid1k_405938_2/SUMO_output/data_processed/new_assignments_10s/exp_26.npy
/scratch/tmp/gorczyca/URB_results/grid1k/grid1k_405938_2,2,27,392,exp_27.npy,exp_392.npy,/scratch/tmp/gorczyca/URB_results/grid1k/grid1k_405938_2/SUMO_output/data_processed/new_flows_10s/exp_27.npy,/scratch/tmp/gorczyca/URB_results/grid1k/grid1k_405938_2/SUMO_output/data_processed/new_assignments_10s/exp_27.npy
/scratch/tmp/gorczyca/URB_results/grid1k/grid1k_405938_2,2,28,393,exp_28.npy,exp_393.npy,/scratch/tmp/gorczyca/URB_results/grid1k/grid1k_405938_2/SUMO_output/data_processed/new_flows_10s/exp_28.npy,/scratch/tmp/gorczyca/URB_results/grid1k/grid1k_405938_2/SUMO_output/data_processed/new_assignments_10s/exp_28.npy
/scratch/tmp/gorczyca/URB_results/grid1k/grid1k_405938_2,2,29,394,exp_29.npy,exp_394.npy,/scratch/tmp/gorczyca/URB_results/grid1k/grid1k_405938_2/SUMO_output/data_processed/new_flows_10s/exp_29.npy,/scratch/tmp/gorczyca/URB_results/grid1k/grid1k_405938_2/SUMO_output/data_processed/new_assignments_10s/exp_29.npy
/scratch/tmp/gorczyca/URB_results/grid1k/grid1k_405938_2,2,30,395,exp_30.npy,exp_395.npy,/scratch/tmp/gorczyca/URB_results/grid1k/grid1k_405938_2/SUMO_output/data_processed/new_flows_10s/exp_30.npy,/scratch/tmp/gorczyca/URB_results/grid1k/grid1k_405938_2/SUMO_output/data_processed/new_assignments_10s/exp_30.npy
/scratch/tmp/gorczyca/URB_results/grid1k/grid1k_405938_2,2,31,396,exp_31.npy,exp_396.npy,/scratch/tmp/gorczyca/URB_results/grid1k/grid1k_405938_2/SUMO_output/data_processed/new_flows_10s/exp_31.npy,/scratch/tmp/gorczyca/URB_results/grid1k/grid1k_405938_2/SUMO_output/data_processed/new_assignments_10s/exp_31.npy
/scratch/tmp/gorczyca/URB_results/grid1k/grid1k_405938_2,2,32,397,exp_32.npy,exp_397.npy,/scratch/tmp/gorczyca/URB_results/grid1k/grid1k_405938_2/SUMO_output/data_processed/new_flows_10s/exp_32.npy,/scratch/tmp/gorczyca/URB_results/grid1k/grid1k_405938_2/SUMO_output/data_processed/new_assignments_10s/exp_32.npy
/scratch/tmp/gorczyca/URB_results/grid1k/grid1k_405938_2,2,33,398,exp_33.npy,exp_398.npy,/scratch/tmp/gorczyca/URB_results/grid1k/grid1k_405938_2/SUMO_output/data_processed/new_flows_10s/exp_33.npy,/scratch/tmp/gorczyca/URB_results/grid1k/grid1k_405938_2/SUMO_output/data_processed/new_assignments_10s/exp_33.npy
/scratch/tmp/gorczyca/URB_results/grid1k/grid1k_405938_2,2,34,399,exp_34.npy,exp_399.npy,/scratch/tmp/gorczyca/URB_results/grid1k/grid1k_405938_2/SUMO_output/data_processed/new_flows_10s/exp_34.npy,/scratch/tmp/gorczyca/URB_results/grid1k/grid1k_405938_2/SUMO_output/data_processed/new_assignments_10s/exp_34.npy
/scratch/tmp/gorczyca/URB_results/grid1k/grid1k_405938_2,2,35,400,exp_35.npy,exp_400.npy,/scratch/tmp/gorczyca/URB_results/grid1k/grid1k_405938_2/SUMO_output/data_processed/new_flows_10s/exp_35.npy,/scratch/tmp/gorczyca/URB_results/grid1k/grid1k_405938_2/SUMO_output/data_processed/new_assignments_10s/exp_35.npy
/scratch/tmp/gorczyca/URB_results/grid1k/grid1k_405938_2,2,36,401,exp_36.npy,exp_401.npy,/scratch/tmp/gorczyca/URB_results/grid1k/grid1k_405938_2/SUMO_output/data_processed/new_flows_10s/exp_36.npy,/scratch/tmp/gorczyca/URB_results/grid1k/grid1k_405938_2/SUMO_output/data_processed/new_assignments_10s/exp_36.npy
/scratch/tmp/gorczyca/URB_results/grid1k/grid1k_405938_2,2,37,402,exp_37.npy,exp_402.npy,/scratch/tmp/gorczyca/URB_results/grid1k/grid1k_405938_2/SUMO_output/data_processed/new_flows_10s/exp_37.npy,/scratch/tmp/gorczyca/URB_results/grid1k/grid1k_405938_2/SUMO_output/data_processed/new_assignments_10s/exp_37.npy
/scratch/tmp/gorczyca/URB_results/grid1k/grid1k_405938_2,2,38,403,exp_38.npy,exp_403.npy,/scratch/tmp/gorczyca/URB_results/grid1k/grid1k_405938_2/SUMO_output/data_processed/new_flows_10s/exp_38.npy,/scratch/tmp/gorczyca/URB_results/grid1k/grid1k_405938_2/SUMO_output/data_processed/new_assignments_10s/exp_38.npy
/scratch/tmp/gorczyca/URB_results/grid1k/grid1k_405938_2,2,39,404,exp_39.npy,exp_404.npy,/scratch/tmp/gorczyca/URB_results/grid1k/grid1k_405938_2/SUMO_output/data_processed/new_flows_10s/exp_39.npy,/scratch/tmp/gorczyca/URB_results/grid1k/grid1k_405938_2/SUMO_output/data_processed/new_assignments_10s/exp_39.npy
/scratch/tmp/gorczyca/URB_results/grid1k/grid1k_405938_2,2,40,405,exp_40.npy,exp_405.npy,/scratch/tmp/gorczyca/URB_results/grid1k/grid1k_405938_2/SUMO_output/data_processed/new_flows_10s/exp_40.npy,/scratch/tmp/gorczyca/URB_results/grid1k/grid1k_405938_2/SUMO_output/data_processed/new_assignments_10s/exp_40.npy
/scratch/tmp/gorczyca/URB_results/grid1k/grid1k_405938_2,2,41,406,exp_41.npy,exp_406.npy,/scratch/tmp/gorczyca/URB_results/grid1k/grid1k_405938_2/SUMO_output/data_processed/new_flows_10s/exp_41.npy,/scratch/tmp/gorczyca/URB_results/grid1k/grid1k_405938_2/SUMO_output/data_processed/new_assignments_10s/exp_41.npy
/scratch/tmp/gorczyca/URB_results/grid1k/grid1k_405938_2,2,42,407,exp_42.npy,exp_407.npy,/scratch/tmp/gorczyca/URB_results/grid1k/grid1k_405938_2/SUMO_output/data_processed/new_flows_10s/exp_42.npy,/scratch/tmp/gorczyca/URB_results/grid1k/grid1k_405938_2/SUMO_output/data_processed/new_assignments_10s/exp_42.npy
/scratch/tmp/gorczyca/URB_results/grid1k/grid1k_405938_2,2,43,408,exp_43.npy,exp_408.npy,/scratch/tmp/gorczyca/URB_results/grid1k/grid1k_405938_2/SUMO_output/data_processed/new_flows_10s/exp_43.npy,/scratch/tmp/gorczyca/URB_results/grid1k/grid1k_405938_2/SUMO_output/data_processed/new_assignments_10s/exp_43.npy
/scratch/tmp/gorczyca/URB_results/grid1k/grid1k_405938_2,2,44,409,exp_44.npy,exp_409.npy,/scratch/tmp/gorczyca/URB_results/grid1k/grid1k_405938_2/SUMO_output/data_processed/new_flows_10s/exp_44.npy,/scratch/tmp/gorczyca/URB_results/grid1k/grid1k_405938_2/SUMO_output/data_processed/new_assignments_10s/exp_44.npy
/scratch/tmp/gorczyca/URB_results/grid1k/grid1k_405938_2,2,45,410,exp_45.npy,exp_410.npy,/scratch/tmp/gorczyca/URB_results/grid1k/grid1k_405938_2/SUMO_output/data_processed/new_flows_10s/exp_45.npy,/scratch/tmp/gorczyca/URB_results/grid1k/grid1k_405938_2/SUMO_output/data_processed/new_assignments_10s/exp_45.npy
/scratch/tmp/gorczyca/URB_results/grid1k/grid1k_405938_2,2,46,411,exp_46.npy,exp_411.npy,/scratch/tmp/gorczyca/URB_results/grid1k/grid1k_405938_2/SUMO_output/data_processed/new_flows_10s/exp_46.npy,/scratch/tmp/gorczyca/URB_results/grid1k/grid1k_405938_2/SUMO_output/data_processed/new_assignments_10s/exp_46.npy
/scratch/tmp/gorczyca/URB_results/grid1k/grid1k_405938_2,2,47,412,exp_47.npy,exp_412.npy,/scratch/tmp/gorczyca/URB_results/grid1k/grid1k_405938_2/SUMO_output/data_processed/new_flows_10s/exp_47.npy,/scratch/tmp/gorczyca/URB_results/grid1k/grid1k_405938_2/SUMO_output/data_processed/new_assignments_10s/exp_47.npy
/scratch/tmp/gorczyca/URB_results/grid1k/grid1k_405938_2,2,48,413,exp_48.npy,exp_413.npy,/scratch/tmp/gorczyca/URB_results/grid1k/grid1k_405938_2/SUMO_output/data_processed/new_flows_10s/exp_48.npy,/scratch/tmp/gorczyca/URB_results/grid1k/grid1k_405938_2/SUMO_output/data_processed/new_assignments_10s/exp_48.npy
/scratch/tmp/gorczyca/URB_results/grid1k/grid1k_405938_2,2,49,414,exp_49.npy,exp_414.npy,/scratch/tmp/gorczyca/URB_results/grid1k/grid1k_405938_2/SUMO_output/data_processed/new_flows_10s/exp_49.npy,/scratch/tmp/gorczyca/URB_results/grid1k/grid1k_405938_2/SUMO_output/data_processed/new_assignments_10s/exp_49.npy
/scratch/tmp/gorczyca/URB_results/grid1k/grid1k_405938_2,2,50,415,exp_50.npy,exp_415.npy,/scratch/tmp/gorczyca/URB_results/grid1k/grid1k_405938_2/SUMO_output/data_processed/new_flows_10s/exp_50.npy,/scratch/tmp/gorczyca/URB_results/grid1k/grid1k_405938_2/SUMO_output/data_processed/new_assignments_10s/exp_50.npy
/scratch/tmp/gorczyca/URB_results/grid1k/grid1k_405938_2,2,51,416,exp_51.npy,exp_416.npy,/scratch/tmp/gorczyca/URB_results/grid1k/grid1k_405938_2/SUMO_output/data_processed/new_flows_10s/exp_51.npy,/scratch/tmp/gorczyca/URB_results/grid1k/grid1k_405938_2/SUMO_output/data_processed/new_assignments_10s/exp_51.npy
/scratch/tmp/gorczyca/URB_results/grid1k/grid1k_405938_2,2,52,417,exp_52.npy,exp_417.npy,/scratch/tmp/gorczyca/URB_results/grid1k/grid1k_405938_2/SUMO_output/data_processed/new_flows_10s/exp_52.npy,/scratch/tmp/gorczyca/URB_results/grid1k/grid1k_405938_2/SUMO_output/data_processed/new_assignments_10s/exp_52.npy
/scratch/tmp/gorczyca/URB_results/grid1k/grid1k_405938_2,2,53,418,exp_53.npy,exp_418.npy,/scratch/tmp/gorczyca/URB_results/grid1k/grid1k_405938_2/SUMO_output/data_processed/new_flows_10s/exp_53.npy,/scratch/tmp/gorczyca/URB_results/grid1k/grid1k_405938_2/SUMO_output/data_processed/new_assignments_10s/exp_53.npy
/scratch/tmp/gorczyca/URB_results/grid1k/grid1k_405938_2,2,54,419,exp_54.npy,exp_419.npy,/scratch/tmp/gorczyca/URB_results/grid1k/grid1k_405938_2/SUMO_output/data_processed/new_flows_10s/exp_54.npy,/scratch/tmp/gorczyca/URB_results/grid1k/grid1k_405938_2/SUMO_output/data_processed/new_assignments_10s/exp_54.npy
/scratch/tmp/gorczyca/URB_results/grid1k/grid1k_405938_2,2,55,420,exp_55.npy,exp_420.npy,/scratch/tmp/gorczyca/URB_results/grid1k/grid1k_405938_2/SUMO_output/data_processed/new_flows_10s/exp_55.npy,/scratch/tmp/gorczyca/URB_results/grid1k/grid1k_405938_2/SUMO_output/data_processed/new_assignments_10s/exp_55.npy
/scratch/tmp/gorczyca/URB_results/grid1k/grid1k_405938_2,2,56,421,exp_56.npy,exp_421.npy,/scratch/tmp/gorczyca/URB_results/grid1k/grid1k_405938_2/SUMO_output/data_processed/new_flows_10s/exp_56.npy,/scratch/tmp/gorczyca/URB_results/grid1k/grid1k_405938_2/SUMO_output/data_processed/new_assignments_10s/exp_56.npy
/scratch/tmp/gorczyca/URB_results/grid1k/grid1k_405938_2,2,57,422,exp_57.npy,exp_422.npy,/scratch/tmp/gorczyca/URB_results/grid1k/grid1k_405938_2/SUMO_output/data_processed/new_flows_10s/exp_57.npy,/scratch/tmp/gorczyca/URB_results/grid1k/grid1k_405938_2/SUMO_output/data_processed/new_assignments_10s/exp_57.npy
/scratch/tmp/gorczyca/URB_results/grid1k/grid1k_405938_2,2,58,423,exp_58.npy,exp_423.npy,/scratch/tmp/gorczyca/URB_results/grid1k/grid1k_405938_2/SUMO_output/data_processed/new_flows_10s/exp_58.npy,/scratch/tmp/gorczyca/URB_results/grid1k/grid1k_405938_2/SUMO_output/data_processed/new_assignments_10s/exp_58.npy
/scratch/tmp/gorczyca/URB_results/grid1k/grid1k_405938_2,2,59,424,exp_59.npy,exp_424.npy,/scratch/tmp/gorczyca/URB_results/grid1k/grid1k_405938_2/SUMO_output/data_processed/new_flows_10s/exp_59.npy,/scratch/tmp/gorczyca/URB_results/grid1k/grid1k_405938_2/SUMO_output/data_processed/new_assignments_10s/exp_59.npy
/scratch/tmp/gorczyca/URB_results/grid1k/grid1k_405938_2,2,60,425,exp_60.npy,exp_425.npy,/scratch/tmp/gorczyca/URB_results/grid1k/grid1k_405938_2/SUMO_output/data_processed/new_flows_10s/exp_60.npy,/scratch/tmp/gorczyca/URB_results/grid1k/grid1k_405938_2/SUMO_output/data_processed/new_assignments_10s/exp_60.npy
/scratch/tmp/gorczyca/URB_results/grid1k/grid1k_405938_2,2,61,426,exp_61.npy,exp_426.npy,/scratch/tmp/gorczyca/URB_results/grid1k/grid1k_405938_2/SUMO_output/data_processed/new_flows_10s/exp_61.npy,/scratch/tmp/gorczyca/URB_results/grid1k/grid1k_405938_2/SUMO_output/data_processed/new_assignments_10s/exp_61.npy
/scratch/tmp/gorczyca/URB_results/grid1k/grid1k_405938_2,2,62,427,exp_62.npy,exp_427.npy,/scratch/tmp/gorczyca/URB_results/grid1k/grid1k_405938_2/SUMO_output/data_processed/new_flows_10s/exp_62.npy,/scratch/tmp/gorczyca/URB_results/grid1k/grid1k_405938_2/SUMO_output/data_processed/new_assignments_10s/exp_62.npy
/scratch/tmp/gorczyca/URB_results/grid1k/grid1k_405938_2,2,63,428,exp_63.npy,exp_428.npy,/scratch/tmp/gorczyca/URB_results/grid1k/grid1k_405938_2/SUMO_output/data_processed/new_flows_10s/exp_63.npy,/scratch/tmp/gorczyca/URB_results/grid1k/grid1k_405938_2/SUMO_output/data_processed/new_assignments_10s/exp_63.npy
/scratch/tmp/gorczyca/URB_results/grid1k/grid1k_405938_2,2,64,429,exp_64.npy,exp_429.npy,/scratch/tmp/gorczyca/URB_results/grid1k/grid1k_405938_2/SUMO_output/data_processed/new_flows_10s/exp_64.npy,/scratch/tmp/gorczyca/URB_results/grid1k/grid1k_405938_2/SUMO_output/data_processed/new_assignments_10s/exp_64.npy
/scratch/tmp/gorczyca/URB_results/grid1k/grid1k_405938_2,2,65,430,exp_65.npy,exp_430.npy,/scratch/tmp/gorczyca/URB_results/grid1k/grid1k_405938_2/SUMO_output/data_processed/new_flows_10s/exp_65.npy,/scratch/tmp/gorczyca/URB_results/grid1k/grid1k_405938_2/SUMO_output/data_processed/new_assignments_10s/exp_65.npy
/scratch/tmp/gorczyca/URB_results/grid1k/grid1k_405938_2,2,66,431,exp_66.npy,exp_431.npy,/scratch/tmp/gorczyca/URB_results/grid1k/grid1k_405938_2/SUMO_output/data_processed/new_flows_10s/exp_66.npy,/scratch/tmp/gorczyca/URB_results/grid1k/grid1k_405938_2/SUMO_output/data_processed/new_assignments_10s/exp_66.npy
/scratch/tmp/gorczyca/URB_results/grid1k/grid1k_405938_2,2,67,432,exp_67.npy,exp_432.npy,/scratch/tmp/gorczyca/URB_results/grid1k/grid1k_405938_2/SUMO_output/data_processed/new_flows_10s/exp_67.npy,/scratch/tmp/gorczyca/URB_results/grid1k/grid1k_405938_2/SUMO_output/data_processed/new_assignments_10s/exp_67.npy
/scratch/tmp/gorczyca/URB_results/grid1k/grid1k_405938_2,2,68,433,exp_68.npy,exp_433.npy,/scratch/tmp/gorczyca/URB_results/grid1k/grid1k_405938_2/SUMO_output/data_processed/new_flows_10s/exp_68.npy,/scratch/tmp/gorczyca/URB_results/grid1k/grid1k_405938_2/SUMO_output/data_processed/new_assignments_10s/exp_68.npy
/scratch/tmp/gorczyca/URB_results/grid1k/grid1k_405938_2,2,69,434,exp_69.npy,exp_434.npy,/scratch/tmp/gorczyca/URB_results/grid1k/grid1k_405938_2/SUMO_output/data_processed/new_flows_10s/exp_69.npy,/scratch/tmp/gorczyca/URB_results/grid1k/grid1k_405938_2/SUMO_output/data_processed/new_assignments_10s/exp_69.npy
/scratch/tmp/gorczyca/URB_results/grid1k/grid1k_405938_2,2,70,435,exp_70.npy,exp_435.npy,/scratch/tmp/gorczyca/URB_results/grid1k/grid1k_405938_2/SUMO_output/data_processed/new_flows_10s/exp_70.npy,/scratch/tmp/gorczyca/URB_results/grid1k/grid1k_405938_2/SUMO_output/data_processed/new_assignments_10s/exp_70.npy
/scratch/tmp/gorczyca/URB_results/grid1k/grid1k_405938_2,2,71,436,exp_71.npy,exp_436.npy,/scratch/tmp/gorczyca/URB_results/grid1k/grid1k_405938_2/SUMO_output/data_processed/new_flows_10s/exp_71.npy,/scratch/tmp/gorczyca/URB_results/grid1k/grid1k_405938_2/SUMO_output/data_processed/new_assignments_10s/exp_71.npy
/scratch/tmp/gorczyca/URB_results/grid1k/grid1k_405938_2,2,72,437,exp_72.npy,exp_437.npy,/scratch/tmp/gorczyca/URB_results/grid1k/grid1k_405938_2/SUMO_output/data_processed/new_flows_10s/exp_72.npy,/scratch/tmp/gorczyca/URB_results/grid1k/grid1k_405938_2/SUMO_output/data_processed/new_assignments_10s/exp_72.npy
/scratch/tmp/gorczyca/URB_results/grid1k/grid1k_405938_2,2,73,438,exp_73.npy,exp_438.npy,/scratch/tmp/gorczyca/URB_results/grid1k/grid1k_405938_2/SUMO_output/data_processed/new_flows_10s/exp_73.npy,/scratch/tmp/gorczyca/URB_results/grid1k/grid1k_405938_2/SUMO_output/data_processed/new_assignments_10s/exp_73.npy
/scratch/tmp/gorczyca/URB_results/grid1k/grid1k_405938_2,2,74,439,exp_74.npy,exp_439.npy,/scratch/tmp/gorczyca/URB_results/grid1k/grid1k_405938_2/SUMO_output/data_processed/new_flows_10s/exp_74.npy,/scratch/tmp/gorczyca/URB_results/grid1k/grid1k_405938_2/SUMO_output/data_processed/new_assignments_10s/exp_74.npy
/scratch/tmp/gorczyca/URB_results/grid1k/grid1k_405938_2,2,75,440,exp_75.npy,exp_440.npy,/scratch/tmp/gorczyca/URB_results/grid1k/grid1k_405938_2/SUMO_output/data_processed/new_flows_10s/exp_75.npy,/scratch/tmp/gorczyca/URB_results/grid1k/grid1k_405938_2/SUMO_output/data_processed/new_assignments_10s/exp_75.npy
/scratch/tmp/gorczyca/URB_results/grid1k/grid1k_405938_2,2,76,441,exp_76.npy,exp_441.npy,/scratch/tmp/gorczyca/URB_results/grid1k/grid1k_405938_2/SUMO_output/data_processed/new_flows_10s/exp_76.npy,/scratch/tmp/gorczyca/URB_results/grid1k/grid1k_405938_2/SUMO_output/data_processed/new_assignments_10s/exp_76.npy
/scratch/tmp/gorczyca/URB_results/grid1k/grid1k_405938_2,2,77,442,exp_77.npy,exp_442.npy,/scratch/tmp/gorczyca/URB_results/grid1k/grid1k_405938_2/SUMO_output/data_processed/new_flows_10s/exp_77.npy,/scratch/tmp/gorczyca/URB_results/grid1k/grid1k_405938_2/SUMO_output/data_processed/new_assignments_10s/exp_77.npy
/scratch/tmp/gorczyca/URB_results/grid1k/grid1k_405938_2,2,78,443,exp_78.npy,exp_443.npy,/scratch/tmp/gorczyca/URB_results/grid1k/grid1k_405938_2/SUMO_output/data_processed/new_flows_10s/exp_78.npy,/scratch/tmp/gorczyca/URB_results/grid1k/grid1k_405938_2/SUMO_output/data_processed/new_assignments_10s/exp_78.npy
/scratch/tmp/gorczyca/URB_results/grid1k/grid1k_405938_2,2,79,444,exp_79.npy,exp_444.npy,/scratch/tmp/gorczyca/URB_results/grid1k/grid1k_405938_2/SUMO_output/data_processed/new_flows_10s/exp_79.npy,/scratch/tmp/gorczyca/URB_results/grid1k/grid1k_405938_2/SUMO_output/data_processed/new_assignments_10s/exp_79.npy
/scratch/tmp/gorczyca/URB_results/grid1k/grid1k_405938_2,2,80,445,exp_80.npy,exp_445.npy,/scratch/tmp/gorczyca/URB_results/grid1k/grid1k_405938_2/SUMO_output/data_processed/new_flows_10s/exp_80.npy,/scratch/tmp/gorczyca/URB_results/grid1k/grid1k_405938_2/SUMO_output/data_processed/new_assignments_10s/exp_80.npy
/scratch/tmp/gorczyca/URB_results/grid1k/grid1k_405938_2,2,81,446,exp_81.npy,exp_446.npy,/scratch/tmp/gorczyca/URB_results/grid1k/grid1k_405938_2/SUMO_output/data_processed/new_flows_10s/exp_81.npy,/scratch/tmp/gorczyca/URB_results/grid1k/grid1k_405938_2/SUMO_output/data_processed/new_assignments_10s/exp_81.npy
/scratch/tmp/gorczyca/URB_results/grid1k/grid1k_405938_2,2,82,447,exp_82.npy,exp_447.npy,/scratch/tmp/gorczyca/URB_results/grid1k/grid1k_405938_2/SUMO_output/data_processed/new_flows_10s/exp_82.npy,/scratch/tmp/gorczyca/URB_results/grid1k/grid1k_405938_2/SUMO_output/data_processed/new_assignments_10s/exp_82.npy
/scratch/tmp/gorczyca/URB_results/grid1k/grid1k_405938_2,2,83,448,exp_83.npy,exp_448.npy,/scratch/tmp/gorczyca/URB_results/grid1k/grid1k_405938_2/SUMO_output/data_processed/new_flows_10s/exp_83.npy,/scratch/tmp/gorczyca/URB_results/grid1k/grid1k_405938_2/SUMO_output/data_processed/new_assignments_10s/exp_83.npy
/scratch/tmp/gorczyca/URB_results/grid1k/grid1k_405938_2,2,84,449,exp_84.npy,exp_449.npy,/scratch/tmp/gorczyca/URB_results/grid1k/grid1k_405938_2/SUMO_output/data_processed/new_flows_10s/exp_84.npy,/scratch/tmp/gorczyca/URB_results/grid1k/grid1k_405938_2/SUMO_output/data_processed/new_assignments_10s/exp_84.npy
/scratch/tmp/gorczyca/URB_results/grid1k/grid1k_405938_2,2,85,450,exp_85.npy,exp_450.npy,/scratch/tmp/gorczyca/URB_results/grid1k/grid1k_405938_2/SUMO_output/data_processed/new_flows_10s/exp_85.npy,/scratch/tmp/gorczyca/URB_results/grid1k/grid1k_405938_2/SUMO_output/data_processed/new_assignments_10s/exp_85.npy
/scratch/tmp/gorczyca/URB_results/grid1k/grid1k_405938_2,2,86,451,exp_86.npy,exp_451.npy,/scratch/tmp/gorczyca/URB_results/grid1k/grid1k_405938_2/SUMO_output/data_processed/new_flows_10s/exp_86.npy,/scratch/tmp/gorczyca/URB_results/grid1k/grid1k_405938_2/SUMO_output/data_processed/new_assignments_10s/exp_86.npy
/scratch/tmp/gorczyca/URB_results/grid1k/grid1k_405938_2,2,87,452,exp_87.npy,exp_452.npy,/scratch/tmp/gorczyca/URB_results/grid1k/grid1k_405938_2/SUMO_output/data_processed/new_flows_10s/exp_87.npy,/scratch/tmp/gorczyca/URB_results/grid1k/grid1k_405938_2/SUMO_output/data_processed/new_assignments_10s/exp_87.npy
/scratch/tmp/gorczyca/URB_results/grid1k/grid1k_405938_2,2,88,453,exp_88.npy,exp_453.npy,/scratch/tmp/gorczyca/URB_results/grid1k/grid1k_405938_2/SUMO_output/data_processed/new_flows_10s/exp_88.npy,/scratch/tmp/gorczyca/URB_results/grid1k/grid1k_405938_2/SUMO_output/data_processed/new_assignments_10s/exp_88.npy
/scratch/tmp/gorczyca/URB_results/grid1k/grid1k_405938_2,2,89,454,exp_89.npy,exp_454.npy,/scratch/tmp/gorczyca/URB_results/grid1k/grid1k_405938_2/SUMO_output/data_processed/new_flows_10s/exp_89.npy,/scratch/tmp/gorczyca/URB_results/grid1k/grid1k_405938_2/SUMO_output/data_processed/new_assignments_10s/exp_89.npy
/scratch/tmp/gorczyca/URB_results/grid1k/grid1k_405938_2,2,90,455,exp_90.npy,exp_455.npy,/scratch/tmp/gorczyca/URB_results/grid1k/grid1k_405938_2/SUMO_output/data_processed/new_flows_10s/exp_90.npy,/scratch/tmp/gorczyca/URB_results/grid1k/grid1k_405938_2/SUMO_output/data_processed/new_assignments_10s/exp_90.npy
/scratch/tmp/gorczyca/URB_results/grid1k/grid1k_405938_2,2,91,456,exp_91.npy,exp_456.npy,/scratch/tmp/gorczyca/URB_results/grid1k/grid1k_405938_2/SUMO_output/data_processed/new_flows_10s/exp_91.npy,/scratch/tmp/gorczyca/URB_results/grid1k/grid1k_405938_2/SUMO_output/data_processed/new_assignments_10s/exp_91.npy
/scratch/tmp/gorczyca/URB_results/grid1k/grid1k_405938_2,2,92,457,exp_92.npy,exp_457.npy,/scratch/tmp/gorczyca/URB_results/grid1k/grid1k_405938_2/SUMO_output/data_processed/new_flows_10s/exp_92.npy,/scratch/tmp/gorczyca/URB_results/grid1k/grid1k_405938_2/SUMO_output/data_processed/new_assignments_10s/exp_92.npy
/scratch/tmp/gorczyca/URB_results/grid1k/grid1k_405938_2,2,93,458,exp_93.npy,exp_458.npy,/scratch/tmp/gorczyca/URB_results/grid1k/grid1k_405938_2/SUMO_output/data_processed/new_flows_10s/exp_93.npy,/scratch/tmp/gorczyca/URB_results/grid1k/grid1k_405938_2/SUMO_output/data_processed/new_assignments_10s/exp_93.npy
/scratch/tmp/gorczyca/URB_results/grid1k/grid1k_405938_2,2,94,459,exp_94.npy,exp_459.npy,/scratch/tmp/gorczyca/URB_results/grid1k/grid1k_405938_2/SUMO_output/data_processed/new_flows_10s/exp_94.npy,/scratch/tmp/gorczyca/URB_results/grid1k/grid1k_405938_2/SUMO_output/data_processed/new_assignments_10s/exp_94.npy
/scratch/tmp/gorczyca/URB_results/grid1k/grid1k_405938_2,2,95,460,exp_95.npy,exp_460.npy,/scratch/tmp/gorczyca/URB_results/grid1k/grid1k_405938_2/SUMO_output/data_processed/new_flows_10s/exp_95.npy,/scratch/tmp/gorczyca/URB_results/grid1k/grid1k_405938_2/SUMO_output/data_processed/new_assignments_10s/exp_95.npy
/scratch/tmp/gorczyca/URB_results/grid1k/grid1k_405938_2,2,96,461,exp_96.npy,exp_461.npy,/scratch/tmp/gorczyca/URB_results/grid1k/grid1k_405938_2/SUMO_output/data_processed/new_flows_10s/exp_96.npy,/scratch/tmp/gorczyca/URB_results/grid1k/grid1k_405938_2/SUMO_output/data_processed/new_assignments_10s/exp_96.npy
/scratch/tmp/gorczyca/URB_results/grid1k/grid1k_405938_2,2,97,462,exp_97.npy,exp_462.npy,/scratch/tmp/gorczyca/URB_results/grid1k/grid1k_405938_2/SUMO_output/data_processed/new_flows_10s/exp_97.npy,/scratch/tmp/gorczyca/URB_results/grid1k/grid1k_405938_2/SUMO_output/data_processed/new_assignments_10s/exp_97.npy
/scratch/tmp/gorczyca/URB_results/grid1k/grid1k_405938_2,2,98,463,exp_98.npy,exp_463.npy,/scratch/tmp/gorczyca/URB_results/grid1k/grid1k_405938_2/SUMO_output/data_processed/new_flows_10s/exp_98.npy,/scratch/tmp/gorczyca/URB_results/grid1k/grid1k_405938_2/SUMO_output/data_processed/new_assignments_10s/exp_98.npy
/scratch/tmp/gorczyca/URB_results/grid1k/grid1k_405938_2,2,99,464,exp_99.npy,exp_464.npy,/scratch/tmp/gorczyca/URB_results/grid1k/grid1k_405938_2/SUMO_output/data_processed/new_flows_10s/exp_99.npy,/scratch/tmp/gorczyca/URB_results/grid1k/grid1k_405938_2/SUMO_output/data_processed/new_assignments_10s/exp_99.npy
/scratch/tmp/gorczyca/URB_results/grid1k/grid1k_405938_2,2,100,465,exp_100.npy,exp_465.npy,/scratch/tmp/gorczyca/URB_results/grid1k/grid1k_405938_2/SUMO_output/data_processed/new_flows_10s/exp_100.npy,/scratch/tmp/gorczyca/URB_results/grid1k/grid1k_405938_2/SUMO_output/data_processed/new_assignments_10s/exp_100.npy
/scratch/tmp/gorczyca/URB_results/grid1k/grid1k_405938_2,2,101,466,exp_101.npy,exp_466.npy,/scratch/tmp/gorczyca/URB_results/grid1k/grid1k_405938_2/SUMO_output/data_processed/new_flows_10s/exp_101.npy,/scratch/tmp/gorczyca/URB_results/grid1k/grid1k_405938_2/SUMO_output/data_processed/new_assignments_10s/exp_101.npy
/scratch/tmp/gorczyca/URB_results/grid1k/grid1k_405938_2,2,102,467,exp_102.npy,exp_467.npy,/scratch/tmp/gorczyca/URB_results/grid1k/grid1k_405938_2/SUMO_output/data_processed/new_flows_10s/exp_102.npy,/scratch/tmp/gorczyca/URB_results/grid1k/grid1k_405938_2/SUMO_output/data_processed/new_assignments_10s/exp_102.npy
/scratch/tmp/gorczyca/URB_results/grid1k/grid1k_405938_2,2,103,468,exp_103.npy,exp_468.npy,/scratch/tmp/gorczyca/URB_results/grid1k/grid1k_405938_2/SUMO_output/data_processed/new_flows_10s/exp_103.npy,/scratch/tmp/gorczyca/URB_results/grid1k/grid1k_405938_2/SUMO_output/data_processed/new_assignments_10s/exp_103.npy
/scratch/tmp/gorczyca/URB_results/grid1k/grid1k_405938_2,2,104,469,exp_104.npy,exp_469.npy,/scratch/tmp/gorczyca/URB_results/grid1k/grid1k_405938_2/SUMO_output/data_processed/new_flows_10s/exp_104.npy,/scratch/tmp/gorczyca/URB_results/grid1k/grid1k_405938_2/SUMO_output/data_processed/new_assignments_10s/exp_104.npy
/scratch/tmp/gorczyca/URB_results/grid1k/grid1k_405938_2,2,105,470,exp_105.npy,exp_470.npy,/scratch/tmp/gorczyca/URB_results/grid1k/grid1k_405938_2/SUMO_output/data_processed/new_flows_10s/exp_105.npy,/scratch/tmp/gorczyca/URB_results/grid1k/grid1k_405938_2/SUMO_output/data_processed/new_assignments_10s/exp_105.npy
/scratch/tmp/gorczyca/URB_results/grid1k/grid1k_405938_2,2,106,471,exp_106.npy,exp_471.npy,/scratch/tmp/gorczyca/URB_results/grid1k/grid1k_405938_2/SUMO_output/data_processed/new_flows_10s/exp_106.npy,/scratch/tmp/gorczyca/URB_results/grid1k/grid1k_405938_2/SUMO_output/data_processed/new_assignments_10s/exp_106.npy
/scratch/tmp/gorczyca/URB_results/grid1k/grid1k_405938_2,2,107,472,exp_107.npy,exp_472.npy,/scratch/tmp/gorczyca/URB_results/grid1k/grid1k_405938_2/SUMO_output/data_processed/new_flows_10s/exp_107.npy,/scratch/tmp/gorczyca/URB_results/grid1k/grid1k_405938_2/SUMO_output/data_processed/new_assignments_10s/exp_107.npy
/scratch/tmp/gorczyca/URB_results/grid1k/grid1k_405938_2,2,108,473,exp_108.npy,exp_473.npy,/scratch/tmp/gorczyca/URB_results/grid1k/grid1k_405938_2/SUMO_output/data_processed/new_flows_10s/exp_108.npy,/scratch/tmp/gorczyca/URB_results/grid1k/grid1k_405938_2/SUMO_output/data_processed/new_assignments_10s/exp_108.npy
/scratch/tmp/gorczyca/URB_results/grid1k/grid1k_405938_2,2,109,474,exp_109.npy,exp_474.npy,/scratch/tmp/gorczyca/URB_results/grid1k/grid1k_405938_2/SUMO_output/data_processed/new_flows_10s/exp_109.npy,/scratch/tmp/gorczyca/URB_results/grid1k/grid1k_405938_2/SUMO_output/data_processed/new_assignments_10s/exp_109.npy
/scratch/tmp/gorczyca/URB_results/grid1k/grid1k_405938_2,2,110,475,exp_110.npy,exp_475.npy,/scratch/tmp/gorczyca/URB_results/grid1k/grid1k_405938_2/SUMO_output/data_processed/new_flows_10s/exp_110.npy,/scratch/tmp/gorczyca/URB_results/grid1k/grid1k_405938_2/SUMO_output/data_processed/new_assignments_10s/exp_110.npy
/scratch/tmp/gorczyca/URB_results/grid1k/grid1k_405938_2,2,111,476,exp_111.npy,exp_476.npy,/scratch/tmp/gorczyca/URB_results/grid1k/grid1k_405938_2/SUMO_output/data_processed/new_flows_10s/exp_111.npy,/scratch/tmp/gorczyca/URB_results/grid1k/grid1k_405938_2/SUMO_output/data_processed/new_assignments_10s/exp_111.npy
/scratch/tmp/gorczyca/URB_results/grid1k/grid1k_405938_2,2,112,477,exp_112.npy,exp_477.npy,/scratch/tmp/gorczyca/URB_results/grid1k/grid1k_405938_2/SUMO_output/data_processed/new_flows_10s/exp_112.npy,/scratch/tmp/gorczyca/URB_results/grid1k/grid1k_405938_2/SUMO_output/data_processed/new_assignments_10s/exp_112.npy
/scratch/tmp/gorczyca/URB_results/grid1k/grid1k_405938_2,2,113,478,exp_113.npy,exp_478.npy,/scratch/tmp/gorczyca/URB_results/grid1k/grid1k_405938_2/SUMO_output/data_processed/new_flows_10s/exp_113.npy,/scratch/tmp/gorczyca/URB_results/grid1k/grid1k_405938_2/SUMO_output/data_processed/new_assignments_10s/exp_113.npy
/scratch/tmp/gorczyca/URB_results/grid1k/grid1k_405938_2,2,114,479,exp_114.npy,exp_479.npy,/scratch/tmp/gorczyca/URB_results/grid1k/grid1k_405938_2/SUMO_output/data_processed/new_flows_10s/exp_114.npy,/scratch/tmp/gorczyca/URB_results/grid1k/grid1k_405938_2/SUMO_output/data_processed/new_assignments_10s/exp_114.npy
/scratch/tmp/gorczyca/URB_results/grid1k/grid1k_405938_2,2,115,480,exp_115.npy,exp_480.npy,/scratch/tmp/gorczyca/URB_results/grid1k/grid1k_405938_2/SUMO_output/data_processed/new_flows_10s/exp_115.npy,/scratch/tmp/gorczyca/URB_results/grid1k/grid1k_405938_2/SUMO_output/data_processed/new_assignments_10s/exp_115.npy
/scratch/tmp/gorczyca/URB_results/grid1k/grid1k_405938_2,2,116,481,exp_116.npy,exp_481.npy,/scratch/tmp/gorczyca/URB_results/grid1k/grid1k_405938_2/SUMO_output/data_processed/new_flows_10s/exp_116.npy,/scratch/tmp/gorczyca/URB_results/grid1k/grid1k_405938_2/SUMO_output/data_processed/new_assignments_10s/exp_116.npy
/scratch/tmp/gorczyca/URB_results/grid1k/grid1k_405938_2,2,117,482,exp_117.npy,exp_482.npy,/scratch/tmp/gorczyca/URB_results/grid1k/grid1k_405938_2/SUMO_output/data_processed/new_flows_10s/exp_117.npy,/scratch/tmp/gorczyca/URB_results/grid1k/grid1k_405938_2/SUMO_output/data_processed/new_assignments_10s/exp_117.npy
/scratch/tmp/gorczyca/URB_results/grid1k/grid1k_405938_2,2,118,483,exp_118.npy,exp_483.npy,/scratch/tmp/gorczyca/URB_results/grid1k/grid1k_405938_2/SUMO_output/data_processed/new_flows_10s/exp_118.npy,/scratch/tmp/gorczyca/URB_results/grid1k/grid1k_405938_2/SUMO_output/data_processed/new_assignments_10s/exp_118.npy
/scratch/tmp/gorczyca/URB_results/grid1k/grid1k_405938_2,2,119,484,exp_119.npy,exp_484.npy,/scratch/tmp/gorczyca/URB_results/grid1k/grid1k_405938_2/SUMO_output/data_processed/new_flows_10s/exp_119.npy,/scratch/tmp/gorczyca/URB_results/grid1k/grid1k_405938_2/SUMO_output/data_processed/new_assignments_10s/exp_119.npy
/scratch/tmp/gorczyca/URB_results/grid1k/grid1k_405938_2,2,120,485,exp_120.npy,exp_485.npy,/scratch/tmp/gorczyca/URB_results/grid1k/grid1k_405938_2/SUMO_output/data_processed/new_flows_10s/exp_120.npy,/scratch/tmp/gorczyca/URB_results/grid1k/grid1k_405938_2/SUMO_output/data_processed/new_assignments_10s/exp_120.npy
/scratch/tmp/gorczyca/URB_results/grid1k/grid1k_405938_2,2,121,486,exp_121.npy,exp_486.npy,/scratch/tmp/gorczyca/URB_results/grid1k/grid1k_405938_2/SUMO_output/data_processed/new_flows_10s/exp_121.npy,/scratch/tmp/gorczyca/URB_results/grid1k/grid1k_405938_2/SUMO_output/data_processed/new_assignments_10s/exp_121.npy
/scratch/tmp/gorczyca/URB_results/grid1k/grid1k_405938_2,2,122,487,exp_122.npy,exp_487.npy,/scratch/tmp/gorczyca/URB_results/grid1k/grid1k_405938_2/SUMO_output/data_processed/new_flows_10s/exp_122.npy,/scratch/tmp/gorczyca/URB_results/grid1k/grid1k_405938_2/SUMO_output/data_processed/new_assignments_10s/exp_122.npy
/scratch/tmp/gorczyca/URB_results/grid1k/grid1k_405938_2,2,123,488,exp_123.npy,exp_488.npy,/scratch/tmp/gorczyca/URB_results/grid1k/grid1k_405938_2/SUMO_output/data_processed/new_flows_10s/exp_123.npy,/scratch/tmp/gorczyca/URB_results/grid1k/grid1k_405938_2/SUMO_output/data_processed/new_assignments_10s/exp_123.npy
/scratch/tmp/gorczyca/URB_results/grid1k/grid1k_405938_2,2,124,489,exp_124.npy,exp_489.npy,/scratch/tmp/gorczyca/URB_results/grid1k/grid1k_405938_2/SUMO_output/data_processed/new_flows_10s/exp_124.npy,/scratch/tmp/gorczyca/URB_results/grid1k/grid1k_405938_2/SUMO_output/data_processed/new_assignments_10s/exp_124.npy
/scratch/tmp/gorczyca/URB_results/grid1k/grid1k_405938_2,2,125,490,exp_125.npy,exp_490.npy,/scratch/tmp/gorczyca/URB_results/grid1k/grid1k_405938_2/SUMO_output/data_processed/new_flows_10s/exp_125.npy,/scratch/tmp/gorczyca/URB_results/grid1k/grid1k_405938_2/SUMO_output/data_processed/new_assignments_10s/exp_125.npy
/scratch/tmp/gorczyca/URB_results/grid1k/grid1k_405938_2,2,126,491,exp_126.npy,exp_491.npy,/scratch/tmp/gorczyca/URB_results/grid1k/grid1k_405938_2/SUMO_output/data_processed/new_flows_10s/exp_126.npy,/scratch/tmp/gorczyca/URB_results/grid1k/grid1k_405938_2/SUMO_output/data_processed/new_assignments_10s/exp_126.npy
/scratch/tmp/gorczyca/URB_results/grid1k/grid1k_405938_2,2,127,492,exp_127.npy,exp_492.npy,/scratch/tmp/gorczyca/URB_results/grid1k/grid1k_405938_2/SUMO_output/data_processed/new_flows_10s/exp_127.npy,/scratch/tmp/gorczyca/URB_results/grid1k/grid1k_405938_2/SUMO_output/data_processed/new_assignments_10s/exp_127.npy
/scratch/tmp/gorczyca/URB_results/grid1k/grid1k_405938_2,2,128,493,exp_128.npy,exp_493.npy,/scratch/tmp/gorczyca/URB_results/grid1k/grid1k_405938_2/SUMO_output/data_processed/new_flows_10s/exp_128.npy,/scratch/tmp/gorczyca/URB_results/grid1k/grid1k_405938_2/SUMO_output/data_processed/new_assignments_10s/exp_128.npy
/scratch/tmp/gorczyca/URB_results/grid1k/grid1k_405938_2,2,129,494,exp_129.npy,exp_494.npy,/scratch/tmp/gorczyca/URB_results/grid1k/grid1k_405938_2/SUMO_output/data_processed/new_flows_10s/exp_129.npy,/scratch/tmp/gorczyca/URB_results/grid1k/grid1k_405938_2/SUMO_output/data_processed/new_assignments_10s/exp_129.npy
/scratch/tmp/gorczyca/URB_results/grid1k/grid1k_405938_2,2,130,495,exp_130.npy,exp_495.npy,/scratch/tmp/gorczyca/URB_results/grid1k/grid1k_405938_2/SUMO_output/data_processed/new_flows_10s/exp_130.npy,/scratch/tmp/gorczyca/URB_results/grid1k/grid1k_405938_2/SUMO_output/data_processed/new_assignments_10s/exp_130.npy
/scratch/tmp/gorczyca/URB_results/grid1k/grid1k_405938_2,2,131,496,exp_131.npy,exp_496.npy,/scratch/tmp/gorczyca/URB_results/grid1k/grid1k_405938_2/SUMO_output/data_processed/new_flows_10s/exp_131.npy,/scratch/tmp/gorczyca/URB_results/grid1k/grid1k_405938_2/SUMO_output/data_processed/new_assignments_10s/exp_131.npy
/scratch/tmp/gorczyca/URB_results/grid1k/grid1k_405938_2,2,132,497,exp_132.npy,exp_497.npy,/scratch/tmp/gorczyca/URB_results/grid1k/grid1k_405938_2/SUMO_output/data_processed/new_flows_10s/exp_132.npy,/scratch/tmp/gorczyca/URB_results/grid1k/grid1k_405938_2/SUMO_output/data_processed/new_assignments_10s/exp_132.npy
/scratch/tmp/gorczyca/URB_results/grid1k/grid1k_405938_2,2,133,498,exp_133.npy,exp_498.npy,/scratch/tmp/gorczyca/URB_results/grid1k/grid1k_405938_2/SUMO_output/data_processed/new_flows_10s/exp_133.npy,/scratch/tmp/gorczyca/URB_results/grid1k/grid1k_405938_2/SUMO_output/data_processed/new_assignments_10s/exp_133.npy
/scratch/tmp/gorczyca/URB_results/grid1k/grid1k_405938_2,2,134,499,exp_134.npy,exp_499.npy,/scratch/tmp/gorczyca/URB_results/grid1k/grid1k_405938_2/SUMO_output/data_processed/new_flows_10s/exp_134.npy,/scratch/tmp/gorczyca/URB_results/grid1k/grid1k_405938_2/SUMO_output/data_processed/new_assignments_10s/exp_134.npy
/scratch/tmp/gorczyca/URB_results/grid1k/grid1k_405938_2,2,135,500,exp_135.npy,exp_500.npy,/scratch/tmp/gorczyca/URB_results/grid1k/grid1k_405938_2/SUMO_output/data_processed/new_flows_10s/exp_135.npy,/scratch/tmp/gorczyca/URB_results/grid1k/grid1k_405938_2/SUMO_output/data_processed/new_assignments_10s/exp_135.npy
/scratch/tmp/gorczyca/URB_results/grid1k/grid1k_405938_2,2,136,501,exp_136.npy,exp_501.npy,/scratch/tmp/gorczyca/URB_results/grid1k/grid1k_405938_2/SUMO_output/data_processed/new_flows_10s/exp_136.npy,/scratch/tmp/gorczyca/URB_results/grid1k/grid1k_405938_2/SUMO_output/data_processed/new_assignments_10s/exp_136.npy
/scratch/tmp/gorczyca/URB_results/grid1k/grid1k_405938_2,2,137,502,exp_137.npy,exp_502.npy,/scratch/tmp/gorczyca/URB_results/grid1k/grid1k_405938_2/SUMO_output/data_processed/new_flows_10s/exp_137.npy,/scratch/tmp/gorczyca/URB_results/grid1k/grid1k_405938_2/SUMO_output/data_processed/new_assignments_10s/exp_137.npy
/scratch/tmp/gorczyca/URB_results/grid1k/grid1k_405938_2,2,138,503,exp_138.npy,exp_503.npy,/scratch/tmp/gorczyca/URB_results/grid1k/grid1k_405938_2/SUMO_output/data_processed/new_flows_10s/exp_138.npy,/scratch/tmp/gorczyca/URB_results/grid1k/grid1k_405938_2/SUMO_output/data_processed/new_assignments_10s/exp_138.npy
/scratch/tmp/gorczyca/URB_results/grid1k/grid1k_405938_2,2,139,504,exp_139.npy,exp_504.npy,/scratch/tmp/gorczyca/URB_results/grid1k/grid1k_405938_2/SUMO_output/data_processed/new_flows_10s/exp_139.npy,/scratch/tmp/gorczyca/URB_results/grid1k/grid1k_405938_2/SUMO_output/data_processed/new_assignments_10s/exp_139.npy
/scratch/tmp/gorczyca/URB_results/grid1k/grid1k_405938_2,2,140,505,exp_140.npy,exp_505.npy,/scratch/tmp/gorczyca/URB_results/grid1k/grid1k_405938_2/SUMO_output/data_processed/new_flows_10s/exp_140.npy,/scratch/tmp/gorczyca/URB_results/grid1k/grid1k_405938_2/SUMO_output/data_processed/new_assignments_10s/exp_140.npy
/scratch/tmp/gorczyca/URB_results/grid1k/grid1k_405938_2,2,141,506,exp_141.npy,exp_506.npy,/scratch/tmp/gorczyca/URB_results/grid1k/grid1k_405938_2/SUMO_output/data_processed/new_flows_10s/exp_141.npy,/scratch/tmp/gorczyca/URB_results/grid1k/grid1k_405938_2/SUMO_output/data_processed/new_assignments_10s/exp_141.npy
/scratch/tmp/gorczyca/URB_results/grid1k/grid1k_405938_2,2,142,507,exp_142.npy,exp_507.npy,/scratch/tmp/gorczyca/URB_results/grid1k/grid1k_405938_2/SUMO_output/data_processed/new_flows_10s/exp_142.npy,/scratch/tmp/gorczyca/URB_results/grid1k/grid1k_405938_2/SUMO_output/data_processed/new_assignments_10s/exp_142.npy
/scratch/tmp/gorczyca/URB_results/grid1k/grid1k_405938_2,2,143,508,exp_143.npy,exp_508.npy,/scratch/tmp/gorczyca/URB_results/grid1k/grid1k_405938_2/SUMO_output/data_processed/new_flows_10s/exp_143.npy,/scratch/tmp/gorczyca/URB_results/grid1k/grid1k_405938_2/SUMO_output/data_processed/new_assignments_10s/exp_143.npy
/scratch/tmp/gorczyca/URB_results/grid1k/grid1k_405938_2,2,144,509,exp_144.npy,exp_509.npy,/scratch/tmp/gorczyca/URB_results/grid1k/grid1k_405938_2/SUMO_output/data_processed/new_flows_10s/exp_144.npy,/scratch/tmp/gorczyca/URB_results/grid1k/grid1k_405938_2/SUMO_output/data_processed/new_assignments_10s/exp_144.npy
/scratch/tmp/gorczyca/URB_results/grid1k/grid1k_405938_2,2,145,510,exp_145.npy,exp_510.npy,/scratch/tmp/gorczyca/URB_results/grid1k/grid1k_405938_2/SUMO_output/data_processed/new_flows_10s/exp_145.npy,/scratch/tmp/gorczyca/URB_results/grid1k/grid1k_405938_2/SUMO_output/data_processed/new_assignments_10s/exp_145.npy
/scratch/tmp/gorczyca/URB_results/grid1k/grid1k_405938_2,2,146,511,exp_146.npy,exp_511.npy,/scratch/tmp/gorczyca/URB_results/grid1k/grid1k_405938_2/SUMO_output/data_processed/new_flows_10s/exp_146.npy,/scratch/tmp/gorczyca/URB_results/grid1k/grid1k_405938_2/SUMO_output/data_processed/new_assignments_10s/exp_146.npy
/scratch/tmp/gorczyca/URB_results/grid1k/grid1k_405938_2,2,147,512,exp_147.npy,exp_512.npy,/scratch/tmp/gorczyca/URB_results/grid1k/grid1k_405938_2/SUMO_output/data_processed/new_flows_10s/exp_147.npy,/scratch/tmp/gorczyca/URB_results/grid1k/grid1k_405938_2/SUMO_output/data_processed/new_assignments_10s/exp_147.npy
/scratch/tmp/gorczyca/URB_results/grid1k/grid1k_405938_2,2,148,513,exp_148.npy,exp_513.npy,/scratch/tmp/gorczyca/URB_results/grid1k/grid1k_405938_2/SUMO_output/data_processed/new_flows_10s/exp_148.npy,/scratch/tmp/gorczyca/URB_results/grid1k/grid1k_405938_2/SUMO_output/data_processed/new_assignments_10s/exp_148.npy
/scratch/tmp/gorczyca/URB_results/grid1k/grid1k_405938_2,2,149,514,exp_149.npy,exp_514.npy,/scratch/tmp/gorczyca/URB_results/grid1k/grid1k_405938_2/SUMO_output/data_processed/new_flows_10s/exp_149.npy,/scratch/tmp/gorczyca/URB_results/grid1k/grid1k_405938_2/SUMO_output/data_processed/new_assignments_10s/exp_149.npy
/scratch/tmp/gorczyca/URB_results/grid1k/grid1k_405938_2,2,150,515,exp_150.npy,exp_515.npy,/scratch/tmp/gorczyca/URB_results/grid1k/grid1k_405938_2/SUMO_output/data_processed/new_flows_10s/exp_150.npy,/scratch/tmp/gorczyca/URB_results/grid1k/grid1k_405938_2/SUMO_output/data_processed/new_assignments_10s/exp_150.npy
/scratch/tmp/gorczyca/URB_results/grid1k/grid1k_405938_2,2,151,516,exp_151.npy,exp_516.npy,/scratch/tmp/gorczyca/URB_results/grid1k/grid1k_405938_2/SUMO_output/data_processed/new_flows_10s/exp_151.npy,/scratch/tmp/gorczyca/URB_results/grid1k/grid1k_405938_2/SUMO_output/data_processed/new_assignments_10s/exp_151.npy
/scratch/tmp/gorczyca/URB_results/grid1k/grid1k_405938_2,2,152,517,exp_152.npy,exp_517.npy,/scratch/tmp/gorczyca/URB_results/grid1k/grid1k_405938_2/SUMO_output/data_processed/new_flows_10s/exp_152.npy,/scratch/tmp/gorczyca/URB_results/grid1k/grid1k_405938_2/SUMO_output/data_processed/new_assignments_10s/exp_152.npy
/scratch/tmp/gorczyca/URB_results/grid1k/grid1k_405938_2,2,153,518,exp_153.npy,exp_518.npy,/scratch/tmp/gorczyca/URB_results/grid1k/grid1k_405938_2/SUMO_output/data_processed/new_flows_10s/exp_153.npy,/scratch/tmp/gorczyca/URB_results/grid1k/grid1k_405938_2/SUMO_output/data_processed/new_assignments_10s/exp_153.npy
/scratch/tmp/gorczyca/URB_results/grid1k/grid1k_405938_2,2,154,519,exp_154.npy,exp_519.npy,/scratch/tmp/gorczyca/URB_results/grid1k/grid1k_405938_2/SUMO_output/data_processed/new_flows_10s/exp_154.npy,/scratch/tmp/gorczyca/URB_results/grid1k/grid1k_405938_2/SUMO_output/data_processed/new_assignments_10s/exp_154.npy
/scratch/tmp/gorczyca/URB_results/grid1k/grid1k_405938_2,2,155,520,exp_155.npy,exp_520.npy,/scratch/tmp/gorczyca/URB_results/grid1k/grid1k_405938_2/SUMO_output/data_processed/new_flows_10s/exp_155.npy,/scratch/tmp/gorczyca/URB_results/grid1k/grid1k_405938_2/SUMO_output/data_processed/new_assignments_10s/exp_155.npy
/scratch/tmp/gorczyca/URB_results/grid1k/grid1k_405938_2,2,156,521,exp_156.npy,exp_521.npy,/scratch/tmp/gorczyca/URB_results/grid1k/grid1k_405938_2/SUMO_output/data_processed/new_flows_10s/exp_156.npy,/scratch/tmp/gorczyca/URB_results/grid1k/grid1k_405938_2/SUMO_output/data_processed/new_assignments_10s/exp_156.npy
/scratch/tmp/gorczyca/URB_results/grid1k/grid1k_405938_2,2,157,522,exp_157.npy,exp_522.npy,/scratch/tmp/gorczyca/URB_results/grid1k/grid1k_405938_2/SUMO_output/data_processed/new_flows_10s/exp_157.npy,/scratch/tmp/gorczyca/URB_results/grid1k/grid1k_405938_2/SUMO_output/data_processed/new_assignments_10s/exp_157.npy
/scratch/tmp/gorczyca/URB_results/grid1k/grid1k_405938_2,2,158,523,exp_158.npy,exp_523.npy,/scratch/tmp/gorczyca/URB_results/grid1k/grid1k_405938_2/SUMO_output/data_processed/new_flows_10s/exp_158.npy,/scratch/tmp/gorczyca/URB_results/grid1k/grid1k_405938_2/SUMO_output/data_processed/new_assignments_10s/exp_158.npy
/scratch/tmp/gorczyca/URB_results/grid1k/grid1k_405938_2,2,159,524,exp_159.npy,exp_524.npy,/scratch/tmp/gorczyca/URB_results/grid1k/grid1k_405938_2/SUMO_output/data_processed/new_flows_10s/exp_159.npy,/scratch/tmp/gorczyca/URB_results/grid1k/grid1k_405938_2/SUMO_output/data_processed/new_assignments_10s/exp_159.npy
/scratch/tmp/gorczyca/URB_results/grid1k/grid1k_405938_2,2,160,525,exp_160.npy,exp_525.npy,/scratch/tmp/gorczyca/URB_results/grid1k/grid1k_405938_2/SUMO_output/data_processed/new_flows_10s/exp_160.npy,/scratch/tmp/gorczyca/URB_results/grid1k/grid1k_405938_2/SUMO_output/data_processed/new_assignments_10s/exp_160.npy
/scratch/tmp/gorczyca/URB_results/grid1k/grid1k_405938_2,2,161,526,exp_161.npy,exp_526.npy,/scratch/tmp/gorczyca/URB_results/grid1k/grid1k_405938_2/SUMO_output/data_processed/new_flows_10s/exp_161.npy,/scratch/tmp/gorczyca/URB_results/grid1k/grid1k_405938_2/SUMO_output/data_processed/new_assignments_10s/exp_161.npy
/scratch/tmp/gorczyca/URB_results/grid1k/grid1k_405938_2,2,162,527,exp_162.npy,exp_527.npy,/scratch/tmp/gorczyca/URB_results/grid1k/grid1k_405938_2/SUMO_output/data_processed/new_flows_10s/exp_162.npy,/scratch/tmp/gorczyca/URB_results/grid1k/grid1k_405938_2/SUMO_output/data_processed/new_assignments_10s/exp_162.npy
/scratch/tmp/gorczyca/URB_results/grid1k/grid1k_405938_2,2,163,528,exp_163.npy,exp_528.npy,/scratch/tmp/gorczyca/URB_results/grid1k/grid1k_405938_2/SUMO_output/data_processed/new_flows_10s/exp_163.npy,/scratch/tmp/gorczyca/URB_results/grid1k/grid1k_405938_2/SUMO_output/data_processed/new_assignments_10s/exp_163.npy
/scratch/tmp/gorczyca/URB_results/grid1k/grid1k_405938_2,2,164,529,exp_164.npy,exp_529.npy,/scratch/tmp/gorczyca/URB_results/grid1k/grid1k_405938_2/SUMO_output/data_processed/new_flows_10s/exp_164.npy,/scratch/tmp/gorczyca/URB_results/grid1k/grid1k_405938_2/SUMO_output/data_processed/new_assignments_10s/exp_164.npy
/scratch/tmp/gorczyca/URB_results/grid1k/grid1k_405938_2,2,165,530,exp_165.npy,exp_530.npy,/scratch/tmp/gorczyca/URB_results/grid1k/grid1k_405938_2/SUMO_output/data_processed/new_flows_10s/exp_165.npy,/scratch/tmp/gorczyca/URB_results/grid1k/grid1k_405938_2/SUMO_output/data_processed/new_assignments_10s/exp_165.npy
/scratch/tmp/gorczyca/URB_results/grid1k/grid1k_405938_2,2,166,531,exp_166.npy,exp_531.npy,/scratch/tmp/gorczyca/URB_results/grid1k/grid1k_405938_2/SUMO_output/data_processed/new_flows_10s/exp_166.npy,/scratch/tmp/gorczyca/URB_results/grid1k/grid1k_405938_2/SUMO_output/data_processed/new_assignments_10s/exp_166.npy
/scratch/tmp/gorczyca/URB_results/grid1k/grid1k_405938_2,2,167,532,exp_167.npy,exp_532.npy,/scratch/tmp/gorczyca/URB_results/grid1k/grid1k_405938_2/SUMO_output/data_processed/new_flows_10s/exp_167.npy,/scratch/tmp/gorczyca/URB_results/grid1k/grid1k_405938_2/SUMO_output/data_processed/new_assignments_10s/exp_167.npy
/scratch/tmp/gorczyca/URB_results/grid1k/grid1k_405938_2,2,168,533,exp_168.npy,exp_533.npy,/scratch/tmp/gorczyca/URB_results/grid1k/grid1k_405938_2/SUMO_output/data_processed/new_flows_10s/exp_168.npy,/scratch/tmp/gorczyca/URB_results/grid1k/grid1k_405938_2/SUMO_output/data_processed/new_assignments_10s/exp_168.npy
/scratch/tmp/gorczyca/URB_results/grid1k/grid1k_405938_2,2,169,534,exp_169.npy,exp_534.npy,/scratch/tmp/gorczyca/URB_results/grid1k/grid1k_405938_2/SUMO_output/data_processed/new_flows_10s/exp_169.npy,/scratch/tmp/gorczyca/URB_results/grid1k/grid1k_405938_2/SUMO_output/data_processed/new_assignments_10s/exp_169.npy
/scratch/tmp/gorczyca/URB_results/grid1k/grid1k_405938_2,2,170,535,exp_170.npy,exp_535.npy,/scratch/tmp/gorczyca/URB_results/grid1k/grid1k_405938_2/SUMO_output/data_processed/new_flows_10s/exp_170.npy,/scratch/tmp/gorczyca/URB_results/grid1k/grid1k_405938_2/SUMO_output/data_processed/new_assignments_10s/exp_170.npy
/scratch/tmp/gorczyca/URB_results/grid1k/grid1k_405938_2,2,171,536,exp_171.npy,exp_536.npy,/scratch/tmp/gorczyca/URB_results/grid1k/grid1k_405938_2/SUMO_output/data_processed/new_flows_10s/exp_171.npy,/scratch/tmp/gorczyca/URB_results/grid1k/grid1k_405938_2/SUMO_output/data_processed/new_assignments_10s/exp_171.npy
/scratch/tmp/gorczyca/URB_results/grid1k/grid1k_405938_2,2,172,537,exp_172.npy,exp_537.npy,/scratch/tmp/gorczyca/URB_results/grid1k/grid1k_405938_2/SUMO_output/data_processed/new_flows_10s/exp_172.npy,/scratch/tmp/gorczyca/URB_results/grid1k/grid1k_405938_2/SUMO_output/data_processed/new_assignments_10s/exp_172.npy
/scratch/tmp/gorczyca/URB_results/grid1k/grid1k_405938_2,2,173,538,exp_173.npy,exp_538.npy,/scratch/tmp/gorczyca/URB_results/grid1k/grid1k_405938_2/SUMO_output/data_processed/new_flows_10s/exp_173.npy,/scratch/tmp/gorczyca/URB_results/grid1k/grid1k_405938_2/SUMO_output/data_processed/new_assignments_10s/exp_173.npy
/scratch/tmp/gorczyca/URB_results/grid1k/grid1k_405938_2,2,174,539,exp_174.npy,exp_539.npy,/scratch/tmp/gorczyca/URB_results/grid1k/grid1k_405938_2/SUMO_output/data_processed/new_flows_10s/exp_174.npy,/scratch/tmp/gorczyca/URB_results/grid1k/grid1k_405938_2/SUMO_output/data_processed/new_assignments_10s/exp_174.npy
/scratch/tmp/gorczyca/URB_results/grid1k/grid1k_405938_2,2,175,540,exp_175.npy,exp_540.npy,/scratch/tmp/gorczyca/URB_results/grid1k/grid1k_405938_2/SUMO_output/data_processed/new_flows_10s/exp_175.npy,/scratch/tmp/gorczyca/URB_results/grid1k/grid1k_405938_2/SUMO_output/data_processed/new_assignments_10s/exp_175.npy
/scratch/tmp/gorczyca/URB_results/grid1k/grid1k_405938_2,2,176,541,exp_176.npy,exp_541.npy,/scratch/tmp/gorczyca/URB_results/grid1k/grid1k_405938_2/SUMO_output/data_processed/new_flows_10s/exp_176.npy,/scratch/tmp/gorczyca/URB_results/grid1k/grid1k_405938_2/SUMO_output/data_processed/new_assignments_10s/exp_176.npy
/scratch/tmp/gorczyca/URB_results/grid1k/grid1k_405938_2,2,177,542,exp_177.npy,exp_542.npy,/scratch/tmp/gorczyca/URB_results/grid1k/grid1k_405938_2/SUMO_output/data_processed/new_flows_10s/exp_177.npy,/scratch/tmp/gorczyca/URB_results/grid1k/grid1k_405938_2/SUMO_output/data_processed/new_assignments_10s/exp_177.npy
/scratch/tmp/gorczyca/URB_results/grid1k/grid1k_405938_3,3,0,543,exp_0.npy,exp_543.npy,/scratch/tmp/gorczyca/URB_results/grid1k/grid1k_405938_3/SUMO_output/data_processed/new_flows_10s/exp_0.npy,/scratch/tmp/gorczyca/URB_results/grid1k/grid1k_405938_3/SUMO_output/data_processed/new_assignments_10s/exp_0.npy
/scratch/tmp/gorczyca/URB_results/grid1k/grid1k_405938_3,3,1,544,exp_1.npy,exp_544.npy,/scratch/tmp/gorczyca/URB_results/grid1k/grid1k_405938_3/SUMO_output/data_processed/new_flows_10s/exp_1.npy,/scratch/tmp/gorczyca/URB_results/grid1k/grid1k_405938_3/SUMO_output/data_processed/new_assignments_10s/exp_1.npy
/scratch/tmp/gorczyca/URB_results/grid1k/grid1k_405938_3,3,2,545,exp_2.npy,exp_545.npy,/scratch/tmp/gorczyca/URB_results/grid1k/grid1k_405938_3/SUMO_output/data_processed/new_flows_10s/exp_2.npy,/scratch/tmp/gorczyca/URB_results/grid1k/grid1k_405938_3/SUMO_output/data_processed/new_assignments_10s/exp_2.npy
/scratch/tmp/gorczyca/URB_results/grid1k/grid1k_405938_3,3,3,546,exp_3.npy,exp_546.npy,/scratch/tmp/gorczyca/URB_results/grid1k/grid1k_405938_3/SUMO_output/data_processed/new_flows_10s/exp_3.npy,/scratch/tmp/gorczyca/URB_results/grid1k/grid1k_405938_3/SUMO_output/data_processed/new_assignments_10s/exp_3.npy
/scratch/tmp/gorczyca/URB_results/grid1k/grid1k_405938_3,3,4,547,exp_4.npy,exp_547.npy,/scratch/tmp/gorczyca/URB_results/grid1k/grid1k_405938_3/SUMO_output/data_processed/new_flows_10s/exp_4.npy,/scratch/tmp/gorczyca/URB_results/grid1k/grid1k_405938_3/SUMO_output/data_processed/new_assignments_10s/exp_4.npy
/scratch/tmp/gorczyca/URB_results/grid1k/grid1k_405938_3,3,5,548,exp_5.npy,exp_548.npy,/scratch/tmp/gorczyca/URB_results/grid1k/grid1k_405938_3/SUMO_output/data_processed/new_flows_10s/exp_5.npy,/scratch/tmp/gorczyca/URB_results/grid1k/grid1k_405938_3/SUMO_output/data_processed/new_assignments_10s/exp_5.npy
/scratch/tmp/gorczyca/URB_results/grid1k/grid1k_405938_3,3,6,549,exp_6.npy,exp_549.npy,/scratch/tmp/gorczyca/URB_results/grid1k/grid1k_405938_3/SUMO_output/data_processed/new_flows_10s/exp_6.npy,/scratch/tmp/gorczyca/URB_results/grid1k/grid1k_405938_3/SUMO_output/data_processed/new_assignments_10s/exp_6.npy
/scratch/tmp/gorczyca/URB_results/grid1k/grid1k_405938_3,3,7,550,exp_7.npy,exp_550.npy,/scratch/tmp/gorczyca/URB_results/grid1k/grid1k_405938_3/SUMO_output/data_processed/new_flows_10s/exp_7.npy,/scratch/tmp/gorczyca/URB_results/grid1k/grid1k_405938_3/SUMO_output/data_processed/new_assignments_10s/exp_7.npy
/scratch/tmp/gorczyca/URB_results/grid1k/grid1k_405938_3,3,8,551,exp_8.npy,exp_551.npy,/scratch/tmp/gorczyca/URB_results/grid1k/grid1k_405938_3/SUMO_output/data_processed/new_flows_10s/exp_8.npy,/scratch/tmp/gorczyca/URB_results/grid1k/grid1k_405938_3/SUMO_output/data_processed/new_assignments_10s/exp_8.npy
/scratch/tmp/gorczyca/URB_results/grid1k/grid1k_405938_3,3,9,552,exp_9.npy,exp_552.npy,/scratch/tmp/gorczyca/URB_results/grid1k/grid1k_405938_3/SUMO_output/data_processed/new_flows_10s/exp_9.npy,/scratch/tmp/gorczyca/URB_results/grid1k/grid1k_405938_3/SUMO_output/data_processed/new_assignments_10s/exp_9.npy
/scratch/tmp/gorczyca/URB_results/grid1k/grid1k_405938_3,3,10,553,exp_10.npy,exp_553.npy,/scratch/tmp/gorczyca/URB_results/grid1k/grid1k_405938_3/SUMO_output/data_processed/new_flows_10s/exp_10.npy,/scratch/tmp/gorczyca/URB_results/grid1k/grid1k_405938_3/SUMO_output/data_processed/new_assignments_10s/exp_10.npy
/scratch/tmp/gorczyca/URB_results/grid1k/grid1k_405938_3,3,11,554,exp_11.npy,exp_554.npy,/scratch/tmp/gorczyca/URB_results/grid1k/grid1k_405938_3/SUMO_output/data_processed/new_flows_10s/exp_11.npy,/scratch/tmp/gorczyca/URB_results/grid1k/grid1k_405938_3/SUMO_output/data_processed/new_assignments_10s/exp_11.npy
/scratch/tmp/gorczyca/URB_results/grid1k/grid1k_405938_3,3,12,555,exp_12.npy,exp_555.npy,/scratch/tmp/gorczyca/URB_results/grid1k/grid1k_405938_3/SUMO_output/data_processed/new_flows_10s/exp_12.npy,/scratch/tmp/gorczyca/URB_results/grid1k/grid1k_405938_3/SUMO_output/data_processed/new_assignments_10s/exp_12.npy
/scratch/tmp/gorczyca/URB_results/grid1k/grid1k_405938_3,3,13,556,exp_13.npy,exp_556.npy,/scratch/tmp/gorczyca/URB_results/grid1k/grid1k_405938_3/SUMO_output/data_processed/new_flows_10s/exp_13.npy,/scratch/tmp/gorczyca/URB_results/grid1k/grid1k_405938_3/SUMO_output/data_processed/new_assignments_10s/exp_13.npy
/scratch/tmp/gorczyca/URB_results/grid1k/grid1k_405938_3,3,14,557,exp_14.npy,exp_557.npy,/scratch/tmp/gorczyca/URB_results/grid1k/grid1k_405938_3/SUMO_output/data_processed/new_flows_10s/exp_14.npy,/scratch/tmp/gorczyca/URB_results/grid1k/grid1k_405938_3/SUMO_output/data_processed/new_assignments_10s/exp_14.npy
/scratch/tmp/gorczyca/URB_results/grid1k/grid1k_405938_3,3,15,558,exp_15.npy,exp_558.npy,/scratch/tmp/gorczyca/URB_results/grid1k/grid1k_405938_3/SUMO_output/data_processed/new_flows_10s/exp_15.npy,/scratch/tmp/gorczyca/URB_results/grid1k/grid1k_405938_3/SUMO_output/data_processed/new_assignments_10s/exp_15.npy
/scratch/tmp/gorczyca/URB_results/grid1k/grid1k_405938_3,3,16,559,exp_16.npy,exp_559.npy,/scratch/tmp/gorczyca/URB_results/grid1k/grid1k_405938_3/SUMO_output/data_processed/new_flows_10s/exp_16.npy,/scratch/tmp/gorczyca/URB_results/grid1k/grid1k_405938_3/SUMO_output/data_processed/new_assignments_10s/exp_16.npy
/scratch/tmp/gorczyca/URB_results/grid1k/grid1k_405938_3,3,17,560,exp_17.npy,exp_560.npy,/scratch/tmp/gorczyca/URB_results/grid1k/grid1k_405938_3/SUMO_output/data_processed/new_flows_10s/exp_17.npy,/scratch/tmp/gorczyca/URB_results/grid1k/grid1k_405938_3/SUMO_output/data_processed/new_assignments_10s/exp_17.npy
/scratch/tmp/gorczyca/URB_results/grid1k/grid1k_405938_3,3,18,561,exp_18.npy,exp_561.npy,/scratch/tmp/gorczyca/URB_results/grid1k/grid1k_405938_3/SUMO_output/data_processed/new_flows_10s/exp_18.npy,/scratch/tmp/gorczyca/URB_results/grid1k/grid1k_405938_3/SUMO_output/data_processed/new_assignments_10s/exp_18.npy
/scratch/tmp/gorczyca/URB_results/grid1k/grid1k_405938_3,3,19,562,exp_19.npy,exp_562.npy,/scratch/tmp/gorczyca/URB_results/grid1k/grid1k_405938_3/SUMO_output/data_processed/new_flows_10s/exp_19.npy,/scratch/tmp/gorczyca/URB_results/grid1k/grid1k_405938_3/SUMO_output/data_processed/new_assignments_10s/exp_19.npy
/scratch/tmp/gorczyca/URB_results/grid1k/grid1k_405938_3,3,20,563,exp_20.npy,exp_563.npy,/scratch/tmp/gorczyca/URB_results/grid1k/grid1k_405938_3/SUMO_output/data_processed/new_flows_10s/exp_20.npy,/scratch/tmp/gorczyca/URB_results/grid1k/grid1k_405938_3/SUMO_output/data_processed/new_assignments_10s/exp_20.npy
/scratch/tmp/gorczyca/URB_results/grid1k/grid1k_405938_3,3,21,564,exp_21.npy,exp_564.npy,/scratch/tmp/gorczyca/URB_results/grid1k/grid1k_405938_3/SUMO_output/data_processed/new_flows_10s/exp_21.npy,/scratch/tmp/gorczyca/URB_results/grid1k/grid1k_405938_3/SUMO_output/data_processed/new_assignments_10s/exp_21.npy
/scratch/tmp/gorczyca/URB_results/grid1k/grid1k_405938_3,3,22,565,exp_22.npy,exp_565.npy,/scratch/tmp/gorczyca/URB_results/grid1k/grid1k_405938_3/SUMO_output/data_processed/new_flows_10s/exp_22.npy,/scratch/tmp/gorczyca/URB_results/grid1k/grid1k_405938_3/SUMO_output/data_processed/new_assignments_10s/exp_22.npy
/scratch/tmp/gorczyca/URB_results/grid1k/grid1k_405938_3,3,23,566,exp_23.npy,exp_566.npy,/scratch/tmp/gorczyca/URB_results/grid1k/grid1k_405938_3/SUMO_output/data_processed/new_flows_10s/exp_23.npy,/scratch/tmp/gorczyca/URB_results/grid1k/grid1k_405938_3/SUMO_output/data_processed/new_assignments_10s/exp_23.npy
/scratch/tmp/gorczyca/URB_results/grid1k/grid1k_405938_3,3,24,567,exp_24.npy,exp_567.npy,/scratch/tmp/gorczyca/URB_results/grid1k/grid1k_405938_3/SUMO_output/data_processed/new_flows_10s/exp_24.npy,/scratch/tmp/gorczyca/URB_results/grid1k/grid1k_405938_3/SUMO_output/data_processed/new_assignments_10s/exp_24.npy
/scratch/tmp/gorczyca/URB_results/grid1k/grid1k_405938_3,3,25,568,exp_25.npy,exp_568.npy,/scratch/tmp/gorczyca/URB_results/grid1k/grid1k_405938_3/SUMO_output/data_processed/new_flows_10s/exp_25.npy,/scratch/tmp/gorczyca/URB_results/grid1k/grid1k_405938_3/SUMO_output/data_processed/new_assignments_10s/exp_25.npy
/scratch/tmp/gorczyca/URB_results/grid1k/grid1k_405938_3,3,26,569,exp_26.npy,exp_569.npy,/scratch/tmp/gorczyca/URB_results/grid1k/grid1k_405938_3/SUMO_output/data_processed/new_flows_10s/exp_26.npy,/scratch/tmp/gorczyca/URB_results/grid1k/grid1k_405938_3/SUMO_output/data_processed/new_assignments_10s/exp_26.npy
/scratch/tmp/gorczyca/URB_results/grid1k/grid1k_405938_3,3,27,570,exp_27.npy,exp_570.npy,/scratch/tmp/gorczyca/URB_results/grid1k/grid1k_405938_3/SUMO_output/data_processed/new_flows_10s/exp_27.npy,/scratch/tmp/gorczyca/URB_results/grid1k/grid1k_405938_3/SUMO_output/data_processed/new_assignments_10s/exp_27.npy
/scratch/tmp/gorczyca/URB_results/grid1k/grid1k_405938_3,3,28,571,exp_28.npy,exp_571.npy,/scratch/tmp/gorczyca/URB_results/grid1k/grid1k_405938_3/SUMO_output/data_processed/new_flows_10s/exp_28.npy,/scratch/tmp/gorczyca/URB_results/grid1k/grid1k_405938_3/SUMO_output/data_processed/new_assignments_10s/exp_28.npy
/scratch/tmp/gorczyca/URB_results/grid1k/grid1k_405938_3,3,29,572,exp_29.npy,exp_572.npy,/scratch/tmp/gorczyca/URB_results/grid1k/grid1k_405938_3/SUMO_output/data_processed/new_flows_10s/exp_29.npy,/scratch/tmp/gorczyca/URB_results/grid1k/grid1k_405938_3/SUMO_output/data_processed/new_assignments_10s/exp_29.npy
/scratch/tmp/gorczyca/URB_results/grid1k/grid1k_405938_3,3,30,573,exp_30.npy,exp_573.npy,/scratch/tmp/gorczyca/URB_results/grid1k/grid1k_405938_3/SUMO_output/data_processed/new_flows_10s/exp_30.npy,/scratch/tmp/gorczyca/URB_results/grid1k/grid1k_405938_3/SUMO_output/data_processed/new_assignments_10s/exp_30.npy
/scratch/tmp/gorczyca/URB_results/grid1k/grid1k_405938_3,3,31,574,exp_31.npy,exp_574.npy,/scratch/tmp/gorczyca/URB_results/grid1k/grid1k_405938_3/SUMO_output/data_processed/new_flows_10s/exp_31.npy,/scratch/tmp/gorczyca/URB_results/grid1k/grid1k_405938_3/SUMO_output/data_processed/new_assignments_10s/exp_31.npy
/scratch/tmp/gorczyca/URB_results/grid1k/grid1k_405938_3,3,32,575,exp_32.npy,exp_575.npy,/scratch/tmp/gorczyca/URB_results/grid1k/grid1k_405938_3/SUMO_output/data_processed/new_flows_10s/exp_32.npy,/scratch/tmp/gorczyca/URB_results/grid1k/grid1k_405938_3/SUMO_output/data_processed/new_assignments_10s/exp_32.npy
/scratch/tmp/gorczyca/URB_results/grid1k/grid1k_405938_3,3,33,576,exp_33.npy,exp_576.npy,/scratch/tmp/gorczyca/URB_results/grid1k/grid1k_405938_3/SUMO_output/data_processed/new_flows_10s/exp_33.npy,/scratch/tmp/gorczyca/URB_results/grid1k/grid1k_405938_3/SUMO_output/data_processed/new_assignments_10s/exp_33.npy
/scratch/tmp/gorczyca/URB_results/grid1k/grid1k_405938_3,3,34,577,exp_34.npy,exp_577.npy,/scratch/tmp/gorczyca/URB_results/grid1k/grid1k_405938_3/SUMO_output/data_processed/new_flows_10s/exp_34.npy,/scratch/tmp/gorczyca/URB_results/grid1k/grid1k_405938_3/SUMO_output/data_processed/new_assignments_10s/exp_34.npy
/scratch/tmp/gorczyca/URB_results/grid1k/grid1k_405938_3,3,35,578,exp_35.npy,exp_578.npy,/scratch/tmp/gorczyca/URB_results/grid1k/grid1k_405938_3/SUMO_output/data_processed/new_flows_10s/exp_35.npy,/scratch/tmp/gorczyca/URB_results/grid1k/grid1k_405938_3/SUMO_output/data_processed/new_assignments_10s/exp_35.npy
/scratch/tmp/gorczyca/URB_results/grid1k/grid1k_405938_3,3,36,579,exp_36.npy,exp_579.npy,/scratch/tmp/gorczyca/URB_results/grid1k/grid1k_405938_3/SUMO_output/data_processed/new_flows_10s/exp_36.npy,/scratch/tmp/gorczyca/URB_results/grid1k/grid1k_405938_3/SUMO_output/data_processed/new_assignments_10s/exp_36.npy
/scratch/tmp/gorczyca/URB_results/grid1k/grid1k_405938_3,3,37,580,exp_37.npy,exp_580.npy,/scratch/tmp/gorczyca/URB_results/grid1k/grid1k_405938_3/SUMO_output/data_processed/new_flows_10s/exp_37.npy,/scratch/tmp/gorczyca/URB_results/grid1k/grid1k_405938_3/SUMO_output/data_processed/new_assignments_10s/exp_37.npy
/scratch/tmp/gorczyca/URB_results/grid1k/grid1k_405938_3,3,38,581,exp_38.npy,exp_581.npy,/scratch/tmp/gorczyca/URB_results/grid1k/grid1k_405938_3/SUMO_output/data_processed/new_flows_10s/exp_38.npy,/scratch/tmp/gorczyca/URB_results/grid1k/grid1k_405938_3/SUMO_output/data_processed/new_assignments_10s/exp_38.npy
/scratch/tmp/gorczyca/URB_results/grid1k/grid1k_405938_3,3,39,582,exp_39.npy,exp_582.npy,/scratch/tmp/gorczyca/URB_results/grid1k/grid1k_405938_3/SUMO_output/data_processed/new_flows_10s/exp_39.npy,/scratch/tmp/gorczyca/URB_results/grid1k/grid1k_405938_3/SUMO_output/data_processed/new_assignments_10s/exp_39.npy
/scratch/tmp/gorczyca/URB_results/grid1k/grid1k_405938_3,3,40,583,exp_40.npy,exp_583.npy,/scratch/tmp/gorczyca/URB_results/grid1k/grid1k_405938_3/SUMO_output/data_processed/new_flows_10s/exp_40.npy,/scratch/tmp/gorczyca/URB_results/grid1k/grid1k_405938_3/SUMO_output/data_processed/new_assignments_10s/exp_40.npy
/scratch/tmp/gorczyca/URB_results/grid1k/grid1k_405938_3,3,41,584,exp_41.npy,exp_584.npy,/scratch/tmp/gorczyca/URB_results/grid1k/grid1k_405938_3/SUMO_output/data_processed/new_flows_10s/exp_41.npy,/scratch/tmp/gorczyca/URB_results/grid1k/grid1k_405938_3/SUMO_output/data_processed/new_assignments_10s/exp_41.npy
/scratch/tmp/gorczyca/URB_results/grid1k/grid1k_405938_3,3,42,585,exp_42.npy,exp_585.npy,/scratch/tmp/gorczyca/URB_results/grid1k/grid1k_405938_3/SUMO_output/data_processed/new_flows_10s/exp_42.npy,/scratch/tmp/gorczyca/URB_results/grid1k/grid1k_405938_3/SUMO_output/data_processed/new_assignments_10s/exp_42.npy
/scratch/tmp/gorczyca/URB_results/grid1k/grid1k_405938_3,3,43,586,exp_43.npy,exp_586.npy,/scratch/tmp/gorczyca/URB_results/grid1k/grid1k_405938_3/SUMO_output/data_processed/new_flows_10s/exp_43.npy,/scratch/tmp/gorczyca/URB_results/grid1k/grid1k_405938_3/SUMO_output/data_processed/new_assignments_10s/exp_43.npy
/scratch/tmp/gorczyca/URB_results/grid1k/grid1k_405938_3,3,44,587,exp_44.npy,exp_587.npy,/scratch/tmp/gorczyca/URB_results/grid1k/grid1k_405938_3/SUMO_output/data_processed/new_flows_10s/exp_44.npy,/scratch/tmp/gorczyca/URB_results/grid1k/grid1k_405938_3/SUMO_output/data_processed/new_assignments_10s/exp_44.npy
/scratch/tmp/gorczyca/URB_results/grid1k/grid1k_405938_3,3,45,588,exp_45.npy,exp_588.npy,/scratch/tmp/gorczyca/URB_results/grid1k/grid1k_405938_3/SUMO_output/data_processed/new_flows_10s/exp_45.npy,/scratch/tmp/gorczyca/URB_results/grid1k/grid1k_405938_3/SUMO_output/data_processed/new_assignments_10s/exp_45.npy
/scratch/tmp/gorczyca/URB_results/grid1k/grid1k_405938_3,3,46,589,exp_46.npy,exp_589.npy,/scratch/tmp/gorczyca/URB_results/grid1k/grid1k_405938_3/SUMO_output/data_processed/new_flows_10s/exp_46.npy,/scratch/tmp/gorczyca/URB_results/grid1k/grid1k_405938_3/SUMO_output/data_processed/new_assignments_10s/exp_46.npy
/scratch/tmp/gorczyca/URB_results/grid1k/grid1k_405938_3,3,47,590,exp_47.npy,exp_590.npy,/scratch/tmp/gorczyca/URB_results/grid1k/grid1k_405938_3/SUMO_output/data_processed/new_flows_10s/exp_47.npy,/scratch/tmp/gorczyca/URB_results/grid1k/grid1k_405938_3/SUMO_output/data_processed/new_assignments_10s/exp_47.npy
/scratch/tmp/gorczyca/URB_results/grid1k/grid1k_405938_3,3,48,591,exp_48.npy,exp_591.npy,/scratch/tmp/gorczyca/URB_results/grid1k/grid1k_405938_3/SUMO_output/data_processed/new_flows_10s/exp_48.npy,/scratch/tmp/gorczyca/URB_results/grid1k/grid1k_405938_3/SUMO_output/data_processed/new_assignments_10s/exp_48.npy
/scratch/tmp/gorczyca/URB_results/grid1k/grid1k_405938_3,3,49,592,exp_49.npy,exp_592.npy,/scratch/tmp/gorczyca/URB_results/grid1k/grid1k_405938_3/SUMO_output/data_processed/new_flows_10s/exp_49.npy,/scratch/tmp/gorczyca/URB_results/grid1k/grid1k_405938_3/SUMO_output/data_processed/new_assignments_10s/exp_49.npy
/scratch/tmp/gorczyca/URB_results/grid1k/grid1k_405938_3,3,50,593,exp_50.npy,exp_593.npy,/scratch/tmp/gorczyca/URB_results/grid1k/grid1k_405938_3/SUMO_output/data_processed/new_flows_10s/exp_50.npy,/scratch/tmp/gorczyca/URB_results/grid1k/grid1k_405938_3/SUMO_output/data_processed/new_assignments_10s/exp_50.npy
/scratch/tmp/gorczyca/URB_results/grid1k/grid1k_405938_3,3,51,594,exp_51.npy,exp_594.npy,/scratch/tmp/gorczyca/URB_results/grid1k/grid1k_405938_3/SUMO_output/data_processed/new_flows_10s/exp_51.npy,/scratch/tmp/gorczyca/URB_results/grid1k/grid1k_405938_3/SUMO_output/data_processed/new_assignments_10s/exp_51.npy
/scratch/tmp/gorczyca/URB_results/grid1k/grid1k_405938_3,3,52,595,exp_52.npy,exp_595.npy,/scratch/tmp/gorczyca/URB_results/grid1k/grid1k_405938_3/SUMO_output/data_processed/new_flows_10s/exp_52.npy,/scratch/tmp/gorczyca/URB_results/grid1k/grid1k_405938_3/SUMO_output/data_processed/new_assignments_10s/exp_52.npy
/scratch/tmp/gorczyca/URB_results/grid1k/grid1k_405938_3,3,53,596,exp_53.npy,exp_596.npy,/scratch/tmp/gorczyca/URB_results/grid1k/grid1k_405938_3/SUMO_output/data_processed/new_flows_10s/exp_53.npy,/scratch/tmp/gorczyca/URB_results/grid1k/grid1k_405938_3/SUMO_output/data_processed/new_assignments_10s/exp_53.npy
/scratch/tmp/gorczyca/URB_results/grid1k/grid1k_405938_3,3,54,597,exp_54.npy,exp_597.npy,/scratch/tmp/gorczyca/URB_results/grid1k/grid1k_405938_3/SUMO_output/data_processed/new_flows_10s/exp_54.npy,/scratch/tmp/gorczyca/URB_results/grid1k/grid1k_405938_3/SUMO_output/data_processed/new_assignments_10s/exp_54.npy
/scratch/tmp/gorczyca/URB_results/grid1k/grid1k_405938_3,3,55,598,exp_55.npy,exp_598.npy,/scratch/tmp/gorczyca/URB_results/grid1k/grid1k_405938_3/SUMO_output/data_processed/new_flows_10s/exp_55.npy,/scratch/tmp/gorczyca/URB_results/grid1k/grid1k_405938_3/SUMO_output/data_processed/new_assignments_10s/exp_55.npy
/scratch/tmp/gorczyca/URB_results/grid1k/grid1k_405938_3,3,56,599,exp_56.npy,exp_599.npy,/scratch/tmp/gorczyca/URB_results/grid1k/grid1k_405938_3/SUMO_output/data_processed/new_flows_10s/exp_56.npy,/scratch/tmp/gorczyca/URB_results/grid1k/grid1k_405938_3/SUMO_output/data_processed/new_assignments_10s/exp_56.npy
/scratch/tmp/gorczyca/URB_results/grid1k/grid1k_405938_3,3,57,600,exp_57.npy,exp_600.npy,/scratch/tmp/gorczyca/URB_results/grid1k/grid1k_405938_3/SUMO_output/data_processed/new_flows_10s/exp_57.npy,/scratch/tmp/gorczyca/URB_results/grid1k/grid1k_405938_3/SUMO_output/data_processed/new_assignments_10s/exp_57.npy
/scratch/tmp/gorczyca/URB_results/grid1k/grid1k_405938_3,3,58,601,exp_58.npy,exp_601.npy,/scratch/tmp/gorczyca/URB_results/grid1k/grid1k_405938_3/SUMO_output/data_processed/new_flows_10s/exp_58.npy,/scratch/tmp/gorczyca/URB_results/grid1k/grid1k_405938_3/SUMO_output/data_processed/new_assignments_10s/exp_58.npy
/scratch/tmp/gorczyca/URB_results/grid1k/grid1k_405938_3,3,59,602,exp_59.npy,exp_602.npy,/scratch/tmp/gorczyca/URB_results/grid1k/grid1k_405938_3/SUMO_output/data_processed/new_flows_10s/exp_59.npy,/scratch/tmp/gorczyca/URB_results/grid1k/grid1k_405938_3/SUMO_output/data_processed/new_assignments_10s/exp_59.npy
/scratch/tmp/gorczyca/URB_results/grid1k/grid1k_405938_3,3,60,603,exp_60.npy,exp_603.npy,/scratch/tmp/gorczyca/URB_results/grid1k/grid1k_405938_3/SUMO_output/data_processed/new_flows_10s/exp_60.npy,/scratch/tmp/gorczyca/URB_results/grid1k/grid1k_405938_3/SUMO_output/data_processed/new_assignments_10s/exp_60.npy
/scratch/tmp/gorczyca/URB_results/grid1k/grid1k_405938_3,3,61,604,exp_61.npy,exp_604.npy,/scratch/tmp/gorczyca/URB_results/grid1k/grid1k_405938_3/SUMO_output/data_processed/new_flows_10s/exp_61.npy,/scratch/tmp/gorczyca/URB_results/grid1k/grid1k_405938_3/SUMO_output/data_processed/new_assignments_10s/exp_61.npy
/scratch/tmp/gorczyca/URB_results/grid1k/grid1k_405938_3,3,62,605,exp_62.npy,exp_605.npy,/scratch/tmp/gorczyca/URB_results/grid1k/grid1k_405938_3/SUMO_output/data_processed/new_flows_10s/exp_62.npy,/scratch/tmp/gorczyca/URB_results/grid1k/grid1k_405938_3/SUMO_output/data_processed/new_assignments_10s/exp_62.npy
/scratch/tmp/gorczyca/URB_results/grid1k/grid1k_405938_3,3,63,606,exp_63.npy,exp_606.npy,/scratch/tmp/gorczyca/URB_results/grid1k/grid1k_405938_3/SUMO_output/data_processed/new_flows_10s/exp_63.npy,/scratch/tmp/gorczyca/URB_results/grid1k/grid1k_405938_3/SUMO_output/data_processed/new_assignments_10s/exp_63.npy
/scratch/tmp/gorczyca/URB_results/grid1k/grid1k_405938_3,3,64,607,exp_64.npy,exp_607.npy,/scratch/tmp/gorczyca/URB_results/grid1k/grid1k_405938_3/SUMO_output/data_processed/new_flows_10s/exp_64.npy,/scratch/tmp/gorczyca/URB_results/grid1k/grid1k_405938_3/SUMO_output/data_processed/new_assignments_10s/exp_64.npy
/scratch/tmp/gorczyca/URB_results/grid1k/grid1k_405938_3,3,65,608,exp_65.npy,exp_608.npy,/scratch/tmp/gorczyca/URB_results/grid1k/grid1k_405938_3/SUMO_output/data_processed/new_flows_10s/exp_65.npy,/scratch/tmp/gorczyca/URB_results/grid1k/grid1k_405938_3/SUMO_output/data_processed/new_assignments_10s/exp_65.npy
/scratch/tmp/gorczyca/URB_results/grid1k/grid1k_405938_3,3,66,609,exp_66.npy,exp_609.npy,/scratch/tmp/gorczyca/URB_results/grid1k/grid1k_405938_3/SUMO_output/data_processed/new_flows_10s/exp_66.npy,/scratch/tmp/gorczyca/URB_results/grid1k/grid1k_405938_3/SUMO_output/data_processed/new_assignments_10s/exp_66.npy
/scratch/tmp/gorczyca/URB_results/grid1k/grid1k_405938_3,3,67,610,exp_67.npy,exp_610.npy,/scratch/tmp/gorczyca/URB_results/grid1k/grid1k_405938_3/SUMO_output/data_processed/new_flows_10s/exp_67.npy,/scratch/tmp/gorczyca/URB_results/grid1k/grid1k_405938_3/SUMO_output/data_processed/new_assignments_10s/exp_67.npy
/scratch/tmp/gorczyca/URB_results/grid1k/grid1k_405938_3,3,68,611,exp_68.npy,exp_611.npy,/scratch/tmp/gorczyca/URB_results/grid1k/grid1k_405938_3/SUMO_output/data_processed/new_flows_10s/exp_68.npy,/scratch/tmp/gorczyca/URB_results/grid1k/grid1k_405938_3/SUMO_output/data_processed/new_assignments_10s/exp_68.npy
/scratch/tmp/gorczyca/URB_results/grid1k/grid1k_405938_3,3,69,612,exp_69.npy,exp_612.npy,/scratch/tmp/gorczyca/URB_results/grid1k/grid1k_405938_3/SUMO_output/data_processed/new_flows_10s/exp_69.npy,/scratch/tmp/gorczyca/URB_results/grid1k/grid1k_405938_3/SUMO_output/data_processed/new_assignments_10s/exp_69.npy
/scratch/tmp/gorczyca/URB_results/grid1k/grid1k_405938_3,3,70,613,exp_70.npy,exp_613.npy,/scratch/tmp/gorczyca/URB_results/grid1k/grid1k_405938_3/SUMO_output/data_processed/new_flows_10s/exp_70.npy,/scratch/tmp/gorczyca/URB_results/grid1k/grid1k_405938_3/SUMO_output/data_processed/new_assignments_10s/exp_70.npy
/scratch/tmp/gorczyca/URB_results/grid1k/grid1k_405938_3,3,71,614,exp_71.npy,exp_614.npy,/scratch/tmp/gorczyca/URB_results/grid1k/grid1k_405938_3/SUMO_output/data_processed/new_flows_10s/exp_71.npy,/scratch/tmp/gorczyca/URB_results/grid1k/grid1k_405938_3/SUMO_output/data_processed/new_assignments_10s/exp_71.npy
/scratch/tmp/gorczyca/URB_results/grid1k/grid1k_405938_3,3,72,615,exp_72.npy,exp_615.npy,/scratch/tmp/gorczyca/URB_results/grid1k/grid1k_405938_3/SUMO_output/data_processed/new_flows_10s/exp_72.npy,/scratch/tmp/gorczyca/URB_results/grid1k/grid1k_405938_3/SUMO_output/data_processed/new_assignments_10s/exp_72.npy
/scratch/tmp/gorczyca/URB_results/grid1k/grid1k_405938_3,3,73,616,exp_73.npy,exp_616.npy,/scratch/tmp/gorczyca/URB_results/grid1k/grid1k_405938_3/SUMO_output/data_processed/new_flows_10s/exp_73.npy,/scratch/tmp/gorczyca/URB_results/grid1k/grid1k_405938_3/SUMO_output/data_processed/new_assignments_10s/exp_73.npy
/scratch/tmp/gorczyca/URB_results/grid1k/grid1k_405938_3,3,74,617,exp_74.npy,exp_617.npy,/scratch/tmp/gorczyca/URB_results/grid1k/grid1k_405938_3/SUMO_output/data_processed/new_flows_10s/exp_74.npy,/scratch/tmp/gorczyca/URB_results/grid1k/grid1k_405938_3/SUMO_output/data_processed/new_assignments_10s/exp_74.npy
/scratch/tmp/gorczyca/URB_results/grid1k/grid1k_405938_3,3,75,618,exp_75.npy,exp_618.npy,/scratch/tmp/gorczyca/URB_results/grid1k/grid1k_405938_3/SUMO_output/data_processed/new_flows_10s/exp_75.npy,/scratch/tmp/gorczyca/URB_results/grid1k/grid1k_405938_3/SUMO_output/data_processed/new_assignments_10s/exp_75.npy
/scratch/tmp/gorczyca/URB_results/grid1k/grid1k_405938_3,3,76,619,exp_76.npy,exp_619.npy,/scratch/tmp/gorczyca/URB_results/grid1k/grid1k_405938_3/SUMO_output/data_processed/new_flows_10s/exp_76.npy,/scratch/tmp/gorczyca/URB_results/grid1k/grid1k_405938_3/SUMO_output/data_processed/new_assignments_10s/exp_76.npy
/scratch/tmp/gorczyca/URB_results/grid1k/grid1k_405938_3,3,77,620,exp_77.npy,exp_620.npy,/scratch/tmp/gorczyca/URB_results/grid1k/grid1k_405938_3/SUMO_output/data_processed/new_flows_10s/exp_77.npy,/scratch/tmp/gorczyca/URB_results/grid1k/grid1k_405938_3/SUMO_output/data_processed/new_assignments_10s/exp_77.npy
/scratch/tmp/gorczyca/URB_results/grid1k/grid1k_405938_3,3,78,621,exp_78.npy,exp_621.npy,/scratch/tmp/gorczyca/URB_results/grid1k/grid1k_405938_3/SUMO_output/data_processed/new_flows_10s/exp_78.npy,/scratch/tmp/gorczyca/URB_results/grid1k/grid1k_405938_3/SUMO_output/data_processed/new_assignments_10s/exp_78.npy
/scratch/tmp/gorczyca/URB_results/grid1k/grid1k_405938_3,3,79,622,exp_79.npy,exp_622.npy,/scratch/tmp/gorczyca/URB_results/grid1k/grid1k_405938_3/SUMO_output/data_processed/new_flows_10s/exp_79.npy,/scratch/tmp/gorczyca/URB_results/grid1k/grid1k_405938_3/SUMO_output/data_processed/new_assignments_10s/exp_79.npy
/scratch/tmp/gorczyca/URB_results/grid1k/grid1k_405938_3,3,80,623,exp_80.npy,exp_623.npy,/scratch/tmp/gorczyca/URB_results/grid1k/grid1k_405938_3/SUMO_output/data_processed/new_flows_10s/exp_80.npy,/scratch/tmp/gorczyca/URB_results/grid1k/grid1k_405938_3/SUMO_output/data_processed/new_assignments_10s/exp_80.npy
/scratch/tmp/gorczyca/URB_results/grid1k/grid1k_405938_3,3,81,624,exp_81.npy,exp_624.npy,/scratch/tmp/gorczyca/URB_results/grid1k/grid1k_405938_3/SUMO_output/data_processed/new_flows_10s/exp_81.npy,/scratch/tmp/gorczyca/URB_results/grid1k/grid1k_405938_3/SUMO_output/data_processed/new_assignments_10s/exp_81.npy
/scratch/tmp/gorczyca/URB_results/grid1k/grid1k_405938_3,3,82,625,exp_82.npy,exp_625.npy,/scratch/tmp/gorczyca/URB_results/grid1k/grid1k_405938_3/SUMO_output/data_processed/new_flows_10s/exp_82.npy,/scratch/tmp/gorczyca/URB_results/grid1k/grid1k_405938_3/SUMO_output/data_processed/new_assignments_10s/exp_82.npy
/scratch/tmp/gorczyca/URB_results/grid1k/grid1k_405938_3,3,83,626,exp_83.npy,exp_626.npy,/scratch/tmp/gorczyca/URB_results/grid1k/grid1k_405938_3/SUMO_output/data_processed/new_flows_10s/exp_83.npy,/scratch/tmp/gorczyca/URB_results/grid1k/grid1k_405938_3/SUMO_output/data_processed/new_assignments_10s/exp_83.npy
/scratch/tmp/gorczyca/URB_results/grid1k/grid1k_405938_3,3,84,627,exp_84.npy,exp_627.npy,/scratch/tmp/gorczyca/URB_results/grid1k/grid1k_405938_3/SUMO_output/data_processed/new_flows_10s/exp_84.npy,/scratch/tmp/gorczyca/URB_results/grid1k/grid1k_405938_3/SUMO_output/data_processed/new_assignments_10s/exp_84.npy
/scratch/tmp/gorczyca/URB_results/grid1k/grid1k_405938_3,3,85,628,exp_85.npy,exp_628.npy,/scratch/tmp/gorczyca/URB_results/grid1k/grid1k_405938_3/SUMO_output/data_processed/new_flows_10s/exp_85.npy,/scratch/tmp/gorczyca/URB_results/grid1k/grid1k_405938_3/SUMO_output/data_processed/new_assignments_10s/exp_85.npy
/scratch/tmp/gorczyca/URB_results/grid1k/grid1k_405938_3,3,86,629,exp_86.npy,exp_629.npy,/scratch/tmp/gorczyca/URB_results/grid1k/grid1k_405938_3/SUMO_output/data_processed/new_flows_10s/exp_86.npy,/scratch/tmp/gorczyca/URB_results/grid1k/grid1k_405938_3/SUMO_output/data_processed/new_assignments_10s/exp_86.npy
/scratch/tmp/gorczyca/URB_results/grid1k/grid1k_405938_3,3,87,630,exp_87.npy,exp_630.npy,/scratch/tmp/gorczyca/URB_results/grid1k/grid1k_405938_3/SUMO_output/data_processed/new_flows_10s/exp_87.npy,/scratch/tmp/gorczyca/URB_results/grid1k/grid1k_405938_3/SUMO_output/data_processed/new_assignments_10s/exp_87.npy
/scratch/tmp/gorczyca/URB_results/grid1k/grid1k_405938_3,3,88,631,exp_88.npy,exp_631.npy,/scratch/tmp/gorczyca/URB_results/grid1k/grid1k_405938_3/SUMO_output/data_processed/new_flows_10s/exp_88.npy,/scratch/tmp/gorczyca/URB_results/grid1k/grid1k_405938_3/SUMO_output/data_processed/new_assignments_10s/exp_88.npy
/scratch/tmp/gorczyca/URB_results/grid1k/grid1k_405938_3,3,89,632,exp_89.npy,exp_632.npy,/scratch/tmp/gorczyca/URB_results/grid1k/grid1k_405938_3/SUMO_output/data_processed/new_flows_10s/exp_89.npy,/scratch/tmp/gorczyca/URB_results/grid1k/grid1k_405938_3/SUMO_output/data_processed/new_assignments_10s/exp_89.npy
/scratch/tmp/gorczyca/URB_results/grid1k/grid1k_405938_3,3,90,633,exp_90.npy,exp_633.npy,/scratch/tmp/gorczyca/URB_results/grid1k/grid1k_405938_3/SUMO_output/data_processed/new_flows_10s/exp_90.npy,/scratch/tmp/gorczyca/URB_results/grid1k/grid1k_405938_3/SUMO_output/data_processed/new_assignments_10s/exp_90.npy
/scratch/tmp/gorczyca/URB_results/grid1k/grid1k_405938_3,3,91,634,exp_91.npy,exp_634.npy,/scratch/tmp/gorczyca/URB_results/grid1k/grid1k_405938_3/SUMO_output/data_processed/new_flows_10s/exp_91.npy,/scratch/tmp/gorczyca/URB_results/grid1k/grid1k_405938_3/SUMO_output/data_processed/new_assignments_10s/exp_91.npy
/scratch/tmp/gorczyca/URB_results/grid1k/grid1k_405938_3,3,92,635,exp_92.npy,exp_635.npy,/scratch/tmp/gorczyca/URB_results/grid1k/grid1k_405938_3/SUMO_output/data_processed/new_flows_10s/exp_92.npy,/scratch/tmp/gorczyca/URB_results/grid1k/grid1k_405938_3/SUMO_output/data_processed/new_assignments_10s/exp_92.npy
/scratch/tmp/gorczyca/URB_results/grid1k/grid1k_405938_3,3,93,636,exp_93.npy,exp_636.npy,/scratch/tmp/gorczyca/URB_results/grid1k/grid1k_405938_3/SUMO_output/data_processed/new_flows_10s/exp_93.npy,/scratch/tmp/gorczyca/URB_results/grid1k/grid1k_405938_3/SUMO_output/data_processed/new_assignments_10s/exp_93.npy
/scratch/tmp/gorczyca/URB_results/grid1k/grid1k_405938_3,3,94,637,exp_94.npy,exp_637.npy,/scratch/tmp/gorczyca/URB_results/grid1k/grid1k_405938_3/SUMO_output/data_processed/new_flows_10s/exp_94.npy,/scratch/tmp/gorczyca/URB_results/grid1k/grid1k_405938_3/SUMO_output/data_processed/new_assignments_10s/exp_94.npy
/scratch/tmp/gorczyca/URB_results/grid1k/grid1k_405938_3,3,95,638,exp_95.npy,exp_638.npy,/scratch/tmp/gorczyca/URB_results/grid1k/grid1k_405938_3/SUMO_output/data_processed/new_flows_10s/exp_95.npy,/scratch/tmp/gorczyca/URB_results/grid1k/grid1k_405938_3/SUMO_output/data_processed/new_assignments_10s/exp_95.npy
/scratch/tmp/gorczyca/URB_results/grid1k/grid1k_405938_3,3,96,639,exp_96.npy,exp_639.npy,/scratch/tmp/gorczyca/URB_results/grid1k/grid1k_405938_3/SUMO_output/data_processed/new_flows_10s/exp_96.npy,/scratch/tmp/gorczyca/URB_results/grid1k/grid1k_405938_3/SUMO_output/data_processed/new_assignments_10s/exp_96.npy
/scratch/tmp/gorczyca/URB_results/grid1k/grid1k_405938_3,3,97,640,exp_97.npy,exp_640.npy,/scratch/tmp/gorczyca/URB_results/grid1k/grid1k_405938_3/SUMO_output/data_processed/new_flows_10s/exp_97.npy,/scratch/tmp/gorczyca/URB_results/grid1k/grid1k_405938_3/SUMO_output/data_processed/new_assignments_10s/exp_97.npy
/scratch/tmp/gorczyca/URB_results/grid1k/grid1k_405938_3,3,98,641,exp_98.npy,exp_641.npy,/scratch/tmp/gorczyca/URB_results/grid1k/grid1k_405938_3/SUMO_output/data_processed/new_flows_10s/exp_98.npy,/scratch/tmp/gorczyca/URB_results/grid1k/grid1k_405938_3/SUMO_output/data_processed/new_assignments_10s/exp_98.npy
/scratch/tmp/gorczyca/URB_results/grid1k/grid1k_405938_3,3,99,642,exp_99.npy,exp_642.npy,/scratch/tmp/gorczyca/URB_results/grid1k/grid1k_405938_3/SUMO_output/data_processed/new_flows_10s/exp_99.npy,/scratch/tmp/gorczyca/URB_results/grid1k/grid1k_405938_3/SUMO_output/data_processed/new_assignments_10s/exp_99.npy
/scratch/tmp/gorczyca/URB_results/grid1k/grid1k_405938_3,3,100,643,exp_100.npy,exp_643.npy,/scratch/tmp/gorczyca/URB_results/grid1k/grid1k_405938_3/SUMO_output/data_processed/new_flows_10s/exp_100.npy,/scratch/tmp/gorczyca/URB_results/grid1k/grid1k_405938_3/SUMO_output/data_processed/new_assignments_10s/exp_100.npy
/scratch/tmp/gorczyca/URB_results/grid1k/grid1k_405938_3,3,101,644,exp_101.npy,exp_644.npy,/scratch/tmp/gorczyca/URB_results/grid1k/grid1k_405938_3/SUMO_output/data_processed/new_flows_10s/exp_101.npy,/scratch/tmp/gorczyca/URB_results/grid1k/grid1k_405938_3/SUMO_output/data_processed/new_assignments_10s/exp_101.npy
/scratch/tmp/gorczyca/URB_results/grid1k/grid1k_405938_3,3,102,645,exp_102.npy,exp_645.npy,/scratch/tmp/gorczyca/URB_results/grid1k/grid1k_405938_3/SUMO_output/data_processed/new_flows_10s/exp_102.npy,/scratch/tmp/gorczyca/URB_results/grid1k/grid1k_405938_3/SUMO_output/data_processed/new_assignments_10s/exp_102.npy
/scratch/tmp/gorczyca/URB_results/grid1k/grid1k_405938_3,3,103,646,exp_103.npy,exp_646.npy,/scratch/tmp/gorczyca/URB_results/grid1k/grid1k_405938_3/SUMO_output/data_processed/new_flows_10s/exp_103.npy,/scratch/tmp/gorczyca/URB_results/grid1k/grid1k_405938_3/SUMO_output/data_processed/new_assignments_10s/exp_103.npy
/scratch/tmp/gorczyca/URB_results/grid1k/grid1k_405938_3,3,104,647,exp_104.npy,exp_647.npy,/scratch/tmp/gorczyca/URB_results/grid1k/grid1k_405938_3/SUMO_output/data_processed/new_flows_10s/exp_104.npy,/scratch/tmp/gorczyca/URB_results/grid1k/grid1k_405938_3/SUMO_output/data_processed/new_assignments_10s/exp_104.npy
/scratch/tmp/gorczyca/URB_results/grid1k/grid1k_405938_3,3,105,648,exp_105.npy,exp_648.npy,/scratch/tmp/gorczyca/URB_results/grid1k/grid1k_405938_3/SUMO_output/data_processed/new_flows_10s/exp_105.npy,/scratch/tmp/gorczyca/URB_results/grid1k/grid1k_405938_3/SUMO_output/data_processed/new_assignments_10s/exp_105.npy
/scratch/tmp/gorczyca/URB_results/grid1k/grid1k_405938_3,3,106,649,exp_106.npy,exp_649.npy,/scratch/tmp/gorczyca/URB_results/grid1k/grid1k_405938_3/SUMO_output/data_processed/new_flows_10s/exp_106.npy,/scratch/tmp/gorczyca/URB_results/grid1k/grid1k_405938_3/SUMO_output/data_processed/new_assignments_10s/exp_106.npy
/scratch/tmp/gorczyca/URB_results/grid1k/grid1k_405938_3,3,107,650,exp_107.npy,exp_650.npy,/scratch/tmp/gorczyca/URB_results/grid1k/grid1k_405938_3/SUMO_output/data_processed/new_flows_10s/exp_107.npy,/scratch/tmp/gorczyca/URB_results/grid1k/grid1k_405938_3/SUMO_output/data_processed/new_assignments_10s/exp_107.npy
/scratch/tmp/gorczyca/URB_results/grid1k/grid1k_405938_3,3,108,651,exp_108.npy,exp_651.npy,/scratch/tmp/gorczyca/URB_results/grid1k/grid1k_405938_3/SUMO_output/data_processed/new_flows_10s/exp_108.npy,/scratch/tmp/gorczyca/URB_results/grid1k/grid1k_405938_3/SUMO_output/data_processed/new_assignments_10s/exp_108.npy
/scratch/tmp/gorczyca/URB_results/grid1k/grid1k_405938_3,3,109,652,exp_109.npy,exp_652.npy,/scratch/tmp/gorczyca/URB_results/grid1k/grid1k_405938_3/SUMO_output/data_processed/new_flows_10s/exp_109.npy,/scratch/tmp/gorczyca/URB_results/grid1k/grid1k_405938_3/SUMO_output/data_processed/new_assignments_10s/exp_109.npy
/scratch/tmp/gorczyca/URB_results/grid1k/grid1k_405938_3,3,110,653,exp_110.npy,exp_653.npy,/scratch/tmp/gorczyca/URB_results/grid1k/grid1k_405938_3/SUMO_output/data_processed/new_flows_10s/exp_110.npy,/scratch/tmp/gorczyca/URB_results/grid1k/grid1k_405938_3/SUMO_output/data_processed/new_assignments_10s/exp_110.npy
/scratch/tmp/gorczyca/URB_results/grid1k/grid1k_405938_3,3,111,654,exp_111.npy,exp_654.npy,/scratch/tmp/gorczyca/URB_results/grid1k/grid1k_405938_3/SUMO_output/data_processed/new_flows_10s/exp_111.npy,/scratch/tmp/gorczyca/URB_results/grid1k/grid1k_405938_3/SUMO_output/data_processed/new_assignments_10s/exp_111.npy
/scratch/tmp/gorczyca/URB_results/grid1k/grid1k_405938_3,3,112,655,exp_112.npy,exp_655.npy,/scratch/tmp/gorczyca/URB_results/grid1k/grid1k_405938_3/SUMO_output/data_processed/new_flows_10s/exp_112.npy,/scratch/tmp/gorczyca/URB_results/grid1k/grid1k_405938_3/SUMO_output/data_processed/new_assignments_10s/exp_112.npy
/scratch/tmp/gorczyca/URB_results/grid1k/grid1k_405938_3,3,113,656,exp_113.npy,exp_656.npy,/scratch/tmp/gorczyca/URB_results/grid1k/grid1k_405938_3/SUMO_output/data_processed/new_flows_10s/exp_113.npy,/scratch/tmp/gorczyca/URB_results/grid1k/grid1k_405938_3/SUMO_output/data_processed/new_assignments_10s/exp_113.npy
/scratch/tmp/gorczyca/URB_results/grid1k/grid1k_405938_3,3,114,657,exp_114.npy,exp_657.npy,/scratch/tmp/gorczyca/URB_results/grid1k/grid1k_405938_3/SUMO_output/data_processed/new_flows_10s/exp_114.npy,/scratch/tmp/gorczyca/URB_results/grid1k/grid1k_405938_3/SUMO_output/data_processed/new_assignments_10s/exp_114.npy
/scratch/tmp/gorczyca/URB_results/grid1k/grid1k_405938_3,3,115,658,exp_115.npy,exp_658.npy,/scratch/tmp/gorczyca/URB_results/grid1k/grid1k_405938_3/SUMO_output/data_processed/new_flows_10s/exp_115.npy,/scratch/tmp/gorczyca/URB_results/grid1k/grid1k_405938_3/SUMO_output/data_processed/new_assignments_10s/exp_115.npy
/scratch/tmp/gorczyca/URB_results/grid1k/grid1k_405938_3,3,116,659,exp_116.npy,exp_659.npy,/scratch/tmp/gorczyca/URB_results/grid1k/grid1k_405938_3/SUMO_output/data_processed/new_flows_10s/exp_116.npy,/scratch/tmp/gorczyca/URB_results/grid1k/grid1k_405938_3/SUMO_output/data_processed/new_assignments_10s/exp_116.npy
/scratch/tmp/gorczyca/URB_results/grid1k/grid1k_405938_3,3,117,660,exp_117.npy,exp_660.npy,/scratch/tmp/gorczyca/URB_results/grid1k/grid1k_405938_3/SUMO_output/data_processed/new_flows_10s/exp_117.npy,/scratch/tmp/gorczyca/URB_results/grid1k/grid1k_405938_3/SUMO_output/data_processed/new_assignments_10s/exp_117.npy
/scratch/tmp/gorczyca/URB_results/grid1k/grid1k_405938_3,3,118,661,exp_118.npy,exp_661.npy,/scratch/tmp/gorczyca/URB_results/grid1k/grid1k_405938_3/SUMO_output/data_processed/new_flows_10s/exp_118.npy,/scratch/tmp/gorczyca/URB_results/grid1k/grid1k_405938_3/SUMO_output/data_processed/new_assignments_10s/exp_118.npy
/scratch/tmp/gorczyca/URB_results/grid1k/grid1k_405938_3,3,119,662,exp_119.npy,exp_662.npy,/scratch/tmp/gorczyca/URB_results/grid1k/grid1k_405938_3/SUMO_output/data_processed/new_flows_10s/exp_119.npy,/scratch/tmp/gorczyca/URB_results/grid1k/grid1k_405938_3/SUMO_output/data_processed/new_assignments_10s/exp_119.npy
/scratch/tmp/gorczyca/URB_results/grid1k/grid1k_405938_3,3,120,663,exp_120.npy,exp_663.npy,/scratch/tmp/gorczyca/URB_results/grid1k/grid1k_405938_3/SUMO_output/data_processed/new_flows_10s/exp_120.npy,/scratch/tmp/gorczyca/URB_results/grid1k/grid1k_405938_3/SUMO_output/data_processed/new_assignments_10s/exp_120.npy
/scratch/tmp/gorczyca/URB_results/grid1k/grid1k_405938_3,3,121,664,exp_121.npy,exp_664.npy,/scratch/tmp/gorczyca/URB_results/grid1k/grid1k_405938_3/SUMO_output/data_processed/new_flows_10s/exp_121.npy,/scratch/tmp/gorczyca/URB_results/grid1k/grid1k_405938_3/SUMO_output/data_processed/new_assignments_10s/exp_121.npy
/scratch/tmp/gorczyca/URB_results/grid1k/grid1k_405938_3,3,122,665,exp_122.npy,exp_665.npy,/scratch/tmp/gorczyca/URB_results/grid1k/grid1k_405938_3/SUMO_output/data_processed/new_flows_10s/exp_122.npy,/scratch/tmp/gorczyca/URB_results/grid1k/grid1k_405938_3/SUMO_output/data_processed/new_assignments_10s/exp_122.npy
/scratch/tmp/gorczyca/URB_results/grid1k/grid1k_405938_3,3,123,666,exp_123.npy,exp_666.npy,/scratch/tmp/gorczyca/URB_results/grid1k/grid1k_405938_3/SUMO_output/data_processed/new_flows_10s/exp_123.npy,/scratch/tmp/gorczyca/URB_results/grid1k/grid1k_405938_3/SUMO_output/data_processed/new_assignments_10s/exp_123.npy
/scratch/tmp/gorczyca/URB_results/grid1k/grid1k_405938_3,3,124,667,exp_124.npy,exp_667.npy,/scratch/tmp/gorczyca/URB_results/grid1k/grid1k_405938_3/SUMO_output/data_processed/new_flows_10s/exp_124.npy,/scratch/tmp/gorczyca/URB_results/grid1k/grid1k_405938_3/SUMO_output/data_processed/new_assignments_10s/exp_124.npy
/scratch/tmp/gorczyca/URB_results/grid1k/grid1k_405938_3,3,125,668,exp_125.npy,exp_668.npy,/scratch/tmp/gorczyca/URB_results/grid1k/grid1k_405938_3/SUMO_output/data_processed/new_flows_10s/exp_125.npy,/scratch/tmp/gorczyca/URB_results/grid1k/grid1k_405938_3/SUMO_output/data_processed/new_assignments_10s/exp_125.npy
/scratch/tmp/gorczyca/URB_results/grid1k/grid1k_405938_3,3,126,669,exp_126.npy,exp_669.npy,/scratch/tmp/gorczyca/URB_results/grid1k/grid1k_405938_3/SUMO_output/data_processed/new_flows_10s/exp_126.npy,/scratch/tmp/gorczyca/URB_results/grid1k/grid1k_405938_3/SUMO_output/data_processed/new_assignments_10s/exp_126.npy
/scratch/tmp/gorczyca/URB_results/grid1k/grid1k_405938_3,3,127,670,exp_127.npy,exp_670.npy,/scratch/tmp/gorczyca/URB_results/grid1k/grid1k_405938_3/SUMO_output/data_processed/new_flows_10s/exp_127.npy,/scratch/tmp/gorczyca/URB_results/grid1k/grid1k_405938_3/SUMO_output/data_processed/new_assignments_10s/exp_127.npy
/scratch/tmp/gorczyca/URB_results/grid1k/grid1k_405938_3,3,128,671,exp_128.npy,exp_671.npy,/scratch/tmp/gorczyca/URB_results/grid1k/grid1k_405938_3/SUMO_output/data_processed/new_flows_10s/exp_128.npy,/scratch/tmp/gorczyca/URB_results/grid1k/grid1k_405938_3/SUMO_output/data_processed/new_assignments_10s/exp_128.npy
/scratch/tmp/gorczyca/URB_results/grid1k/grid1k_405938_3,3,129,672,exp_129.npy,exp_672.npy,/scratch/tmp/gorczyca/URB_results/grid1k/grid1k_405938_3/SUMO_output/data_processed/new_flows_10s/exp_129.npy,/scratch/tmp/gorczyca/URB_results/grid1k/grid1k_405938_3/SUMO_output/data_processed/new_assignments_10s/exp_129.npy
/scratch/tmp/gorczyca/URB_results/grid1k/grid1k_405938_3,3,130,673,exp_130.npy,exp_673.npy,/scratch/tmp/gorczyca/URB_results/grid1k/grid1k_405938_3/SUMO_output/data_processed/new_flows_10s/exp_130.npy,/scratch/tmp/gorczyca/URB_results/grid1k/grid1k_405938_3/SUMO_output/data_processed/new_assignments_10s/exp_130.npy
/scratch/tmp/gorczyca/URB_results/grid1k/grid1k_405938_3,3,131,674,exp_131.npy,exp_674.npy,/scratch/tmp/gorczyca/URB_results/grid1k/grid1k_405938_3/SUMO_output/data_processed/new_flows_10s/exp_131.npy,/scratch/tmp/gorczyca/URB_results/grid1k/grid1k_405938_3/SUMO_output/data_processed/new_assignments_10s/exp_131.npy
/scratch/tmp/gorczyca/URB_results/grid1k/grid1k_405938_3,3,132,675,exp_132.npy,exp_675.npy,/scratch/tmp/gorczyca/URB_results/grid1k/grid1k_405938_3/SUMO_output/data_processed/new_flows_10s/exp_132.npy,/scratch/tmp/gorczyca/URB_results/grid1k/grid1k_405938_3/SUMO_output/data_processed/new_assignments_10s/exp_132.npy
/scratch/tmp/gorczyca/URB_results/grid1k/grid1k_405938_3,3,133,676,exp_133.npy,exp_676.npy,/scratch/tmp/gorczyca/URB_results/grid1k/grid1k_405938_3/SUMO_output/data_processed/new_flows_10s/exp_133.npy,/scratch/tmp/gorczyca/URB_results/grid1k/grid1k_405938_3/SUMO_output/data_processed/new_assignments_10s/exp_133.npy
/scratch/tmp/gorczyca/URB_results/grid1k/grid1k_405938_3,3,134,677,exp_134.npy,exp_677.npy,/scratch/tmp/gorczyca/URB_results/grid1k/grid1k_405938_3/SUMO_output/data_processed/new_flows_10s/exp_134.npy,/scratch/tmp/gorczyca/URB_results/grid1k/grid1k_405938_3/SUMO_output/data_processed/new_assignments_10s/exp_134.npy
/scratch/tmp/gorczyca/URB_results/grid1k/grid1k_405938_3,3,135,678,exp_135.npy,exp_678.npy,/scratch/tmp/gorczyca/URB_results/grid1k/grid1k_405938_3/SUMO_output/data_processed/new_flows_10s/exp_135.npy,/scratch/tmp/gorczyca/URB_results/grid1k/grid1k_405938_3/SUMO_output/data_processed/new_assignments_10s/exp_135.npy
/scratch/tmp/gorczyca/URB_results/grid1k/grid1k_405938_3,3,136,679,exp_136.npy,exp_679.npy,/scratch/tmp/gorczyca/URB_results/grid1k/grid1k_405938_3/SUMO_output/data_processed/new_flows_10s/exp_136.npy,/scratch/tmp/gorczyca/URB_results/grid1k/grid1k_405938_3/SUMO_output/data_processed/new_assignments_10s/exp_136.npy
/scratch/tmp/gorczyca/URB_results/grid1k/grid1k_405938_3,3,137,680,exp_137.npy,exp_680.npy,/scratch/tmp/gorczyca/URB_results/grid1k/grid1k_405938_3/SUMO_output/data_processed/new_flows_10s/exp_137.npy,/scratch/tmp/gorczyca/URB_results/grid1k/grid1k_405938_3/SUMO_output/data_processed/new_assignments_10s/exp_137.npy
/scratch/tmp/gorczyca/URB_results/grid1k/grid1k_405938_3,3,138,681,exp_138.npy,exp_681.npy,/scratch/tmp/gorczyca/URB_results/grid1k/grid1k_405938_3/SUMO_output/data_processed/new_flows_10s/exp_138.npy,/scratch/tmp/gorczyca/URB_results/grid1k/grid1k_405938_3/SUMO_output/data_processed/new_assignments_10s/exp_138.npy
/scratch/tmp/gorczyca/URB_results/grid1k/grid1k_405938_3,3,139,682,exp_139.npy,exp_682.npy,/scratch/tmp/gorczyca/URB_results/grid1k/grid1k_405938_3/SUMO_output/data_processed/new_flows_10s/exp_139.npy,/scratch/tmp/gorczyca/URB_results/grid1k/grid1k_405938_3/SUMO_output/data_processed/new_assignments_10s/exp_139.npy
/scratch/tmp/gorczyca/URB_results/grid1k/grid1k_405938_3,3,140,683,exp_140.npy,exp_683.npy,/scratch/tmp/gorczyca/URB_results/grid1k/grid1k_405938_3/SUMO_output/data_processed/new_flows_10s/exp_140.npy,/scratch/tmp/gorczyca/URB_results/grid1k/grid1k_405938_3/SUMO_output/data_processed/new_assignments_10s/exp_140.npy
/scratch/tmp/gorczyca/URB_results/grid1k/grid1k_405938_3,3,141,684,exp_141.npy,exp_684.npy,/scratch/tmp/gorczyca/URB_results/grid1k/grid1k_405938_3/SUMO_output/data_processed/new_flows_10s/exp_141.npy,/scratch/tmp/gorczyca/URB_results/grid1k/grid1k_405938_3/SUMO_output/data_processed/new_assignments_10s/exp_141.npy
/scratch/tmp/gorczyca/URB_results/grid1k/grid1k_405938_3,3,142,685,exp_142.npy,exp_685.npy,/scratch/tmp/gorczyca/URB_results/grid1k/grid1k_405938_3/SUMO_output/data_processed/new_flows_10s/exp_142.npy,/scratch/tmp/gorczyca/URB_results/grid1k/grid1k_405938_3/SUMO_output/data_processed/new_assignments_10s/exp_142.npy
/scratch/tmp/gorczyca/URB_results/grid1k/grid1k_405938_3,3,143,686,exp_143.npy,exp_686.npy,/scratch/tmp/gorczyca/URB_results/grid1k/grid1k_405938_3/SUMO_output/data_processed/new_flows_10s/exp_143.npy,/scratch/tmp/gorczyca/URB_results/grid1k/grid1k_405938_3/SUMO_output/data_processed/new_assignments_10s/exp_143.npy
/scratch/tmp/gorczyca/URB_results/grid1k/grid1k_405938_3,3,144,687,exp_144.npy,exp_687.npy,/scratch/tmp/gorczyca/URB_results/grid1k/grid1k_405938_3/SUMO_output/data_processed/new_flows_10s/exp_144.npy,/scratch/tmp/gorczyca/URB_results/grid1k/grid1k_405938_3/SUMO_output/data_processed/new_assignments_10s/exp_144.npy
/scratch/tmp/gorczyca/URB_results/grid1k/grid1k_405938_3,3,145,688,exp_145.npy,exp_688.npy,/scratch/tmp/gorczyca/URB_results/grid1k/grid1k_405938_3/SUMO_output/data_processed/new_flows_10s/exp_145.npy,/scratch/tmp/gorczyca/URB_results/grid1k/grid1k_405938_3/SUMO_output/data_processed/new_assignments_10s/exp_145.npy
/scratch/tmp/gorczyca/URB_results/grid1k/grid1k_405938_3,3,146,689,exp_146.npy,exp_689.npy,/scratch/tmp/gorczyca/URB_results/grid1k/grid1k_405938_3/SUMO_output/data_processed/new_flows_10s/exp_146.npy,/scratch/tmp/gorczyca/URB_results/grid1k/grid1k_405938_3/SUMO_output/data_processed/new_assignments_10s/exp_146.npy
/scratch/tmp/gorczyca/URB_results/grid1k/grid1k_405938_3,3,147,690,exp_147.npy,exp_690.npy,/scratch/tmp/gorczyca/URB_results/grid1k/grid1k_405938_3/SUMO_output/data_processed/new_flows_10s/exp_147.npy,/scratch/tmp/gorczyca/URB_results/grid1k/grid1k_405938_3/SUMO_output/data_processed/new_assignments_10s/exp_147.npy
/scratch/tmp/gorczyca/URB_results/grid1k/grid1k_405938_3,3,148,691,exp_148.npy,exp_691.npy,/scratch/tmp/gorczyca/URB_results/grid1k/grid1k_405938_3/SUMO_output/data_processed/new_flows_10s/exp_148.npy,/scratch/tmp/gorczyca/URB_results/grid1k/grid1k_405938_3/SUMO_output/data_processed/new_assignments_10s/exp_148.npy
/scratch/tmp/gorczyca/URB_results/grid1k/grid1k_405938_3,3,149,692,exp_149.npy,exp_692.npy,/scratch/tmp/gorczyca/URB_results/grid1k/grid1k_405938_3/SUMO_output/data_processed/new_flows_10s/exp_149.npy,/scratch/tmp/gorczyca/URB_results/grid1k/grid1k_405938_3/SUMO_output/data_processed/new_assignments_10s/exp_149.npy
/scratch/tmp/gorczyca/URB_results/grid1k/grid1k_405938_3,3,150,693,exp_150.npy,exp_693.npy,/scratch/tmp/gorczyca/URB_results/grid1k/grid1k_405938_3/SUMO_output/data_processed/new_flows_10s/exp_150.npy,/scratch/tmp/gorczyca/URB_results/grid1k/grid1k_405938_3/SUMO_output/data_processed/new_assignments_10s/exp_150.npy
/scratch/tmp/gorczyca/URB_results/grid1k/grid1k_405938_3,3,151,694,exp_151.npy,exp_694.npy,/scratch/tmp/gorczyca/URB_results/grid1k/grid1k_405938_3/SUMO_output/data_processed/new_flows_10s/exp_151.npy,/scratch/tmp/gorczyca/URB_results/grid1k/grid1k_405938_3/SUMO_output/data_processed/new_assignments_10s/exp_151.npy
/scratch/tmp/gorczyca/URB_results/grid1k/grid1k_405938_3,3,152,695,exp_152.npy,exp_695.npy,/scratch/tmp/gorczyca/URB_results/grid1k/grid1k_405938_3/SUMO_output/data_processed/new_flows_10s/exp_152.npy,/scratch/tmp/gorczyca/URB_results/grid1k/grid1k_405938_3/SUMO_output/data_processed/new_assignments_10s/exp_152.npy
/scratch/tmp/gorczyca/URB_results/grid1k/grid1k_405938_3,3,153,696,exp_153.npy,exp_696.npy,/scratch/tmp/gorczyca/URB_results/grid1k/grid1k_405938_3/SUMO_output/data_processed/new_flows_10s/exp_153.npy,/scratch/tmp/gorczyca/URB_results/grid1k/grid1k_405938_3/SUMO_output/data_processed/new_assignments_10s/exp_153.npy
/scratch/tmp/gorczyca/URB_results/grid1k/grid1k_405938_3,3,154,697,exp_154.npy,exp_697.npy,/scratch/tmp/gorczyca/URB_results/grid1k/grid1k_405938_3/SUMO_output/data_processed/new_flows_10s/exp_154.npy,/scratch/tmp/gorczyca/URB_results/grid1k/grid1k_405938_3/SUMO_output/data_processed/new_assignments_10s/exp_154.npy
/scratch/tmp/gorczyca/URB_results/grid1k/grid1k_405938_3,3,155,698,exp_155.npy,exp_698.npy,/scratch/tmp/gorczyca/URB_results/grid1k/grid1k_405938_3/SUMO_output/data_processed/new_flows_10s/exp_155.npy,/scratch/tmp/gorczyca/URB_results/grid1k/grid1k_405938_3/SUMO_output/data_processed/new_assignments_10s/exp_155.npy
/scratch/tmp/gorczyca/URB_results/grid1k/grid1k_405938_3,3,156,699,exp_156.npy,exp_699.npy,/scratch/tmp/gorczyca/URB_results/grid1k/grid1k_405938_3/SUMO_output/data_processed/new_flows_10s/exp_156.npy,/scratch/tmp/gorczyca/URB_results/grid1k/grid1k_405938_3/SUMO_output/data_processed/new_assignments_10s/exp_156.npy
/scratch/tmp/gorczyca/URB_results/grid1k/grid1k_405938_3,3,157,700,exp_157.npy,exp_700.npy,/scratch/tmp/gorczyca/URB_results/grid1k/grid1k_405938_3/SUMO_output/data_processed/new_flows_10s/exp_157.npy,/scratch/tmp/gorczyca/URB_results/grid1k/grid1k_405938_3/SUMO_output/data_processed/new_assignments_10s/exp_157.npy
/scratch/tmp/gorczyca/URB_results/grid1k/grid1k_405938_3,3,158,701,exp_158.npy,exp_701.npy,/scratch/tmp/gorczyca/URB_results/grid1k/grid1k_405938_3/SUMO_output/data_processed/new_flows_10s/exp_158.npy,/scratch/tmp/gorczyca/URB_results/grid1k/grid1k_405938_3/SUMO_output/data_processed/new_assignments_10s/exp_158.npy
/scratch/tmp/gorczyca/URB_results/grid1k/grid1k_405938_3,3,159,702,exp_159.npy,exp_702.npy,/scratch/tmp/gorczyca/URB_results/grid1k/grid1k_405938_3/SUMO_output/data_processed/new_flows_10s/exp_159.npy,/scratch/tmp/gorczyca/URB_results/grid1k/grid1k_405938_3/SUMO_output/data_processed/new_assignments_10s/exp_159.npy
/scratch/tmp/gorczyca/URB_results/grid1k/grid1k_405938_3,3,160,703,exp_160.npy,exp_703.npy,/scratch/tmp/gorczyca/URB_results/grid1k/grid1k_405938_3/SUMO_output/data_processed/new_flows_10s/exp_160.npy,/scratch/tmp/gorczyca/URB_results/grid1k/grid1k_405938_3/SUMO_output/data_processed/new_assignments_10s/exp_160.npy
/scratch/tmp/gorczyca/URB_results/grid1k/grid1k_405938_3,3,161,704,exp_161.npy,exp_704.npy,/scratch/tmp/gorczyca/URB_results/grid1k/grid1k_405938_3/SUMO_output/data_processed/new_flows_10s/exp_161.npy,/scratch/tmp/gorczyca/URB_results/grid1k/grid1k_405938_3/SUMO_output/data_processed/new_assignments_10s/exp_161.npy
/scratch/tmp/gorczyca/URB_results/grid1k/grid1k_405938_3,3,162,705,exp_162.npy,exp_705.npy,/scratch/tmp/gorczyca/URB_results/grid1k/grid1k_405938_3/SUMO_output/data_processed/new_flows_10s/exp_162.npy,/scratch/tmp/gorczyca/URB_results/grid1k/grid1k_405938_3/SUMO_output/data_processed/new_assignments_10s/exp_162.npy
/scratch/tmp/gorczyca/URB_results/grid1k/grid1k_405938_3,3,163,706,exp_163.npy,exp_706.npy,/scratch/tmp/gorczyca/URB_results/grid1k/grid1k_405938_3/SUMO_output/data_processed/new_flows_10s/exp_163.npy,/scratch/tmp/gorczyca/URB_results/grid1k/grid1k_405938_3/SUMO_output/data_processed/new_assignments_10s/exp_163.npy
/scratch/tmp/gorczyca/URB_results/grid1k/grid1k_405938_3,3,164,707,exp_164.npy,exp_707.npy,/scratch/tmp/gorczyca/URB_results/grid1k/grid1k_405938_3/SUMO_output/data_processed/new_flows_10s/exp_164.npy,/scratch/tmp/gorczyca/URB_results/grid1k/grid1k_405938_3/SUMO_output/data_processed/new_assignments_10s/exp_164.npy
/scratch/tmp/gorczyca/URB_results/grid1k/grid1k_405938_3,3,165,708,exp_165.npy,exp_708.npy,/scratch/tmp/gorczyca/URB_results/grid1k/grid1k_405938_3/SUMO_output/data_processed/new_flows_10s/exp_165.npy,/scratch/tmp/gorczyca/URB_results/grid1k/grid1k_405938_3/SUMO_output/data_processed/new_assignments_10s/exp_165.npy
/scratch/tmp/gorczyca/URB_results/grid1k/grid1k_405938_3,3,166,709,exp_166.npy,exp_709.npy,/scratch/tmp/gorczyca/URB_results/grid1k/grid1k_405938_3/SUMO_output/data_processed/new_flows_10s/exp_166.npy,/scratch/tmp/gorczyca/URB_results/grid1k/grid1k_405938_3/SUMO_output/data_processed/new_assignments_10s/exp_166.npy
/scratch/tmp/gorczyca/URB_results/grid1k/grid1k_405938_3,3,167,710,exp_167.npy,exp_710.npy,/scratch/tmp/gorczyca/URB_results/grid1k/grid1k_405938_3/SUMO_output/data_processed/new_flows_10s/exp_167.npy,/scratch/tmp/gorczyca/URB_results/grid1k/grid1k_405938_3/SUMO_output/data_processed/new_assignments_10s/exp_167.npy
/scratch/tmp/gorczyca/URB_results/grid1k/grid1k_405938_3,3,168,711,exp_168.npy,exp_711.npy,/scratch/tmp/gorczyca/URB_results/grid1k/grid1k_405938_3/SUMO_output/data_processed/new_flows_10s/exp_168.npy,/scratch/tmp/gorczyca/URB_results/grid1k/grid1k_405938_3/SUMO_output/data_processed/new_assignments_10s/exp_168.npy
/scratch/tmp/gorczyca/URB_results/grid1k/grid1k_405938_3,3,169,712,exp_169.npy,exp_712.npy,/scratch/tmp/gorczyca/URB_results/grid1k/grid1k_405938_3/SUMO_output/data_processed/new_flows_10s/exp_169.npy,/scratch/tmp/gorczyca/URB_results/grid1k/grid1k_405938_3/SUMO_output/data_processed/new_assignments_10s/exp_169.npy
/scratch/tmp/gorczyca/URB_results/grid1k/grid1k_405938_3,3,170,713,exp_170.npy,exp_713.npy,/scratch/tmp/gorczyca/URB_results/grid1k/grid1k_405938_3/SUMO_output/data_processed/new_flows_10s/exp_170.npy,/scratch/tmp/gorczyca/URB_results/grid1k/grid1k_405938_3/SUMO_output/data_processed/new_assignments_10s/exp_170.npy
/scratch/tmp/gorczyca/URB_results/grid1k/grid1k_405938_3,3,171,714,exp_171.npy,exp_714.npy,/scratch/tmp/gorczyca/URB_results/grid1k/grid1k_405938_3/SUMO_output/data_processed/new_flows_10s/exp_171.npy,/scratch/tmp/gorczyca/URB_results/grid1k/grid1k_405938_3/SUMO_output/data_processed/new_assignments_10s/exp_171.npy
/scratch/tmp/gorczyca/URB_results/grid1k/grid1k_405938_3,3,172,715,exp_172.npy,exp_715.npy,/scratch/tmp/gorczyca/URB_results/grid1k/grid1k_405938_3/SUMO_output/data_processed/new_flows_10s/exp_172.npy,/scratch/tmp/gorczyca/URB_results/grid1k/grid1k_405938_3/SUMO_output/data_processed/new_assignments_10s/exp_172.npy
/scratch/tmp/gorczyca/URB_results/grid1k/grid1k_405938_3,3,173,716,exp_173.npy,exp_716.npy,/scratch/tmp/gorczyca/URB_results/grid1k/grid1k_405938_3/SUMO_output/data_processed/new_flows_10s/exp_173.npy,/scratch/tmp/gorczyca/URB_results/grid1k/grid1k_405938_3/SUMO_output/data_processed/new_assignments_10s/exp_173.npy
/scratch/tmp/gorczyca/URB_results/grid1k/grid1k_405938_3,3,174,717,exp_174.npy,exp_717.npy,/scratch/tmp/gorczyca/URB_results/grid1k/grid1k_405938_3/SUMO_output/data_processed/new_flows_10s/exp_174.npy,/scratch/tmp/gorczyca/URB_results/grid1k/grid1k_405938_3/SUMO_output/data_processed/new_assignments_10s/exp_174.npy
/scratch/tmp/gorczyca/URB_results/grid1k/grid1k_405938_3,3,175,718,exp_175.npy,exp_718.npy,/scratch/tmp/gorczyca/URB_results/grid1k/grid1k_405938_3/SUMO_output/data_processed/new_flows_10s/exp_175.npy,/scratch/tmp/gorczyca/URB_results/grid1k/grid1k_405938_3/SUMO_output/data_processed/new_assignments_10s/exp_175.npy
/scratch/tmp/gorczyca/URB_results/grid1k/grid1k_405938_3,3,176,719,exp_176.npy,exp_719.npy,/scratch/tmp/gorczyca/URB_results/grid1k/grid1k_405938_3/SUMO_output/data_processed/new_flows_10s/exp_176.npy,/scratch/tmp/gorczyca/URB_results/grid1k/grid1k_405938_3/SUMO_output/data_processed/new_assignments_10s/exp_176.npy
/scratch/tmp/gorczyca/URB_results/grid1k/grid1k_405938_3,3,177,720,exp_177.npy,exp_720.npy,/scratch/tmp/gorczyca/URB_results/grid1k/grid1k_405938_3/SUMO_output/data_processed/new_flows_10s/exp_177.npy,/scratch/tmp/gorczyca/URB_results/grid1k/grid1k_405938_3/SUMO_output/data_processed/new_assignments_10s/exp_177.npy
/scratch/tmp/gorczyca/URB_results/grid1k/grid1k_405938_3,3,178,721,exp_178.npy,exp_721.npy,/scratch/tmp/gorczyca/URB_results/grid1k/grid1k_405938_3/SUMO_output/data_processed/new_flows_10s/exp_178.npy,/scratch/tmp/gorczyca/URB_results/grid1k/grid1k_405938_3/SUMO_output/data_processed/new_assignments_10s/exp_178.npy
/scratch/tmp/gorczyca/URB_results/grid1k/grid1k_405938_4,4,0,722,exp_0.npy,exp_722.npy,/scratch/tmp/gorczyca/URB_results/grid1k/grid1k_405938_4/SUMO_output/data_processed/new_flows_10s/exp_0.npy,/scratch/tmp/gorczyca/URB_results/grid1k/grid1k_405938_4/SUMO_output/data_processed/new_assignments_10s/exp_0.npy
/scratch/tmp/gorczyca/URB_results/grid1k/grid1k_405938_4,4,1,723,exp_1.npy,exp_723.npy,/scratch/tmp/gorczyca/URB_results/grid1k/grid1k_405938_4/SUMO_output/data_processed/new_flows_10s/exp_1.npy,/scratch/tmp/gorczyca/URB_results/grid1k/grid1k_405938_4/SUMO_output/data_processed/new_assignments_10s/exp_1.npy
/scratch/tmp/gorczyca/URB_results/grid1k/grid1k_405938_4,4,2,724,exp_2.npy,exp_724.npy,/scratch/tmp/gorczyca/URB_results/grid1k/grid1k_405938_4/SUMO_output/data_processed/new_flows_10s/exp_2.npy,/scratch/tmp/gorczyca/URB_results/grid1k/grid1k_405938_4/SUMO_output/data_processed/new_assignments_10s/exp_2.npy
/scratch/tmp/gorczyca/URB_results/grid1k/grid1k_405938_4,4,3,725,exp_3.npy,exp_725.npy,/scratch/tmp/gorczyca/URB_results/grid1k/grid1k_405938_4/SUMO_output/data_processed/new_flows_10s/exp_3.npy,/scratch/tmp/gorczyca/URB_results/grid1k/grid1k_405938_4/SUMO_output/data_processed/new_assignments_10s/exp_3.npy
/scratch/tmp/gorczyca/URB_results/grid1k/grid1k_405938_4,4,4,726,exp_4.npy,exp_726.npy,/scratch/tmp/gorczyca/URB_results/grid1k/grid1k_405938_4/SUMO_output/data_processed/new_flows_10s/exp_4.npy,/scratch/tmp/gorczyca/URB_results/grid1k/grid1k_405938_4/SUMO_output/data_processed/new_assignments_10s/exp_4.npy
/scratch/tmp/gorczyca/URB_results/grid1k/grid1k_405938_4,4,5,727,exp_5.npy,exp_727.npy,/scratch/tmp/gorczyca/URB_results/grid1k/grid1k_405938_4/SUMO_output/data_processed/new_flows_10s/exp_5.npy,/scratch/tmp/gorczyca/URB_results/grid1k/grid1k_405938_4/SUMO_output/data_processed/new_assignments_10s/exp_5.npy
/scratch/tmp/gorczyca/URB_results/grid1k/grid1k_405938_4,4,6,728,exp_6.npy,exp_728.npy,/scratch/tmp/gorczyca/URB_results/grid1k/grid1k_405938_4/SUMO_output/data_processed/new_flows_10s/exp_6.npy,/scratch/tmp/gorczyca/URB_results/grid1k/grid1k_405938_4/SUMO_output/data_processed/new_assignments_10s/exp_6.npy
/scratch/tmp/gorczyca/URB_results/grid1k/grid1k_405938_4,4,7,729,exp_7.npy,exp_729.npy,/scratch/tmp/gorczyca/URB_results/grid1k/grid1k_405938_4/SUMO_output/data_processed/new_flows_10s/exp_7.npy,/scratch/tmp/gorczyca/URB_results/grid1k/grid1k_405938_4/SUMO_output/data_processed/new_assignments_10s/exp_7.npy
/scratch/tmp/gorczyca/URB_results/grid1k/grid1k_405938_4,4,8,730,exp_8.npy,exp_730.npy,/scratch/tmp/gorczyca/URB_results/grid1k/grid1k_405938_4/SUMO_output/data_processed/new_flows_10s/exp_8.npy,/scratch/tmp/gorczyca/URB_results/grid1k/grid1k_405938_4/SUMO_output/data_processed/new_assignments_10s/exp_8.npy
/scratch/tmp/gorczyca/URB_results/grid1k/grid1k_405938_4,4,9,731,exp_9.npy,exp_731.npy,/scratch/tmp/gorczyca/URB_results/grid1k/grid1k_405938_4/SUMO_output/data_processed/new_flows_10s/exp_9.npy,/scratch/tmp/gorczyca/URB_results/grid1k/grid1k_405938_4/SUMO_output/data_processed/new_assignments_10s/exp_9.npy
/scratch/tmp/gorczyca/URB_results/grid1k/grid1k_405938_4,4,10,732,exp_10.npy,exp_732.npy,/scratch/tmp/gorczyca/URB_results/grid1k/grid1k_405938_4/SUMO_output/data_processed/new_flows_10s/exp_10.npy,/scratch/tmp/gorczyca/URB_results/grid1k/grid1k_405938_4/SUMO_output/data_processed/new_assignments_10s/exp_10.npy
/scratch/tmp/gorczyca/URB_results/grid1k/grid1k_405938_4,4,11,733,exp_11.npy,exp_733.npy,/scratch/tmp/gorczyca/URB_results/grid1k/grid1k_405938_4/SUMO_output/data_processed/new_flows_10s/exp_11.npy,/scratch/tmp/gorczyca/URB_results/grid1k/grid1k_405938_4/SUMO_output/data_processed/new_assignments_10s/exp_11.npy
/scratch/tmp/gorczyca/URB_results/grid1k/grid1k_405938_4,4,12,734,exp_12.npy,exp_734.npy,/scratch/tmp/gorczyca/URB_results/grid1k/grid1k_405938_4/SUMO_output/data_processed/new_flows_10s/exp_12.npy,/scratch/tmp/gorczyca/URB_results/grid1k/grid1k_405938_4/SUMO_output/data_processed/new_assignments_10s/exp_12.npy
/scratch/tmp/gorczyca/URB_results/grid1k/grid1k_405938_4,4,13,735,exp_13.npy,exp_735.npy,/scratch/tmp/gorczyca/URB_results/grid1k/grid1k_405938_4/SUMO_output/data_processed/new_flows_10s/exp_13.npy,/scratch/tmp/gorczyca/URB_results/grid1k/grid1k_405938_4/SUMO_output/data_processed/new_assignments_10s/exp_13.npy
/scratch/tmp/gorczyca/URB_results/grid1k/grid1k_405938_4,4,14,736,exp_14.npy,exp_736.npy,/scratch/tmp/gorczyca/URB_results/grid1k/grid1k_405938_4/SUMO_output/data_processed/new_flows_10s/exp_14.npy,/scratch/tmp/gorczyca/URB_results/grid1k/grid1k_405938_4/SUMO_output/data_processed/new_assignments_10s/exp_14.npy
/scratch/tmp/gorczyca/URB_results/grid1k/grid1k_405938_4,4,15,737,exp_15.npy,exp_737.npy,/scratch/tmp/gorczyca/URB_results/grid1k/grid1k_405938_4/SUMO_output/data_processed/new_flows_10s/exp_15.npy,/scratch/tmp/gorczyca/URB_results/grid1k/grid1k_405938_4/SUMO_output/data_processed/new_assignments_10s/exp_15.npy
/scratch/tmp/gorczyca/URB_results/grid1k/grid1k_405938_4,4,16,738,exp_16.npy,exp_738.npy,/scratch/tmp/gorczyca/URB_results/grid1k/grid1k_405938_4/SUMO_output/data_processed/new_flows_10s/exp_16.npy,/scratch/tmp/gorczyca/URB_results/grid1k/grid1k_405938_4/SUMO_output/data_processed/new_assignments_10s/exp_16.npy
/scratch/tmp/gorczyca/URB_results/grid1k/grid1k_405938_4,4,17,739,exp_17.npy,exp_739.npy,/scratch/tmp/gorczyca/URB_results/grid1k/grid1k_405938_4/SUMO_output/data_processed/new_flows_10s/exp_17.npy,/scratch/tmp/gorczyca/URB_results/grid1k/grid1k_405938_4/SUMO_output/data_processed/new_assignments_10s/exp_17.npy
/scratch/tmp/gorczyca/URB_results/grid1k/grid1k_405938_4,4,18,740,exp_18.npy,exp_740.npy,/scratch/tmp/gorczyca/URB_results/grid1k/grid1k_405938_4/SUMO_output/data_processed/new_flows_10s/exp_18.npy,/scratch/tmp/gorczyca/URB_results/grid1k/grid1k_405938_4/SUMO_output/data_processed/new_assignments_10s/exp_18.npy
/scratch/tmp/gorczyca/URB_results/grid1k/grid1k_405938_4,4,19,741,exp_19.npy,exp_741.npy,/scratch/tmp/gorczyca/URB_results/grid1k/grid1k_405938_4/SUMO_output/data_processed/new_flows_10s/exp_19.npy,/scratch/tmp/gorczyca/URB_results/grid1k/grid1k_405938_4/SUMO_output/data_processed/new_assignments_10s/exp_19.npy
/scratch/tmp/gorczyca/URB_results/grid1k/grid1k_405938_4,4,20,742,exp_20.npy,exp_742.npy,/scratch/tmp/gorczyca/URB_results/grid1k/grid1k_405938_4/SUMO_output/data_processed/new_flows_10s/exp_20.npy,/scratch/tmp/gorczyca/URB_results/grid1k/grid1k_405938_4/SUMO_output/data_processed/new_assignments_10s/exp_20.npy
/scratch/tmp/gorczyca/URB_results/grid1k/grid1k_405938_4,4,21,743,exp_21.npy,exp_743.npy,/scratch/tmp/gorczyca/URB_results/grid1k/grid1k_405938_4/SUMO_output/data_processed/new_flows_10s/exp_21.npy,/scratch/tmp/gorczyca/URB_results/grid1k/grid1k_405938_4/SUMO_output/data_processed/new_assignments_10s/exp_21.npy
/scratch/tmp/gorczyca/URB_results/grid1k/grid1k_405938_4,4,22,744,exp_22.npy,exp_744.npy,/scratch/tmp/gorczyca/URB_results/grid1k/grid1k_405938_4/SUMO_output/data_processed/new_flows_10s/exp_22.npy,/scratch/tmp/gorczyca/URB_results/grid1k/grid1k_405938_4/SUMO_output/data_processed/new_assignments_10s/exp_22.npy
/scratch/tmp/gorczyca/URB_results/grid1k/grid1k_405938_4,4,23,745,exp_23.npy,exp_745.npy,/scratch/tmp/gorczyca/URB_results/grid1k/grid1k_405938_4/SUMO_output/data_processed/new_flows_10s/exp_23.npy,/scratch/tmp/gorczyca/URB_results/grid1k/grid1k_405938_4/SUMO_output/data_processed/new_assignments_10s/exp_23.npy
/scratch/tmp/gorczyca/URB_results/grid1k/grid1k_405938_4,4,24,746,exp_24.npy,exp_746.npy,/scratch/tmp/gorczyca/URB_results/grid1k/grid1k_405938_4/SUMO_output/data_processed/new_flows_10s/exp_24.npy,/scratch/tmp/gorczyca/URB_results/grid1k/grid1k_405938_4/SUMO_output/data_processed/new_assignments_10s/exp_24.npy
/scratch/tmp/gorczyca/URB_results/grid1k/grid1k_405938_4,4,25,747,exp_25.npy,exp_747.npy,/scratch/tmp/gorczyca/URB_results/grid1k/grid1k_405938_4/SUMO_output/data_processed/new_flows_10s/exp_25.npy,/scratch/tmp/gorczyca/URB_results/grid1k/grid1k_405938_4/SUMO_output/data_processed/new_assignments_10s/exp_25.npy
/scratch/tmp/gorczyca/URB_results/grid1k/grid1k_405938_4,4,26,748,exp_26.npy,exp_748.npy,/scratch/tmp/gorczyca/URB_results/grid1k/grid1k_405938_4/SUMO_output/data_processed/new_flows_10s/exp_26.npy,/scratch/tmp/gorczyca/URB_results/grid1k/grid1k_405938_4/SUMO_output/data_processed/new_assignments_10s/exp_26.npy
/scratch/tmp/gorczyca/URB_results/grid1k/grid1k_405938_4,4,27,749,exp_27.npy,exp_749.npy,/scratch/tmp/gorczyca/URB_results/grid1k/grid1k_405938_4/SUMO_output/data_processed/new_flows_10s/exp_27.npy,/scratch/tmp/gorczyca/URB_results/grid1k/grid1k_405938_4/SUMO_output/data_processed/new_assignments_10s/exp_27.npy
/scratch/tmp/gorczyca/URB_results/grid1k/grid1k_405938_4,4,28,750,exp_28.npy,exp_750.npy,/scratch/tmp/gorczyca/URB_results/grid1k/grid1k_405938_4/SUMO_output/data_processed/new_flows_10s/exp_28.npy,/scratch/tmp/gorczyca/URB_results/grid1k/grid1k_405938_4/SUMO_output/data_processed/new_assignments_10s/exp_28.npy
/scratch/tmp/gorczyca/URB_results/grid1k/grid1k_405938_4,4,29,751,exp_29.npy,exp_751.npy,/scratch/tmp/gorczyca/URB_results/grid1k/grid1k_405938_4/SUMO_output/data_processed/new_flows_10s/exp_29.npy,/scratch/tmp/gorczyca/URB_results/grid1k/grid1k_405938_4/SUMO_output/data_processed/new_assignments_10s/exp_29.npy
/scratch/tmp/gorczyca/URB_results/grid1k/grid1k_405938_4,4,30,752,exp_30.npy,exp_752.npy,/scratch/tmp/gorczyca/URB_results/grid1k/grid1k_405938_4/SUMO_output/data_processed/new_flows_10s/exp_30.npy,/scratch/tmp/gorczyca/URB_results/grid1k/grid1k_405938_4/SUMO_output/data_processed/new_assignments_10s/exp_30.npy
/scratch/tmp/gorczyca/URB_results/grid1k/grid1k_405938_4,4,31,753,exp_31.npy,exp_753.npy,/scratch/tmp/gorczyca/URB_results/grid1k/grid1k_405938_4/SUMO_output/data_processed/new_flows_10s/exp_31.npy,/scratch/tmp/gorczyca/URB_results/grid1k/grid1k_405938_4/SUMO_output/data_processed/new_assignments_10s/exp_31.npy
/scratch/tmp/gorczyca/URB_results/grid1k/grid1k_405938_4,4,32,754,exp_32.npy,exp_754.npy,/scratch/tmp/gorczyca/URB_results/grid1k/grid1k_405938_4/SUMO_output/data_processed/new_flows_10s/exp_32.npy,/scratch/tmp/gorczyca/URB_results/grid1k/grid1k_405938_4/SUMO_output/data_processed/new_assignments_10s/exp_32.npy
/scratch/tmp/gorczyca/URB_results/grid1k/grid1k_405938_4,4,33,755,exp_33.npy,exp_755.npy,/scratch/tmp/gorczyca/URB_results/grid1k/grid1k_405938_4/SUMO_output/data_processed/new_flows_10s/exp_33.npy,/scratch/tmp/gorczyca/URB_results/grid1k/grid1k_405938_4/SUMO_output/data_processed/new_assignments_10s/exp_33.npy
/scratch/tmp/gorczyca/URB_results/grid1k/grid1k_405938_4,4,34,756,exp_34.npy,exp_756.npy,/scratch/tmp/gorczyca/URB_results/grid1k/grid1k_405938_4/SUMO_output/data_processed/new_flows_10s/exp_34.npy,/scratch/tmp/gorczyca/URB_results/grid1k/grid1k_405938_4/SUMO_output/data_processed/new_assignments_10s/exp_34.npy
/scratch/tmp/gorczyca/URB_results/grid1k/grid1k_405938_4,4,35,757,exp_35.npy,exp_757.npy,/scratch/tmp/gorczyca/URB_results/grid1k/grid1k_405938_4/SUMO_output/data_processed/new_flows_10s/exp_35.npy,/scratch/tmp/gorczyca/URB_results/grid1k/grid1k_405938_4/SUMO_output/data_processed/new_assignments_10s/exp_35.npy
/scratch/tmp/gorczyca/URB_results/grid1k/grid1k_405938_4,4,36,758,exp_36.npy,exp_758.npy,/scratch/tmp/gorczyca/URB_results/grid1k/grid1k_405938_4/SUMO_output/data_processed/new_flows_10s/exp_36.npy,/scratch/tmp/gorczyca/URB_results/grid1k/grid1k_405938_4/SUMO_output/data_processed/new_assignments_10s/exp_36.npy
/scratch/tmp/gorczyca/URB_results/grid1k/grid1k_405938_4,4,37,759,exp_37.npy,exp_759.npy,/scratch/tmp/gorczyca/URB_results/grid1k/grid1k_405938_4/SUMO_output/data_processed/new_flows_10s/exp_37.npy,/scratch/tmp/gorczyca/URB_results/grid1k/grid1k_405938_4/SUMO_output/data_processed/new_assignments_10s/exp_37.npy
/scratch/tmp/gorczyca/URB_results/grid1k/grid1k_405938_4,4,38,760,exp_38.npy,exp_760.npy,/scratch/tmp/gorczyca/URB_results/grid1k/grid1k_405938_4/SUMO_output/data_processed/new_flows_10s/exp_38.npy,/scratch/tmp/gorczyca/URB_results/grid1k/grid1k_405938_4/SUMO_output/data_processed/new_assignments_10s/exp_38.npy
/scratch/tmp/gorczyca/URB_results/grid1k/grid1k_405938_4,4,39,761,exp_39.npy,exp_761.npy,/scratch/tmp/gorczyca/URB_results/grid1k/grid1k_405938_4/SUMO_output/data_processed/new_flows_10s/exp_39.npy,/scratch/tmp/gorczyca/URB_results/grid1k/grid1k_405938_4/SUMO_output/data_processed/new_assignments_10s/exp_39.npy
/scratch/tmp/gorczyca/URB_results/grid1k/grid1k_405938_4,4,40,762,exp_40.npy,exp_762.npy,/scratch/tmp/gorczyca/URB_results/grid1k/grid1k_405938_4/SUMO_output/data_processed/new_flows_10s/exp_40.npy,/scratch/tmp/gorczyca/URB_results/grid1k/grid1k_405938_4/SUMO_output/data_processed/new_assignments_10s/exp_40.npy
/scratch/tmp/gorczyca/URB_results/grid1k/grid1k_405938_4,4,41,763,exp_41.npy,exp_763.npy,/scratch/tmp/gorczyca/URB_results/grid1k/grid1k_405938_4/SUMO_output/data_processed/new_flows_10s/exp_41.npy,/scratch/tmp/gorczyca/URB_results/grid1k/grid1k_405938_4/SUMO_output/data_processed/new_assignments_10s/exp_41.npy
/scratch/tmp/gorczyca/URB_results/grid1k/grid1k_405938_4,4,42,764,exp_42.npy,exp_764.npy,/scratch/tmp/gorczyca/URB_results/grid1k/grid1k_405938_4/SUMO_output/data_processed/new_flows_10s/exp_42.npy,/scratch/tmp/gorczyca/URB_results/grid1k/grid1k_405938_4/SUMO_output/data_processed/new_assignments_10s/exp_42.npy
/scratch/tmp/gorczyca/URB_results/grid1k/grid1k_405938_4,4,43,765,exp_43.npy,exp_765.npy,/scratch/tmp/gorczyca/URB_results/grid1k/grid1k_405938_4/SUMO_output/data_processed/new_flows_10s/exp_43.npy,/scratch/tmp/gorczyca/URB_results/grid1k/grid1k_405938_4/SUMO_output/data_processed/new_assignments_10s/exp_43.npy
/scratch/tmp/gorczyca/URB_results/grid1k/grid1k_405938_4,4,44,766,exp_44.npy,exp_766.npy,/scratch/tmp/gorczyca/URB_results/grid1k/grid1k_405938_4/SUMO_output/data_processed/new_flows_10s/exp_44.npy,/scratch/tmp/gorczyca/URB_results/grid1k/grid1k_405938_4/SUMO_output/data_processed/new_assignments_10s/exp_44.npy
/scratch/tmp/gorczyca/URB_results/grid1k/grid1k_405938_4,4,45,767,exp_45.npy,exp_767.npy,/scratch/tmp/gorczyca/URB_results/grid1k/grid1k_405938_4/SUMO_output/data_processed/new_flows_10s/exp_45.npy,/scratch/tmp/gorczyca/URB_results/grid1k/grid1k_405938_4/SUMO_output/data_processed/new_assignments_10s/exp_45.npy
/scratch/tmp/gorczyca/URB_results/grid1k/grid1k_405938_4,4,46,768,exp_46.npy,exp_768.npy,/scratch/tmp/gorczyca/URB_results/grid1k/grid1k_405938_4/SUMO_output/data_processed/new_flows_10s/exp_46.npy,/scratch/tmp/gorczyca/URB_results/grid1k/grid1k_405938_4/SUMO_output/data_processed/new_assignments_10s/exp_46.npy
/scratch/tmp/gorczyca/URB_results/grid1k/grid1k_405938_4,4,47,769,exp_47.npy,exp_769.npy,/scratch/tmp/gorczyca/URB_results/grid1k/grid1k_405938_4/SUMO_output/data_processed/new_flows_10s/exp_47.npy,/scratch/tmp/gorczyca/URB_results/grid1k/grid1k_405938_4/SUMO_output/data_processed/new_assignments_10s/exp_47.npy
/scratch/tmp/gorczyca/URB_results/grid1k/grid1k_405938_4,4,48,770,exp_48.npy,exp_770.npy,/scratch/tmp/gorczyca/URB_results/grid1k/grid1k_405938_4/SUMO_output/data_processed/new_flows_10s/exp_48.npy,/scratch/tmp/gorczyca/URB_results/grid1k/grid1k_405938_4/SUMO_output/data_processed/new_assignments_10s/exp_48.npy
/scratch/tmp/gorczyca/URB_results/grid1k/grid1k_405938_4,4,49,771,exp_49.npy,exp_771.npy,/scratch/tmp/gorczyca/URB_results/grid1k/grid1k_405938_4/SUMO_output/data_processed/new_flows_10s/exp_49.npy,/scratch/tmp/gorczyca/URB_results/grid1k/grid1k_405938_4/SUMO_output/data_processed/new_assignments_10s/exp_49.npy
/scratch/tmp/gorczyca/URB_results/grid1k/grid1k_405938_4,4,50,772,exp_50.npy,exp_772.npy,/scratch/tmp/gorczyca/URB_results/grid1k/grid1k_405938_4/SUMO_output/data_processed/new_flows_10s/exp_50.npy,/scratch/tmp/gorczyca/URB_results/grid1k/grid1k_405938_4/SUMO_output/data_processed/new_assignments_10s/exp_50.npy
/scratch/tmp/gorczyca/URB_results/grid1k/grid1k_405938_4,4,51,773,exp_51.npy,exp_773.npy,/scratch/tmp/gorczyca/URB_results/grid1k/grid1k_405938_4/SUMO_output/data_processed/new_flows_10s/exp_51.npy,/scratch/tmp/gorczyca/URB_results/grid1k/grid1k_405938_4/SUMO_output/data_processed/new_assignments_10s/exp_51.npy
/scratch/tmp/gorczyca/URB_results/grid1k/grid1k_405938_4,4,52,774,exp_52.npy,exp_774.npy,/scratch/tmp/gorczyca/URB_results/grid1k/grid1k_405938_4/SUMO_output/data_processed/new_flows_10s/exp_52.npy,/scratch/tmp/gorczyca/URB_results/grid1k/grid1k_405938_4/SUMO_output/data_processed/new_assignments_10s/exp_52.npy
/scratch/tmp/gorczyca/URB_results/grid1k/grid1k_405938_4,4,53,775,exp_53.npy,exp_775.npy,/scratch/tmp/gorczyca/URB_results/grid1k/grid1k_405938_4/SUMO_output/data_processed/new_flows_10s/exp_53.npy,/scratch/tmp/gorczyca/URB_results/grid1k/grid1k_405938_4/SUMO_output/data_processed/new_assignments_10s/exp_53.npy
/scratch/tmp/gorczyca/URB_results/grid1k/grid1k_405938_4,4,54,776,exp_54.npy,exp_776.npy,/scratch/tmp/gorczyca/URB_results/grid1k/grid1k_405938_4/SUMO_output/data_processed/new_flows_10s/exp_54.npy,/scratch/tmp/gorczyca/URB_results/grid1k/grid1k_405938_4/SUMO_output/data_processed/new_assignments_10s/exp_54.npy
/scratch/tmp/gorczyca/URB_results/grid1k/grid1k_405938_4,4,55,777,exp_55.npy,exp_777.npy,/scratch/tmp/gorczyca/URB_results/grid1k/grid1k_405938_4/SUMO_output/data_processed/new_flows_10s/exp_55.npy,/scratch/tmp/gorczyca/URB_results/grid1k/grid1k_405938_4/SUMO_output/data_processed/new_assignments_10s/exp_55.npy
/scratch/tmp/gorczyca/URB_results/grid1k/grid1k_405938_4,4,56,778,exp_56.npy,exp_778.npy,/scratch/tmp/gorczyca/URB_results/grid1k/grid1k_405938_4/SUMO_output/data_processed/new_flows_10s/exp_56.npy,/scratch/tmp/gorczyca/URB_results/grid1k/grid1k_405938_4/SUMO_output/data_processed/new_assignments_10s/exp_56.npy
/scratch/tmp/gorczyca/URB_results/grid1k/grid1k_405938_4,4,57,779,exp_57.npy,exp_779.npy,/scratch/tmp/gorczyca/URB_results/grid1k/grid1k_405938_4/SUMO_output/data_processed/new_flows_10s/exp_57.npy,/scratch/tmp/gorczyca/URB_results/grid1k/grid1k_405938_4/SUMO_output/data_processed/new_assignments_10s/exp_57.npy
/scratch/tmp/gorczyca/URB_results/grid1k/grid1k_405938_4,4,58,780,exp_58.npy,exp_780.npy,/scratch/tmp/gorczyca/URB_results/grid1k/grid1k_405938_4/SUMO_output/data_processed/new_flows_10s/exp_58.npy,/scratch/tmp/gorczyca/URB_results/grid1k/grid1k_405938_4/SUMO_output/data_processed/new_assignments_10s/exp_58.npy
/scratch/tmp/gorczyca/URB_results/grid1k/grid1k_405938_4,4,59,781,exp_59.npy,exp_781.npy,/scratch/tmp/gorczyca/URB_results/grid1k/grid1k_405938_4/SUMO_output/data_processed/new_flows_10s/exp_59.npy,/scratch/tmp/gorczyca/URB_results/grid1k/grid1k_405938_4/SUMO_output/data_processed/new_assignments_10s/exp_59.npy
/scratch/tmp/gorczyca/URB_results/grid1k/grid1k_405938_4,4,60,782,exp_60.npy,exp_782.npy,/scratch/tmp/gorczyca/URB_results/grid1k/grid1k_405938_4/SUMO_output/data_processed/new_flows_10s/exp_60.npy,/scratch/tmp/gorczyca/URB_results/grid1k/grid1k_405938_4/SUMO_output/data_processed/new_assignments_10s/exp_60.npy
/scratch/tmp/gorczyca/URB_results/grid1k/grid1k_405938_4,4,61,783,exp_61.npy,exp_783.npy,/scratch/tmp/gorczyca/URB_results/grid1k/grid1k_405938_4/SUMO_output/data_processed/new_flows_10s/exp_61.npy,/scratch/tmp/gorczyca/URB_results/grid1k/grid1k_405938_4/SUMO_output/data_processed/new_assignments_10s/exp_61.npy
/scratch/tmp/gorczyca/URB_results/grid1k/grid1k_405938_4,4,62,784,exp_62.npy,exp_784.npy,/scratch/tmp/gorczyca/URB_results/grid1k/grid1k_405938_4/SUMO_output/data_processed/new_flows_10s/exp_62.npy,/scratch/tmp/gorczyca/URB_results/grid1k/grid1k_405938_4/SUMO_output/data_processed/new_assignments_10s/exp_62.npy
/scratch/tmp/gorczyca/URB_results/grid1k/grid1k_405938_4,4,63,785,exp_63.npy,exp_785.npy,/scratch/tmp/gorczyca/URB_results/grid1k/grid1k_405938_4/SUMO_output/data_processed/new_flows_10s/exp_63.npy,/scratch/tmp/gorczyca/URB_results/grid1k/grid1k_405938_4/SUMO_output/data_processed/new_assignments_10s/exp_63.npy
/scratch/tmp/gorczyca/URB_results/grid1k/grid1k_405938_4,4,64,786,exp_64.npy,exp_786.npy,/scratch/tmp/gorczyca/URB_results/grid1k/grid1k_405938_4/SUMO_output/data_processed/new_flows_10s/exp_64.npy,/scratch/tmp/gorczyca/URB_results/grid1k/grid1k_405938_4/SUMO_output/data_processed/new_assignments_10s/exp_64.npy
/scratch/tmp/gorczyca/URB_results/grid1k/grid1k_405938_4,4,65,787,exp_65.npy,exp_787.npy,/scratch/tmp/gorczyca/URB_results/grid1k/grid1k_405938_4/SUMO_output/data_processed/new_flows_10s/exp_65.npy,/scratch/tmp/gorczyca/URB_results/grid1k/grid1k_405938_4/SUMO_output/data_processed/new_assignments_10s/exp_65.npy
/scratch/tmp/gorczyca/URB_results/grid1k/grid1k_405938_4,4,66,788,exp_66.npy,exp_788.npy,/scratch/tmp/gorczyca/URB_results/grid1k/grid1k_405938_4/SUMO_output/data_processed/new_flows_10s/exp_66.npy,/scratch/tmp/gorczyca/URB_results/grid1k/grid1k_405938_4/SUMO_output/data_processed/new_assignments_10s/exp_66.npy
/scratch/tmp/gorczyca/URB_results/grid1k/grid1k_405938_4,4,67,789,exp_67.npy,exp_789.npy,/scratch/tmp/gorczyca/URB_results/grid1k/grid1k_405938_4/SUMO_output/data_processed/new_flows_10s/exp_67.npy,/scratch/tmp/gorczyca/URB_results/grid1k/grid1k_405938_4/SUMO_output/data_processed/new_assignments_10s/exp_67.npy
/scratch/tmp/gorczyca/URB_results/grid1k/grid1k_405938_4,4,68,790,exp_68.npy,exp_790.npy,/scratch/tmp/gorczyca/URB_results/grid1k/grid1k_405938_4/SUMO_output/data_processed/new_flows_10s/exp_68.npy,/scratch/tmp/gorczyca/URB_results/grid1k/grid1k_405938_4/SUMO_output/data_processed/new_assignments_10s/exp_68.npy
/scratch/tmp/gorczyca/URB_results/grid1k/grid1k_405938_4,4,69,791,exp_69.npy,exp_791.npy,/scratch/tmp/gorczyca/URB_results/grid1k/grid1k_405938_4/SUMO_output/data_processed/new_flows_10s/exp_69.npy,/scratch/tmp/gorczyca/URB_results/grid1k/grid1k_405938_4/SUMO_output/data_processed/new_assignments_10s/exp_69.npy
/scratch/tmp/gorczyca/URB_results/grid1k/grid1k_405938_4,4,70,792,exp_70.npy,exp_792.npy,/scratch/tmp/gorczyca/URB_results/grid1k/grid1k_405938_4/SUMO_output/data_processed/new_flows_10s/exp_70.npy,/scratch/tmp/gorczyca/URB_results/grid1k/grid1k_405938_4/SUMO_output/data_processed/new_assignments_10s/exp_70.npy
/scratch/tmp/gorczyca/URB_results/grid1k/grid1k_405938_4,4,71,793,exp_71.npy,exp_793.npy,/scratch/tmp/gorczyca/URB_results/grid1k/grid1k_405938_4/SUMO_output/data_processed/new_flows_10s/exp_71.npy,/scratch/tmp/gorczyca/URB_results/grid1k/grid1k_405938_4/SUMO_output/data_processed/new_assignments_10s/exp_71.npy
/scratch/tmp/gorczyca/URB_results/grid1k/grid1k_405938_4,4,72,794,exp_72.npy,exp_794.npy,/scratch/tmp/gorczyca/URB_results/grid1k/grid1k_405938_4/SUMO_output/data_processed/new_flows_10s/exp_72.npy,/scratch/tmp/gorczyca/URB_results/grid1k/grid1k_405938_4/SUMO_output/data_processed/new_assignments_10s/exp_72.npy
/scratch/tmp/gorczyca/URB_results/grid1k/grid1k_405938_4,4,73,795,exp_73.npy,exp_795.npy,/scratch/tmp/gorczyca/URB_results/grid1k/grid1k_405938_4/SUMO_output/data_processed/new_flows_10s/exp_73.npy,/scratch/tmp/gorczyca/URB_results/grid1k/grid1k_405938_4/SUMO_output/data_processed/new_assignments_10s/exp_73.npy
/scratch/tmp/gorczyca/URB_results/grid1k/grid1k_405938_4,4,74,796,exp_74.npy,exp_796.npy,/scratch/tmp/gorczyca/URB_results/grid1k/grid1k_405938_4/SUMO_output/data_processed/new_flows_10s/exp_74.npy,/scratch/tmp/gorczyca/URB_results/grid1k/grid1k_405938_4/SUMO_output/data_processed/new_assignments_10s/exp_74.npy
/scratch/tmp/gorczyca/URB_results/grid1k/grid1k_405938_4,4,75,797,exp_75.npy,exp_797.npy,/scratch/tmp/gorczyca/URB_results/grid1k/grid1k_405938_4/SUMO_output/data_processed/new_flows_10s/exp_75.npy,/scratch/tmp/gorczyca/URB_results/grid1k/grid1k_405938_4/SUMO_output/data_processed/new_assignments_10s/exp_75.npy
/scratch/tmp/gorczyca/URB_results/grid1k/grid1k_405938_4,4,76,798,exp_76.npy,exp_798.npy,/scratch/tmp/gorczyca/URB_results/grid1k/grid1k_405938_4/SUMO_output/data_processed/new_flows_10s/exp_76.npy,/scratch/tmp/gorczyca/URB_results/grid1k/grid1k_405938_4/SUMO_output/data_processed/new_assignments_10s/exp_76.npy
/scratch/tmp/gorczyca/URB_results/grid1k/grid1k_405938_4,4,77,799,exp_77.npy,exp_799.npy,/scratch/tmp/gorczyca/URB_results/grid1k/grid1k_405938_4/SUMO_output/data_processed/new_flows_10s/exp_77.npy,/scratch/tmp/gorczyca/URB_results/grid1k/grid1k_405938_4/SUMO_output/data_processed/new_assignments_10s/exp_77.npy
/scratch/tmp/gorczyca/URB_results/grid1k/grid1k_405938_4,4,78,800,exp_78.npy,exp_800.npy,/scratch/tmp/gorczyca/URB_results/grid1k/grid1k_405938_4/SUMO_output/data_processed/new_flows_10s/exp_78.npy,/scratch/tmp/gorczyca/URB_results/grid1k/grid1k_405938_4/SUMO_output/data_processed/new_assignments_10s/exp_78.npy
/scratch/tmp/gorczyca/URB_results/grid1k/grid1k_405938_4,4,79,801,exp_79.npy,exp_801.npy,/scratch/tmp/gorczyca/URB_results/grid1k/grid1k_405938_4/SUMO_output/data_processed/new_flows_10s/exp_79.npy,/scratch/tmp/gorczyca/URB_results/grid1k/grid1k_405938_4/SUMO_output/data_processed/new_assignments_10s/exp_79.npy
/scratch/tmp/gorczyca/URB_results/grid1k/grid1k_405938_4,4,80,802,exp_80.npy,exp_802.npy,/scratch/tmp/gorczyca/URB_results/grid1k/grid1k_405938_4/SUMO_output/data_processed/new_flows_10s/exp_80.npy,/scratch/tmp/gorczyca/URB_results/grid1k/grid1k_405938_4/SUMO_output/data_processed/new_assignments_10s/exp_80.npy
/scratch/tmp/gorczyca/URB_results/grid1k/grid1k_405938_4,4,81,803,exp_81.npy,exp_803.npy,/scratch/tmp/gorczyca/URB_results/grid1k/grid1k_405938_4/SUMO_output/data_processed/new_flows_10s/exp_81.npy,/scratch/tmp/gorczyca/URB_results/grid1k/grid1k_405938_4/SUMO_output/data_processed/new_assignments_10s/exp_81.npy
/scratch/tmp/gorczyca/URB_results/grid1k/grid1k_405938_4,4,82,804,exp_82.npy,exp_804.npy,/scratch/tmp/gorczyca/URB_results/grid1k/grid1k_405938_4/SUMO_output/data_processed/new_flows_10s/exp_82.npy,/scratch/tmp/gorczyca/URB_results/grid1k/grid1k_405938_4/SUMO_output/data_processed/new_assignments_10s/exp_82.npy
/scratch/tmp/gorczyca/URB_results/grid1k/grid1k_405938_4,4,83,805,exp_83.npy,exp_805.npy,/scratch/tmp/gorczyca/URB_results/grid1k/grid1k_405938_4/SUMO_output/data_processed/new_flows_10s/exp_83.npy,/scratch/tmp/gorczyca/URB_results/grid1k/grid1k_405938_4/SUMO_output/data_processed/new_assignments_10s/exp_83.npy
/scratch/tmp/gorczyca/URB_results/grid1k/grid1k_405938_4,4,84,806,exp_84.npy,exp_806.npy,/scratch/tmp/gorczyca/URB_results/grid1k/grid1k_405938_4/SUMO_output/data_processed/new_flows_10s/exp_84.npy,/scratch/tmp/gorczyca/URB_results/grid1k/grid1k_405938_4/SUMO_output/data_processed/new_assignments_10s/exp_84.npy
/scratch/tmp/gorczyca/URB_results/grid1k/grid1k_405938_4,4,85,807,exp_85.npy,exp_807.npy,/scratch/tmp/gorczyca/URB_results/grid1k/grid1k_405938_4/SUMO_output/data_processed/new_flows_10s/exp_85.npy,/scratch/tmp/gorczyca/URB_results/grid1k/grid1k_405938_4/SUMO_output/data_processed/new_assignments_10s/exp_85.npy
/scratch/tmp/gorczyca/URB_results/grid1k/grid1k_405938_4,4,86,808,exp_86.npy,exp_808.npy,/scratch/tmp/gorczyca/URB_results/grid1k/grid1k_405938_4/SUMO_output/data_processed/new_flows_10s/exp_86.npy,/scratch/tmp/gorczyca/URB_results/grid1k/grid1k_405938_4/SUMO_output/data_processed/new_assignments_10s/exp_86.npy
/scratch/tmp/gorczyca/URB_results/grid1k/grid1k_405938_4,4,87,809,exp_87.npy,exp_809.npy,/scratch/tmp/gorczyca/URB_results/grid1k/grid1k_405938_4/SUMO_output/data_processed/new_flows_10s/exp_87.npy,/scratch/tmp/gorczyca/URB_results/grid1k/grid1k_405938_4/SUMO_output/data_processed/new_assignments_10s/exp_87.npy
/scratch/tmp/gorczyca/URB_results/grid1k/grid1k_405938_4,4,88,810,exp_88.npy,exp_810.npy,/scratch/tmp/gorczyca/URB_results/grid1k/grid1k_405938_4/SUMO_output/data_processed/new_flows_10s/exp_88.npy,/scratch/tmp/gorczyca/URB_results/grid1k/grid1k_405938_4/SUMO_output/data_processed/new_assignments_10s/exp_88.npy
/scratch/tmp/gorczyca/URB_results/grid1k/grid1k_405938_4,4,89,811,exp_89.npy,exp_811.npy,/scratch/tmp/gorczyca/URB_results/grid1k/grid1k_405938_4/SUMO_output/data_processed/new_flows_10s/exp_89.npy,/scratch/tmp/gorczyca/URB_results/grid1k/grid1k_405938_4/SUMO_output/data_processed/new_assignments_10s/exp_89.npy
/scratch/tmp/gorczyca/URB_results/grid1k/grid1k_405938_4,4,90,812,exp_90.npy,exp_812.npy,/scratch/tmp/gorczyca/URB_results/grid1k/grid1k_405938_4/SUMO_output/data_processed/new_flows_10s/exp_90.npy,/scratch/tmp/gorczyca/URB_results/grid1k/grid1k_405938_4/SUMO_output/data_processed/new_assignments_10s/exp_90.npy
/scratch/tmp/gorczyca/URB_results/grid1k/grid1k_405938_4,4,91,813,exp_91.npy,exp_813.npy,/scratch/tmp/gorczyca/URB_results/grid1k/grid1k_405938_4/SUMO_output/data_processed/new_flows_10s/exp_91.npy,/scratch/tmp/gorczyca/URB_results/grid1k/grid1k_405938_4/SUMO_output/data_processed/new_assignments_10s/exp_91.npy
/scratch/tmp/gorczyca/URB_results/grid1k/grid1k_405938_4,4,92,814,exp_92.npy,exp_814.npy,/scratch/tmp/gorczyca/URB_results/grid1k/grid1k_405938_4/SUMO_output/data_processed/new_flows_10s/exp_92.npy,/scratch/tmp/gorczyca/URB_results/grid1k/grid1k_405938_4/SUMO_output/data_processed/new_assignments_10s/exp_92.npy
/scratch/tmp/gorczyca/URB_results/grid1k/grid1k_405938_4,4,93,815,exp_93.npy,exp_815.npy,/scratch/tmp/gorczyca/URB_results/grid1k/grid1k_405938_4/SUMO_output/data_processed/new_flows_10s/exp_93.npy,/scratch/tmp/gorczyca/URB_results/grid1k/grid1k_405938_4/SUMO_output/data_processed/new_assignments_10s/exp_93.npy
/scratch/tmp/gorczyca/URB_results/grid1k/grid1k_405938_4,4,94,816,exp_94.npy,exp_816.npy,/scratch/tmp/gorczyca/URB_results/grid1k/grid1k_405938_4/SUMO_output/data_processed/new_flows_10s/exp_94.npy,/scratch/tmp/gorczyca/URB_results/grid1k/grid1k_405938_4/SUMO_output/data_processed/new_assignments_10s/exp_94.npy
/scratch/tmp/gorczyca/URB_results/grid1k/grid1k_405938_4,4,95,817,exp_95.npy,exp_817.npy,/scratch/tmp/gorczyca/URB_results/grid1k/grid1k_405938_4/SUMO_output/data_processed/new_flows_10s/exp_95.npy,/scratch/tmp/gorczyca/URB_results/grid1k/grid1k_405938_4/SUMO_output/data_processed/new_assignments_10s/exp_95.npy
/scratch/tmp/gorczyca/URB_results/grid1k/grid1k_405938_4,4,96,818,exp_96.npy,exp_818.npy,/scratch/tmp/gorczyca/URB_results/grid1k/grid1k_405938_4/SUMO_output/data_processed/new_flows_10s/exp_96.npy,/scratch/tmp/gorczyca/URB_results/grid1k/grid1k_405938_4/SUMO_output/data_processed/new_assignments_10s/exp_96.npy
/scratch/tmp/gorczyca/URB_results/grid1k/grid1k_405938_4,4,97,819,exp_97.npy,exp_819.npy,/scratch/tmp/gorczyca/URB_results/grid1k/grid1k_405938_4/SUMO_output/data_processed/new_flows_10s/exp_97.npy,/scratch/tmp/gorczyca/URB_results/grid1k/grid1k_405938_4/SUMO_output/data_processed/new_assignments_10s/exp_97.npy
/scratch/tmp/gorczyca/URB_results/grid1k/grid1k_405938_4,4,98,820,exp_98.npy,exp_820.npy,/scratch/tmp/gorczyca/URB_results/grid1k/grid1k_405938_4/SUMO_output/data_processed/new_flows_10s/exp_98.npy,/scratch/tmp/gorczyca/URB_results/grid1k/grid1k_405938_4/SUMO_output/data_processed/new_assignments_10s/exp_98.npy
/scratch/tmp/gorczyca/URB_results/grid1k/grid1k_405938_4,4,99,821,exp_99.npy,exp_821.npy,/scratch/tmp/gorczyca/URB_results/grid1k/grid1k_405938_4/SUMO_output/data_processed/new_flows_10s/exp_99.npy,/scratch/tmp/gorczyca/URB_results/grid1k/grid1k_405938_4/SUMO_output/data_processed/new_assignments_10s/exp_99.npy
/scratch/tmp/gorczyca/URB_results/grid1k/grid1k_405938_4,4,100,822,exp_100.npy,exp_822.npy,/scratch/tmp/gorczyca/URB_results/grid1k/grid1k_405938_4/SUMO_output/data_processed/new_flows_10s/exp_100.npy,/scratch/tmp/gorczyca/URB_results/grid1k/grid1k_405938_4/SUMO_output/data_processed/new_assignments_10s/exp_100.npy
/scratch/tmp/gorczyca/URB_results/grid1k/grid1k_405938_4,4,101,823,exp_101.npy,exp_823.npy,/scratch/tmp/gorczyca/URB_results/grid1k/grid1k_405938_4/SUMO_output/data_processed/new_flows_10s/exp_101.npy,/scratch/tmp/gorczyca/URB_results/grid1k/grid1k_405938_4/SUMO_output/data_processed/new_assignments_10s/exp_101.npy
/scratch/tmp/gorczyca/URB_results/grid1k/grid1k_405938_4,4,102,824,exp_102.npy,exp_824.npy,/scratch/tmp/gorczyca/URB_results/grid1k/grid1k_405938_4/SUMO_output/data_processed/new_flows_10s/exp_102.npy,/scratch/tmp/gorczyca/URB_results/grid1k/grid1k_405938_4/SUMO_output/data_processed/new_assignments_10s/exp_102.npy
/scratch/tmp/gorczyca/URB_results/grid1k/grid1k_405938_4,4,103,825,exp_103.npy,exp_825.npy,/scratch/tmp/gorczyca/URB_results/grid1k/grid1k_405938_4/SUMO_output/data_processed/new_flows_10s/exp_103.npy,/scratch/tmp/gorczyca/URB_results/grid1k/grid1k_405938_4/SUMO_output/data_processed/new_assignments_10s/exp_103.npy
/scratch/tmp/gorczyca/URB_results/grid1k/grid1k_405938_4,4,104,826,exp_104.npy,exp_826.npy,/scratch/tmp/gorczyca/URB_results/grid1k/grid1k_405938_4/SUMO_output/data_processed/new_flows_10s/exp_104.npy,/scratch/tmp/gorczyca/URB_results/grid1k/grid1k_405938_4/SUMO_output/data_processed/new_assignments_10s/exp_104.npy
/scratch/tmp/gorczyca/URB_results/grid1k/grid1k_405938_4,4,105,827,exp_105.npy,exp_827.npy,/scratch/tmp/gorczyca/URB_results/grid1k/grid1k_405938_4/SUMO_output/data_processed/new_flows_10s/exp_105.npy,/scratch/tmp/gorczyca/URB_results/grid1k/grid1k_405938_4/SUMO_output/data_processed/new_assignments_10s/exp_105.npy
/scratch/tmp/gorczyca/URB_results/grid1k/grid1k_405938_4,4,106,828,exp_106.npy,exp_828.npy,/scratch/tmp/gorczyca/URB_results/grid1k/grid1k_405938_4/SUMO_output/data_processed/new_flows_10s/exp_106.npy,/scratch/tmp/gorczyca/URB_results/grid1k/grid1k_405938_4/SUMO_output/data_processed/new_assignments_10s/exp_106.npy
/scratch/tmp/gorczyca/URB_results/grid1k/grid1k_405938_4,4,107,829,exp_107.npy,exp_829.npy,/scratch/tmp/gorczyca/URB_results/grid1k/grid1k_405938_4/SUMO_output/data_processed/new_flows_10s/exp_107.npy,/scratch/tmp/gorczyca/URB_results/grid1k/grid1k_405938_4/SUMO_output/data_processed/new_assignments_10s/exp_107.npy
/scratch/tmp/gorczyca/URB_results/grid1k/grid1k_405938_4,4,108,830,exp_108.npy,exp_830.npy,/scratch/tmp/gorczyca/URB_results/grid1k/grid1k_405938_4/SUMO_output/data_processed/new_flows_10s/exp_108.npy,/scratch/tmp/gorczyca/URB_results/grid1k/grid1k_405938_4/SUMO_output/data_processed/new_assignments_10s/exp_108.npy
/scratch/tmp/gorczyca/URB_results/grid1k/grid1k_405938_4,4,109,831,exp_109.npy,exp_831.npy,/scratch/tmp/gorczyca/URB_results/grid1k/grid1k_405938_4/SUMO_output/data_processed/new_flows_10s/exp_109.npy,/scratch/tmp/gorczyca/URB_results/grid1k/grid1k_405938_4/SUMO_output/data_processed/new_assignments_10s/exp_109.npy
/scratch/tmp/gorczyca/URB_results/grid1k/grid1k_405938_4,4,110,832,exp_110.npy,exp_832.npy,/scratch/tmp/gorczyca/URB_results/grid1k/grid1k_405938_4/SUMO_output/data_processed/new_flows_10s/exp_110.npy,/scratch/tmp/gorczyca/URB_results/grid1k/grid1k_405938_4/SUMO_output/data_processed/new_assignments_10s/exp_110.npy
/scratch/tmp/gorczyca/URB_results/grid1k/grid1k_405938_4,4,111,833,exp_111.npy,exp_833.npy,/scratch/tmp/gorczyca/URB_results/grid1k/grid1k_405938_4/SUMO_output/data_processed/new_flows_10s/exp_111.npy,/scratch/tmp/gorczyca/URB_results/grid1k/grid1k_405938_4/SUMO_output/data_processed/new_assignments_10s/exp_111.npy
/scratch/tmp/gorczyca/URB_results/grid1k/grid1k_405938_4,4,112,834,exp_112.npy,exp_834.npy,/scratch/tmp/gorczyca/URB_results/grid1k/grid1k_405938_4/SUMO_output/data_processed/new_flows_10s/exp_112.npy,/scratch/tmp/gorczyca/URB_results/grid1k/grid1k_405938_4/SUMO_output/data_processed/new_assignments_10s/exp_112.npy
/scratch/tmp/gorczyca/URB_results/grid1k/grid1k_405938_4,4,113,835,exp_113.npy,exp_835.npy,/scratch/tmp/gorczyca/URB_results/grid1k/grid1k_405938_4/SUMO_output/data_processed/new_flows_10s/exp_113.npy,/scratch/tmp/gorczyca/URB_results/grid1k/grid1k_405938_4/SUMO_output/data_processed/new_assignments_10s/exp_113.npy
/scratch/tmp/gorczyca/URB_results/grid1k/grid1k_405938_4,4,114,836,exp_114.npy,exp_836.npy,/scratch/tmp/gorczyca/URB_results/grid1k/grid1k_405938_4/SUMO_output/data_processed/new_flows_10s/exp_114.npy,/scratch/tmp/gorczyca/URB_results/grid1k/grid1k_405938_4/SUMO_output/data_processed/new_assignments_10s/exp_114.npy
/scratch/tmp/gorczyca/URB_results/grid1k/grid1k_405938_4,4,115,837,exp_115.npy,exp_837.npy,/scratch/tmp/gorczyca/URB_results/grid1k/grid1k_405938_4/SUMO_output/data_processed/new_flows_10s/exp_115.npy,/scratch/tmp/gorczyca/URB_results/grid1k/grid1k_405938_4/SUMO_output/data_processed/new_assignments_10s/exp_115.npy
/scratch/tmp/gorczyca/URB_results/grid1k/grid1k_405938_4,4,116,838,exp_116.npy,exp_838.npy,/scratch/tmp/gorczyca/URB_results/grid1k/grid1k_405938_4/SUMO_output/data_processed/new_flows_10s/exp_116.npy,/scratch/tmp/gorczyca/URB_results/grid1k/grid1k_405938_4/SUMO_output/data_processed/new_assignments_10s/exp_116.npy
/scratch/tmp/gorczyca/URB_results/grid1k/grid1k_405938_4,4,117,839,exp_117.npy,exp_839.npy,/scratch/tmp/gorczyca/URB_results/grid1k/grid1k_405938_4/SUMO_output/data_processed/new_flows_10s/exp_117.npy,/scratch/tmp/gorczyca/URB_results/grid1k/grid1k_405938_4/SUMO_output/data_processed/new_assignments_10s/exp_117.npy
/scratch/tmp/gorczyca/URB_results/grid1k/grid1k_405938_4,4,118,840,exp_118.npy,exp_840.npy,/scratch/tmp/gorczyca/URB_results/grid1k/grid1k_405938_4/SUMO_output/data_processed/new_flows_10s/exp_118.npy,/scratch/tmp/gorczyca/URB_results/grid1k/grid1k_405938_4/SUMO_output/data_processed/new_assignments_10s/exp_118.npy
/scratch/tmp/gorczyca/URB_results/grid1k/grid1k_405938_4,4,119,841,exp_119.npy,exp_841.npy,/scratch/tmp/gorczyca/URB_results/grid1k/grid1k_405938_4/SUMO_output/data_processed/new_flows_10s/exp_119.npy,/scratch/tmp/gorczyca/URB_results/grid1k/grid1k_405938_4/SUMO_output/data_processed/new_assignments_10s/exp_119.npy
/scratch/tmp/gorczyca/URB_results/grid1k/grid1k_405938_4,4,120,842,exp_120.npy,exp_842.npy,/scratch/tmp/gorczyca/URB_results/grid1k/grid1k_405938_4/SUMO_output/data_processed/new_flows_10s/exp_120.npy,/scratch/tmp/gorczyca/URB_results/grid1k/grid1k_405938_4/SUMO_output/data_processed/new_assignments_10s/exp_120.npy
/scratch/tmp/gorczyca/URB_results/grid1k/grid1k_405938_4,4,121,843,exp_121.npy,exp_843.npy,/scratch/tmp/gorczyca/URB_results/grid1k/grid1k_405938_4/SUMO_output/data_processed/new_flows_10s/exp_121.npy,/scratch/tmp/gorczyca/URB_results/grid1k/grid1k_405938_4/SUMO_output/data_processed/new_assignments_10s/exp_121.npy
/scratch/tmp/gorczyca/URB_results/grid1k/grid1k_405938_4,4,122,844,exp_122.npy,exp_844.npy,/scratch/tmp/gorczyca/URB_results/grid1k/grid1k_405938_4/SUMO_output/data_processed/new_flows_10s/exp_122.npy,/scratch/tmp/gorczyca/URB_results/grid1k/grid1k_405938_4/SUMO_output/data_processed/new_assignments_10s/exp_122.npy
/scratch/tmp/gorczyca/URB_results/grid1k/grid1k_405938_4,4,123,845,exp_123.npy,exp_845.npy,/scratch/tmp/gorczyca/URB_results/grid1k/grid1k_405938_4/SUMO_output/data_processed/new_flows_10s/exp_123.npy,/scratch/tmp/gorczyca/URB_results/grid1k/grid1k_405938_4/SUMO_output/data_processed/new_assignments_10s/exp_123.npy
/scratch/tmp/gorczyca/URB_results/grid1k/grid1k_405938_4,4,124,846,exp_124.npy,exp_846.npy,/scratch/tmp/gorczyca/URB_results/grid1k/grid1k_405938_4/SUMO_output/data_processed/new_flows_10s/exp_124.npy,/scratch/tmp/gorczyca/URB_results/grid1k/grid1k_405938_4/SUMO_output/data_processed/new_assignments_10s/exp_124.npy
/scratch/tmp/gorczyca/URB_results/grid1k/grid1k_405938_4,4,125,847,exp_125.npy,exp_847.npy,/scratch/tmp/gorczyca/URB_results/grid1k/grid1k_405938_4/SUMO_output/data_processed/new_flows_10s/exp_125.npy,/scratch/tmp/gorczyca/URB_results/grid1k/grid1k_405938_4/SUMO_output/data_processed/new_assignments_10s/exp_125.npy
/scratch/tmp/gorczyca/URB_results/grid1k/grid1k_405938_4,4,126,848,exp_126.npy,exp_848.npy,/scratch/tmp/gorczyca/URB_results/grid1k/grid1k_405938_4/SUMO_output/data_processed/new_flows_10s/exp_126.npy,/scratch/tmp/gorczyca/URB_results/grid1k/grid1k_405938_4/SUMO_output/data_processed/new_assignments_10s/exp_126.npy
/scratch/tmp/gorczyca/URB_results/grid1k/grid1k_405938_4,4,127,849,exp_127.npy,exp_849.npy,/scratch/tmp/gorczyca/URB_results/grid1k/grid1k_405938_4/SUMO_output/data_processed/new_flows_10s/exp_127.npy,/scratch/tmp/gorczyca/URB_results/grid1k/grid1k_405938_4/SUMO_output/data_processed/new_assignments_10s/exp_127.npy
/scratch/tmp/gorczyca/URB_results/grid1k/grid1k_405938_4,4,128,850,exp_128.npy,exp_850.npy,/scratch/tmp/gorczyca/URB_results/grid1k/grid1k_405938_4/SUMO_output/data_processed/new_flows_10s/exp_128.npy,/scratch/tmp/gorczyca/URB_results/grid1k/grid1k_405938_4/SUMO_output/data_processed/new_assignments_10s/exp_128.npy
/scratch/tmp/gorczyca/URB_results/grid1k/grid1k_405938_4,4,129,851,exp_129.npy,exp_851.npy,/scratch/tmp/gorczyca/URB_results/grid1k/grid1k_405938_4/SUMO_output/data_processed/new_flows_10s/exp_129.npy,/scratch/tmp/gorczyca/URB_results/grid1k/grid1k_405938_4/SUMO_output/data_processed/new_assignments_10s/exp_129.npy
/scratch/tmp/gorczyca/URB_results/grid1k/grid1k_405938_4,4,130,852,exp_130.npy,exp_852.npy,/scratch/tmp/gorczyca/URB_results/grid1k/grid1k_405938_4/SUMO_output/data_processed/new_flows_10s/exp_130.npy,/scratch/tmp/gorczyca/URB_results/grid1k/grid1k_405938_4/SUMO_output/data_processed/new_assignments_10s/exp_130.npy
/scratch/tmp/gorczyca/URB_results/grid1k/grid1k_405938_4,4,131,853,exp_131.npy,exp_853.npy,/scratch/tmp/gorczyca/URB_results/grid1k/grid1k_405938_4/SUMO_output/data_processed/new_flows_10s/exp_131.npy,/scratch/tmp/gorczyca/URB_results/grid1k/grid1k_405938_4/SUMO_output/data_processed/new_assignments_10s/exp_131.npy
/scratch/tmp/gorczyca/URB_results/grid1k/grid1k_405938_4,4,132,854,exp_132.npy,exp_854.npy,/scratch/tmp/gorczyca/URB_results/grid1k/grid1k_405938_4/SUMO_output/data_processed/new_flows_10s/exp_132.npy,/scratch/tmp/gorczyca/URB_results/grid1k/grid1k_405938_4/SUMO_output/data_processed/new_assignments_10s/exp_132.npy
/scratch/tmp/gorczyca/URB_results/grid1k/grid1k_405938_4,4,133,855,exp_133.npy,exp_855.npy,/scratch/tmp/gorczyca/URB_results/grid1k/grid1k_405938_4/SUMO_output/data_processed/new_flows_10s/exp_133.npy,/scratch/tmp/gorczyca/URB_results/grid1k/grid1k_405938_4/SUMO_output/data_processed/new_assignments_10s/exp_133.npy
/scratch/tmp/gorczyca/URB_results/grid1k/grid1k_405938_4,4,134,856,exp_134.npy,exp_856.npy,/scratch/tmp/gorczyca/URB_results/grid1k/grid1k_405938_4/SUMO_output/data_processed/new_flows_10s/exp_134.npy,/scratch/tmp/gorczyca/URB_results/grid1k/grid1k_405938_4/SUMO_output/data_processed/new_assignments_10s/exp_134.npy
/scratch/tmp/gorczyca/URB_results/grid1k/grid1k_405938_4,4,135,857,exp_135.npy,exp_857.npy,/scratch/tmp/gorczyca/URB_results/grid1k/grid1k_405938_4/SUMO_output/data_processed/new_flows_10s/exp_135.npy,/scratch/tmp/gorczyca/URB_results/grid1k/grid1k_405938_4/SUMO_output/data_processed/new_assignments_10s/exp_135.npy
/scratch/tmp/gorczyca/URB_results/grid1k/grid1k_405938_4,4,136,858,exp_136.npy,exp_858.npy,/scratch/tmp/gorczyca/URB_results/grid1k/grid1k_405938_4/SUMO_output/data_processed/new_flows_10s/exp_136.npy,/scratch/tmp/gorczyca/URB_results/grid1k/grid1k_405938_4/SUMO_output/data_processed/new_assignments_10s/exp_136.npy
/scratch/tmp/gorczyca/URB_results/grid1k/grid1k_405938_4,4,137,859,exp_137.npy,exp_859.npy,/scratch/tmp/gorczyca/URB_results/grid1k/grid1k_405938_4/SUMO_output/data_processed/new_flows_10s/exp_137.npy,/scratch/tmp/gorczyca/URB_results/grid1k/grid1k_405938_4/SUMO_output/data_processed/new_assignments_10s/exp_137.npy
/scratch/tmp/gorczyca/URB_results/grid1k/grid1k_405938_4,4,138,860,exp_138.npy,exp_860.npy,/scratch/tmp/gorczyca/URB_results/grid1k/grid1k_405938_4/SUMO_output/data_processed/new_flows_10s/exp_138.npy,/scratch/tmp/gorczyca/URB_results/grid1k/grid1k_405938_4/SUMO_output/data_processed/new_assignments_10s/exp_138.npy
/scratch/tmp/gorczyca/URB_results/grid1k/grid1k_405938_4,4,139,861,exp_139.npy,exp_861.npy,/scratch/tmp/gorczyca/URB_results/grid1k/grid1k_405938_4/SUMO_output/data_processed/new_flows_10s/exp_139.npy,/scratch/tmp/gorczyca/URB_results/grid1k/grid1k_405938_4/SUMO_output/data_processed/new_assignments_10s/exp_139.npy
/scratch/tmp/gorczyca/URB_results/grid1k/grid1k_405938_4,4,140,862,exp_140.npy,exp_862.npy,/scratch/tmp/gorczyca/URB_results/grid1k/grid1k_405938_4/SUMO_output/data_processed/new_flows_10s/exp_140.npy,/scratch/tmp/gorczyca/URB_results/grid1k/grid1k_405938_4/SUMO_output/data_processed/new_assignments_10s/exp_140.npy
/scratch/tmp/gorczyca/URB_results/grid1k/grid1k_405938_4,4,141,863,exp_141.npy,exp_863.npy,/scratch/tmp/gorczyca/URB_results/grid1k/grid1k_405938_4/SUMO_output/data_processed/new_flows_10s/exp_141.npy,/scratch/tmp/gorczyca/URB_results/grid1k/grid1k_405938_4/SUMO_output/data_processed/new_assignments_10s/exp_141.npy
/scratch/tmp/gorczyca/URB_results/grid1k/grid1k_405938_4,4,142,864,exp_142.npy,exp_864.npy,/scratch/tmp/gorczyca/URB_results/grid1k/grid1k_405938_4/SUMO_output/data_processed/new_flows_10s/exp_142.npy,/scratch/tmp/gorczyca/URB_results/grid1k/grid1k_405938_4/SUMO_output/data_processed/new_assignments_10s/exp_142.npy
/scratch/tmp/gorczyca/URB_results/grid1k/grid1k_405938_4,4,143,865,exp_143.npy,exp_865.npy,/scratch/tmp/gorczyca/URB_results/grid1k/grid1k_405938_4/SUMO_output/data_processed/new_flows_10s/exp_143.npy,/scratch/tmp/gorczyca/URB_results/grid1k/grid1k_405938_4/SUMO_output/data_processed/new_assignments_10s/exp_143.npy
/scratch/tmp/gorczyca/URB_results/grid1k/grid1k_405938_4,4,144,866,exp_144.npy,exp_866.npy,/scratch/tmp/gorczyca/URB_results/grid1k/grid1k_405938_4/SUMO_output/data_processed/new_flows_10s/exp_144.npy,/scratch/tmp/gorczyca/URB_results/grid1k/grid1k_405938_4/SUMO_output/data_processed/new_assignments_10s/exp_144.npy
/scratch/tmp/gorczyca/URB_results/grid1k/grid1k_405938_4,4,145,867,exp_145.npy,exp_867.npy,/scratch/tmp/gorczyca/URB_results/grid1k/grid1k_405938_4/SUMO_output/data_processed/new_flows_10s/exp_145.npy,/scratch/tmp/gorczyca/URB_results/grid1k/grid1k_405938_4/SUMO_output/data_processed/new_assignments_10s/exp_145.npy
/scratch/tmp/gorczyca/URB_results/grid1k/grid1k_405938_4,4,146,868,exp_146.npy,exp_868.npy,/scratch/tmp/gorczyca/URB_results/grid1k/grid1k_405938_4/SUMO_output/data_processed/new_flows_10s/exp_146.npy,/scratch/tmp/gorczyca/URB_results/grid1k/grid1k_405938_4/SUMO_output/data_processed/new_assignments_10s/exp_146.npy
/scratch/tmp/gorczyca/URB_results/grid1k/grid1k_405938_4,4,147,869,exp_147.npy,exp_869.npy,/scratch/tmp/gorczyca/URB_results/grid1k/grid1k_405938_4/SUMO_output/data_processed/new_flows_10s/exp_147.npy,/scratch/tmp/gorczyca/URB_results/grid1k/grid1k_405938_4/SUMO_output/data_processed/new_assignments_10s/exp_147.npy
/scratch/tmp/gorczyca/URB_results/grid1k/grid1k_405938_4,4,148,870,exp_148.npy,exp_870.npy,/scratch/tmp/gorczyca/URB_results/grid1k/grid1k_405938_4/SUMO_output/data_processed/new_flows_10s/exp_148.npy,/scratch/tmp/gorczyca/URB_results/grid1k/grid1k_405938_4/SUMO_output/data_processed/new_assignments_10s/exp_148.npy
/scratch/tmp/gorczyca/URB_results/grid1k/grid1k_405938_4,4,149,871,exp_149.npy,exp_871.npy,/scratch/tmp/gorczyca/URB_results/grid1k/grid1k_405938_4/SUMO_output/data_processed/new_flows_10s/exp_149.npy,/scratch/tmp/gorczyca/URB_results/grid1k/grid1k_405938_4/SUMO_output/data_processed/new_assignments_10s/exp_149.npy
/scratch/tmp/gorczyca/URB_results/grid1k/grid1k_405938_4,4,150,872,exp_150.npy,exp_872.npy,/scratch/tmp/gorczyca/URB_results/grid1k/grid1k_405938_4/SUMO_output/data_processed/new_flows_10s/exp_150.npy,/scratch/tmp/gorczyca/URB_results/grid1k/grid1k_405938_4/SUMO_output/data_processed/new_assignments_10s/exp_150.npy
/scratch/tmp/gorczyca/URB_results/grid1k/grid1k_405938_4,4,151,873,exp_151.npy,exp_873.npy,/scratch/tmp/gorczyca/URB_results/grid1k/grid1k_405938_4/SUMO_output/data_processed/new_flows_10s/exp_151.npy,/scratch/tmp/gorczyca/URB_results/grid1k/grid1k_405938_4/SUMO_output/data_processed/new_assignments_10s/exp_151.npy
/scratch/tmp/gorczyca/URB_results/grid1k/grid1k_405938_4,4,152,874,exp_152.npy,exp_874.npy,/scratch/tmp/gorczyca/URB_results/grid1k/grid1k_405938_4/SUMO_output/data_processed/new_flows_10s/exp_152.npy,/scratch/tmp/gorczyca/URB_results/grid1k/grid1k_405938_4/SUMO_output/data_processed/new_assignments_10s/exp_152.npy
/scratch/tmp/gorczyca/URB_results/grid1k/grid1k_405938_4,4,153,875,exp_153.npy,exp_875.npy,/scratch/tmp/gorczyca/URB_results/grid1k/grid1k_405938_4/SUMO_output/data_processed/new_flows_10s/exp_153.npy,/scratch/tmp/gorczyca/URB_results/grid1k/grid1k_405938_4/SUMO_output/data_processed/new_assignments_10s/exp_153.npy
/scratch/tmp/gorczyca/URB_results/grid1k/grid1k_405938_4,4,154,876,exp_154.npy,exp_876.npy,/scratch/tmp/gorczyca/URB_results/grid1k/grid1k_405938_4/SUMO_output/data_processed/new_flows_10s/exp_154.npy,/scratch/tmp/gorczyca/URB_results/grid1k/grid1k_405938_4/SUMO_output/data_processed/new_assignments_10s/exp_154.npy
/scratch/tmp/gorczyca/URB_results/grid1k/grid1k_405938_4,4,155,877,exp_155.npy,exp_877.npy,/scratch/tmp/gorczyca/URB_results/grid1k/grid1k_405938_4/SUMO_output/data_processed/new_flows_10s/exp_155.npy,/scratch/tmp/gorczyca/URB_results/grid1k/grid1k_405938_4/SUMO_output/data_processed/new_assignments_10s/exp_155.npy
/scratch/tmp/gorczyca/URB_results/grid1k/grid1k_405938_4,4,156,878,exp_156.npy,exp_878.npy,/scratch/tmp/gorczyca/URB_results/grid1k/grid1k_405938_4/SUMO_output/data_processed/new_flows_10s/exp_156.npy,/scratch/tmp/gorczyca/URB_results/grid1k/grid1k_405938_4/SUMO_output/data_processed/new_assignments_10s/exp_156.npy
/scratch/tmp/gorczyca/URB_results/grid1k/grid1k_405938_4,4,157,879,exp_157.npy,exp_879.npy,/scratch/tmp/gorczyca/URB_results/grid1k/grid1k_405938_4/SUMO_output/data_processed/new_flows_10s/exp_157.npy,/scratch/tmp/gorczyca/URB_results/grid1k/grid1k_405938_4/SUMO_output/data_processed/new_assignments_10s/exp_157.npy
/scratch/tmp/gorczyca/URB_results/grid1k/grid1k_405938_4,4,158,880,exp_158.npy,exp_880.npy,/scratch/tmp/gorczyca/URB_results/grid1k/grid1k_405938_4/SUMO_output/data_processed/new_flows_10s/exp_158.npy,/scratch/tmp/gorczyca/URB_results/grid1k/grid1k_405938_4/SUMO_output/data_processed/new_assignments_10s/exp_158.npy
/scratch/tmp/gorczyca/URB_results/grid1k/grid1k_405938_4,4,159,881,exp_159.npy,exp_881.npy,/scratch/tmp/gorczyca/URB_results/grid1k/grid1k_405938_4/SUMO_output/data_processed/new_flows_10s/exp_159.npy,/scratch/tmp/gorczyca/URB_results/grid1k/grid1k_405938_4/SUMO_output/data_processed/new_assignments_10s/exp_159.npy
/scratch/tmp/gorczyca/URB_results/grid1k/grid1k_405938_4,4,160,882,exp_160.npy,exp_882.npy,/scratch/tmp/gorczyca/URB_results/grid1k/grid1k_405938_4/SUMO_output/data_processed/new_flows_10s/exp_160.npy,/scratch/tmp/gorczyca/URB_results/grid1k/grid1k_405938_4/SUMO_output/data_processed/new_assignments_10s/exp_160.npy
/scratch/tmp/gorczyca/URB_results/grid1k/grid1k_405938_4,4,161,883,exp_161.npy,exp_883.npy,/scratch/tmp/gorczyca/URB_results/grid1k/grid1k_405938_4/SUMO_output/data_processed/new_flows_10s/exp_161.npy,/scratch/tmp/gorczyca/URB_results/grid1k/grid1k_405938_4/SUMO_output/data_processed/new_assignments_10s/exp_161.npy
/scratch/tmp/gorczyca/URB_results/grid1k/grid1k_405938_4,4,162,884,exp_162.npy,exp_884.npy,/scratch/tmp/gorczyca/URB_results/grid1k/grid1k_405938_4/SUMO_output/data_processed/new_flows_10s/exp_162.npy,/scratch/tmp/gorczyca/URB_results/grid1k/grid1k_405938_4/SUMO_output/data_processed/new_assignments_10s/exp_162.npy
/scratch/tmp/gorczyca/URB_results/grid1k/grid1k_405938_4,4,163,885,exp_163.npy,exp_885.npy,/scratch/tmp/gorczyca/URB_results/grid1k/grid1k_405938_4/SUMO_output/data_processed/new_flows_10s/exp_163.npy,/scratch/tmp/gorczyca/URB_results/grid1k/grid1k_405938_4/SUMO_output/data_processed/new_assignments_10s/exp_163.npy
/scratch/tmp/gorczyca/URB_results/grid1k/grid1k_405938_4,4,164,886,exp_164.npy,exp_886.npy,/scratch/tmp/gorczyca/URB_results/grid1k/grid1k_405938_4/SUMO_output/data_processed/new_flows_10s/exp_164.npy,/scratch/tmp/gorczyca/URB_results/grid1k/grid1k_405938_4/SUMO_output/data_processed/new_assignments_10s/exp_164.npy
/scratch/tmp/gorczyca/URB_results/grid1k/grid1k_405938_4,4,165,887,exp_165.npy,exp_887.npy,/scratch/tmp/gorczyca/URB_results/grid1k/grid1k_405938_4/SUMO_output/data_processed/new_flows_10s/exp_165.npy,/scratch/tmp/gorczyca/URB_results/grid1k/grid1k_405938_4/SUMO_output/data_processed/new_assignments_10s/exp_165.npy
/scratch/tmp/gorczyca/URB_results/grid1k/grid1k_405938_4,4,166,888,exp_166.npy,exp_888.npy,/scratch/tmp/gorczyca/URB_results/grid1k/grid1k_405938_4/SUMO_output/data_processed/new_flows_10s/exp_166.npy,/scratch/tmp/gorczyca/URB_results/grid1k/grid1k_405938_4/SUMO_output/data_processed/new_assignments_10s/exp_166.npy
/scratch/tmp/gorczyca/URB_results/grid1k/grid1k_405938_4,4,167,889,exp_167.npy,exp_889.npy,/scratch/tmp/gorczyca/URB_results/grid1k/grid1k_405938_4/SUMO_output/data_processed/new_flows_10s/exp_167.npy,/scratch/tmp/gorczyca/URB_results/grid1k/grid1k_405938_4/SUMO_output/data_processed/new_assignments_10s/exp_167.npy
/scratch/tmp/gorczyca/URB_results/grid1k/grid1k_405938_4,4,168,890,exp_168.npy,exp_890.npy,/scratch/tmp/gorczyca/URB_results/grid1k/grid1k_405938_4/SUMO_output/data_processed/new_flows_10s/exp_168.npy,/scratch/tmp/gorczyca/URB_results/grid1k/grid1k_405938_4/SUMO_output/data_processed/new_assignments_10s/exp_168.npy
/scratch/tmp/gorczyca/URB_results/grid1k/grid1k_405938_4,4,169,891,exp_169.npy,exp_891.npy,/scratch/tmp/gorczyca/URB_results/grid1k/grid1k_405938_4/SUMO_output/data_processed/new_flows_10s/exp_169.npy,/scratch/tmp/gorczyca/URB_results/grid1k/grid1k_405938_4/SUMO_output/data_processed/new_assignments_10s/exp_169.npy
/scratch/tmp/gorczyca/URB_results/grid1k/grid1k_405938_4,4,170,892,exp_170.npy,exp_892.npy,/scratch/tmp/gorczyca/URB_results/grid1k/grid1k_405938_4/SUMO_output/data_processed/new_flows_10s/exp_170.npy,/scratch/tmp/gorczyca/URB_results/grid1k/grid1k_405938_4/SUMO_output/data_processed/new_assignments_10s/exp_170.npy
/scratch/tmp/gorczyca/URB_results/grid1k/grid1k_405938_4,4,171,893,exp_171.npy,exp_893.npy,/scratch/tmp/gorczyca/URB_results/grid1k/grid1k_405938_4/SUMO_output/data_processed/new_flows_10s/exp_171.npy,/scratch/tmp/gorczyca/URB_results/grid1k/grid1k_405938_4/SUMO_output/data_processed/new_assignments_10s/exp_171.npy
/scratch/tmp/gorczyca/URB_results/grid1k/grid1k_405938_4,4,172,894,exp_172.npy,exp_894.npy,/scratch/tmp/gorczyca/URB_results/grid1k/grid1k_405938_4/SUMO_output/data_processed/new_flows_10s/exp_172.npy,/scratch/tmp/gorczyca/URB_results/grid1k/grid1k_405938_4/SUMO_output/data_processed/new_assignments_10s/exp_172.npy
/scratch/tmp/gorczyca/URB_results/grid1k/grid1k_405938_4,4,173,895,exp_173.npy,exp_895.npy,/scratch/tmp/gorczyca/URB_results/grid1k/grid1k_405938_4/SUMO_output/data_processed/new_flows_10s/exp_173.npy,/scratch/tmp/gorczyca/URB_results/grid1k/grid1k_405938_4/SUMO_output/data_processed/new_assignments_10s/exp_173.npy
/scratch/tmp/gorczyca/URB_results/grid1k/grid1k_405938_4,4,174,896,exp_174.npy,exp_896.npy,/scratch/tmp/gorczyca/URB_results/grid1k/grid1k_405938_4/SUMO_output/data_processed/new_flows_10s/exp_174.npy,/scratch/tmp/gorczyca/URB_results/grid1k/grid1k_405938_4/SUMO_output/data_processed/new_assignments_10s/exp_174.npy
/scratch/tmp/gorczyca/URB_results/grid1k/grid1k_405938_4,4,175,897,exp_175.npy,exp_897.npy,/scratch/tmp/gorczyca/URB_results/grid1k/grid1k_405938_4/SUMO_output/data_processed/new_flows_10s/exp_175.npy,/scratch/tmp/gorczyca/URB_results/grid1k/grid1k_405938_4/SUMO_output/data_processed/new_assignments_10s/exp_175.npy
/scratch/tmp/gorczyca/URB_results/grid1k/grid1k_405938_4,4,176,898,exp_176.npy,exp_898.npy,/scratch/tmp/gorczyca/URB_results/grid1k/grid1k_405938_4/SUMO_output/data_processed/new_flows_10s/exp_176.npy,/scratch/tmp/gorczyca/URB_results/grid1k/grid1k_405938_4/SUMO_output/data_processed/new_assignments_10s/exp_176.npy
/scratch/tmp/gorczyca/URB_results/grid1k/grid1k_405938_4,4,177,899,exp_177.npy,exp_899.npy,/scratch/tmp/gorczyca/URB_results/grid1k/grid1k_405938_4/SUMO_output/data_processed/new_flows_10s/exp_177.npy,/scratch/tmp/gorczyca/URB_results/grid1k/grid1k_405938_4/SUMO_output/data_processed/new_assignments_10s/exp_177.npy
/scratch/tmp/gorczyca/URB_results/grid1k/grid1k_405938_4,4,178,900,exp_178.npy,exp_900.npy,/scratch/tmp/gorczyca/URB_results/grid1k/grid1k_405938_4/SUMO_output/data_processed/new_flows_10s/exp_178.npy,/scratch/tmp/gorczyca/URB_results/grid1k/grid1k_405938_4/SUMO_output/data_processed/new_assignments_10s/exp_178.npy
/scratch/tmp/gorczyca/URB_results/grid1k/grid1k_405938_4,4,179,901,exp_179.npy,exp_901.npy,/scratch/tmp/gorczyca/URB_results/grid1k/grid1k_405938_4/SUMO_output/data_processed/new_flows_10s/exp_179.npy,/scratch/tmp/gorczyca/URB_results/grid1k/grid1k_405938_4/SUMO_output/data_processed/new_assignments_10s/exp_179.npy
/scratch/tmp/gorczyca/URB_results/grid1k/grid1k_405938_5,5,0,902,exp_0.npy,exp_902.npy,/scratch/tmp/gorczyca/URB_results/grid1k/grid1k_405938_5/SUMO_output/data_processed/new_flows_10s/exp_0.npy,/scratch/tmp/gorczyca/URB_results/grid1k/grid1k_405938_5/SUMO_output/data_processed/new_assignments_10s/exp_0.npy
/scratch/tmp/gorczyca/URB_results/grid1k/grid1k_405938_5,5,1,903,exp_1.npy,exp_903.npy,/scratch/tmp/gorczyca/URB_results/grid1k/grid1k_405938_5/SUMO_output/data_processed/new_flows_10s/exp_1.npy,/scratch/tmp/gorczyca/URB_results/grid1k/grid1k_405938_5/SUMO_output/data_processed/new_assignments_10s/exp_1.npy
/scratch/tmp/gorczyca/URB_results/grid1k/grid1k_405938_5,5,2,904,exp_2.npy,exp_904.npy,/scratch/tmp/gorczyca/URB_results/grid1k/grid1k_405938_5/SUMO_output/data_processed/new_flows_10s/exp_2.npy,/scratch/tmp/gorczyca/URB_results/grid1k/grid1k_405938_5/SUMO_output/data_processed/new_assignments_10s/exp_2.npy
/scratch/tmp/gorczyca/URB_results/grid1k/grid1k_405938_5,5,3,905,exp_3.npy,exp_905.npy,/scratch/tmp/gorczyca/URB_results/grid1k/grid1k_405938_5/SUMO_output/data_processed/new_flows_10s/exp_3.npy,/scratch/tmp/gorczyca/URB_results/grid1k/grid1k_405938_5/SUMO_output/data_processed/new_assignments_10s/exp_3.npy
/scratch/tmp/gorczyca/URB_results/grid1k/grid1k_405938_5,5,4,906,exp_4.npy,exp_906.npy,/scratch/tmp/gorczyca/URB_results/grid1k/grid1k_405938_5/SUMO_output/data_processed/new_flows_10s/exp_4.npy,/scratch/tmp/gorczyca/URB_results/grid1k/grid1k_405938_5/SUMO_output/data_processed/new_assignments_10s/exp_4.npy
/scratch/tmp/gorczyca/URB_results/grid1k/grid1k_405938_5,5,5,907,exp_5.npy,exp_907.npy,/scratch/tmp/gorczyca/URB_results/grid1k/grid1k_405938_5/SUMO_output/data_processed/new_flows_10s/exp_5.npy,/scratch/tmp/gorczyca/URB_results/grid1k/grid1k_405938_5/SUMO_output/data_processed/new_assignments_10s/exp_5.npy
/scratch/tmp/gorczyca/URB_results/grid1k/grid1k_405938_5,5,6,908,exp_6.npy,exp_908.npy,/scratch/tmp/gorczyca/URB_results/grid1k/grid1k_405938_5/SUMO_output/data_processed/new_flows_10s/exp_6.npy,/scratch/tmp/gorczyca/URB_results/grid1k/grid1k_405938_5/SUMO_output/data_processed/new_assignments_10s/exp_6.npy
/scratch/tmp/gorczyca/URB_results/grid1k/grid1k_405938_5,5,7,909,exp_7.npy,exp_909.npy,/scratch/tmp/gorczyca/URB_results/grid1k/grid1k_405938_5/SUMO_output/data_processed/new_flows_10s/exp_7.npy,/scratch/tmp/gorczyca/URB_results/grid1k/grid1k_405938_5/SUMO_output/data_processed/new_assignments_10s/exp_7.npy
/scratch/tmp/gorczyca/URB_results/grid1k/grid1k_405938_5,5,8,910,exp_8.npy,exp_910.npy,/scratch/tmp/gorczyca/URB_results/grid1k/grid1k_405938_5/SUMO_output/data_processed/new_flows_10s/exp_8.npy,/scratch/tmp/gorczyca/URB_results/grid1k/grid1k_405938_5/SUMO_output/data_processed/new_assignments_10s/exp_8.npy
/scratch/tmp/gorczyca/URB_results/grid1k/grid1k_405938_5,5,9,911,exp_9.npy,exp_911.npy,/scratch/tmp/gorczyca/URB_results/grid1k/grid1k_405938_5/SUMO_output/data_processed/new_flows_10s/exp_9.npy,/scratch/tmp/gorczyca/URB_results/grid1k/grid1k_405938_5/SUMO_output/data_processed/new_assignments_10s/exp_9.npy
/scratch/tmp/gorczyca/URB_results/grid1k/grid1k_405938_5,5,10,912,exp_10.npy,exp_912.npy,/scratch/tmp/gorczyca/URB_results/grid1k/grid1k_405938_5/SUMO_output/data_processed/new_flows_10s/exp_10.npy,/scratch/tmp/gorczyca/URB_results/grid1k/grid1k_405938_5/SUMO_output/data_processed/new_assignments_10s/exp_10.npy
/scratch/tmp/gorczyca/URB_results/grid1k/grid1k_405938_5,5,11,913,exp_11.npy,exp_913.npy,/scratch/tmp/gorczyca/URB_results/grid1k/grid1k_405938_5/SUMO_output/data_processed/new_flows_10s/exp_11.npy,/scratch/tmp/gorczyca/URB_results/grid1k/grid1k_405938_5/SUMO_output/data_processed/new_assignments_10s/exp_11.npy
/scratch/tmp/gorczyca/URB_results/grid1k/grid1k_405938_5,5,12,914,exp_12.npy,exp_914.npy,/scratch/tmp/gorczyca/URB_results/grid1k/grid1k_405938_5/SUMO_output/data_processed/new_flows_10s/exp_12.npy,/scratch/tmp/gorczyca/URB_results/grid1k/grid1k_405938_5/SUMO_output/data_processed/new_assignments_10s/exp_12.npy
/scratch/tmp/gorczyca/URB_results/grid1k/grid1k_405938_5,5,13,915,exp_13.npy,exp_915.npy,/scratch/tmp/gorczyca/URB_results/grid1k/grid1k_405938_5/SUMO_output/data_processed/new_flows_10s/exp_13.npy,/scratch/tmp/gorczyca/URB_results/grid1k/grid1k_405938_5/SUMO_output/data_processed/new_assignments_10s/exp_13.npy
/scratch/tmp/gorczyca/URB_results/grid1k/grid1k_405938_5,5,14,916,exp_14.npy,exp_916.npy,/scratch/tmp/gorczyca/URB_results/grid1k/grid1k_405938_5/SUMO_output/data_processed/new_flows_10s/exp_14.npy,/scratch/tmp/gorczyca/URB_results/grid1k/grid1k_405938_5/SUMO_output/data_processed/new_assignments_10s/exp_14.npy
/scratch/tmp/gorczyca/URB_results/grid1k/grid1k_405938_5,5,15,917,exp_15.npy,exp_917.npy,/scratch/tmp/gorczyca/URB_results/grid1k/grid1k_405938_5/SUMO_output/data_processed/new_flows_10s/exp_15.npy,/scratch/tmp/gorczyca/URB_results/grid1k/grid1k_405938_5/SUMO_output/data_processed/new_assignments_10s/exp_15.npy
/scratch/tmp/gorczyca/URB_results/grid1k/grid1k_405938_5,5,16,918,exp_16.npy,exp_918.npy,/scratch/tmp/gorczyca/URB_results/grid1k/grid1k_405938_5/SUMO_output/data_processed/new_flows_10s/exp_16.npy,/scratch/tmp/gorczyca/URB_results/grid1k/grid1k_405938_5/SUMO_output/data_processed/new_assignments_10s/exp_16.npy
/scratch/tmp/gorczyca/URB_results/grid1k/grid1k_405938_5,5,17,919,exp_17.npy,exp_919.npy,/scratch/tmp/gorczyca/URB_results/grid1k/grid1k_405938_5/SUMO_output/data_processed/new_flows_10s/exp_17.npy,/scratch/tmp/gorczyca/URB_results/grid1k/grid1k_405938_5/SUMO_output/data_processed/new_assignments_10s/exp_17.npy
/scratch/tmp/gorczyca/URB_results/grid1k/grid1k_405938_5,5,18,920,exp_18.npy,exp_920.npy,/scratch/tmp/gorczyca/URB_results/grid1k/grid1k_405938_5/SUMO_output/data_processed/new_flows_10s/exp_18.npy,/scratch/tmp/gorczyca/URB_results/grid1k/grid1k_405938_5/SUMO_output/data_processed/new_assignments_10s/exp_18.npy
/scratch/tmp/gorczyca/URB_results/grid1k/grid1k_405938_5,5,19,921,exp_19.npy,exp_921.npy,/scratch/tmp/gorczyca/URB_results/grid1k/grid1k_405938_5/SUMO_output/data_processed/new_flows_10s/exp_19.npy,/scratch/tmp/gorczyca/URB_results/grid1k/grid1k_405938_5/SUMO_output/data_processed/new_assignments_10s/exp_19.npy
/scratch/tmp/gorczyca/URB_results/grid1k/grid1k_405938_5,5,20,922,exp_20.npy,exp_922.npy,/scratch/tmp/gorczyca/URB_results/grid1k/grid1k_405938_5/SUMO_output/data_processed/new_flows_10s/exp_20.npy,/scratch/tmp/gorczyca/URB_results/grid1k/grid1k_405938_5/SUMO_output/data_processed/new_assignments_10s/exp_20.npy
/scratch/tmp/gorczyca/URB_results/grid1k/grid1k_405938_5,5,21,923,exp_21.npy,exp_923.npy,/scratch/tmp/gorczyca/URB_results/grid1k/grid1k_405938_5/SUMO_output/data_processed/new_flows_10s/exp_21.npy,/scratch/tmp/gorczyca/URB_results/grid1k/grid1k_405938_5/SUMO_output/data_processed/new_assignments_10s/exp_21.npy
/scratch/tmp/gorczyca/URB_results/grid1k/grid1k_405938_5,5,22,924,exp_22.npy,exp_924.npy,/scratch/tmp/gorczyca/URB_results/grid1k/grid1k_405938_5/SUMO_output/data_processed/new_flows_10s/exp_22.npy,/scratch/tmp/gorczyca/URB_results/grid1k/grid1k_405938_5/SUMO_output/data_processed/new_assignments_10s/exp_22.npy
/scratch/tmp/gorczyca/URB_results/grid1k/grid1k_405938_5,5,23,925,exp_23.npy,exp_925.npy,/scratch/tmp/gorczyca/URB_results/grid1k/grid1k_405938_5/SUMO_output/data_processed/new_flows_10s/exp_23.npy,/scratch/tmp/gorczyca/URB_results/grid1k/grid1k_405938_5/SUMO_output/data_processed/new_assignments_10s/exp_23.npy
/scratch/tmp/gorczyca/URB_results/grid1k/grid1k_405938_5,5,24,926,exp_24.npy,exp_926.npy,/scratch/tmp/gorczyca/URB_results/grid1k/grid1k_405938_5/SUMO_output/data_processed/new_flows_10s/exp_24.npy,/scratch/tmp/gorczyca/URB_results/grid1k/grid1k_405938_5/SUMO_output/data_processed/new_assignments_10s/exp_24.npy
/scratch/tmp/gorczyca/URB_results/grid1k/grid1k_405938_5,5,25,927,exp_25.npy,exp_927.npy,/scratch/tmp/gorczyca/URB_results/grid1k/grid1k_405938_5/SUMO_output/data_processed/new_flows_10s/exp_25.npy,/scratch/tmp/gorczyca/URB_results/grid1k/grid1k_405938_5/SUMO_output/data_processed/new_assignments_10s/exp_25.npy
/scratch/tmp/gorczyca/URB_results/grid1k/grid1k_405938_5,5,26,928,exp_26.npy,exp_928.npy,/scratch/tmp/gorczyca/URB_results/grid1k/grid1k_405938_5/SUMO_output/data_processed/new_flows_10s/exp_26.npy,/scratch/tmp/gorczyca/URB_results/grid1k/grid1k_405938_5/SUMO_output/data_processed/new_assignments_10s/exp_26.npy
/scratch/tmp/gorczyca/URB_results/grid1k/grid1k_405938_5,5,27,929,exp_27.npy,exp_929.npy,/scratch/tmp/gorczyca/URB_results/grid1k/grid1k_405938_5/SUMO_output/data_processed/new_flows_10s/exp_27.npy,/scratch/tmp/gorczyca/URB_results/grid1k/grid1k_405938_5/SUMO_output/data_processed/new_assignments_10s/exp_27.npy
/scratch/tmp/gorczyca/URB_results/grid1k/grid1k_405938_5,5,28,930,exp_28.npy,exp_930.npy,/scratch/tmp/gorczyca/URB_results/grid1k/grid1k_405938_5/SUMO_output/data_processed/new_flows_10s/exp_28.npy,/scratch/tmp/gorczyca/URB_results/grid1k/grid1k_405938_5/SUMO_output/data_processed/new_assignments_10s/exp_28.npy
/scratch/tmp/gorczyca/URB_results/grid1k/grid1k_405938_5,5,29,931,exp_29.npy,exp_931.npy,/scratch/tmp/gorczyca/URB_results/grid1k/grid1k_405938_5/SUMO_output/data_processed/new_flows_10s/exp_29.npy,/scratch/tmp/gorczyca/URB_results/grid1k/grid1k_405938_5/SUMO_output/data_processed/new_assignments_10s/exp_29.npy
/scratch/tmp/gorczyca/URB_results/grid1k/grid1k_405938_5,5,30,932,exp_30.npy,exp_932.npy,/scratch/tmp/gorczyca/URB_results/grid1k/grid1k_405938_5/SUMO_output/data_processed/new_flows_10s/exp_30.npy,/scratch/tmp/gorczyca/URB_results/grid1k/grid1k_405938_5/SUMO_output/data_processed/new_assignments_10s/exp_30.npy
/scratch/tmp/gorczyca/URB_results/grid1k/grid1k_405938_5,5,31,933,exp_31.npy,exp_933.npy,/scratch/tmp/gorczyca/URB_results/grid1k/grid1k_405938_5/SUMO_output/data_processed/new_flows_10s/exp_31.npy,/scratch/tmp/gorczyca/URB_results/grid1k/grid1k_405938_5/SUMO_output/data_processed/new_assignments_10s/exp_31.npy
/scratch/tmp/gorczyca/URB_results/grid1k/grid1k_405938_5,5,32,934,exp_32.npy,exp_934.npy,/scratch/tmp/gorczyca/URB_results/grid1k/grid1k_405938_5/SUMO_output/data_processed/new_flows_10s/exp_32.npy,/scratch/tmp/gorczyca/URB_results/grid1k/grid1k_405938_5/SUMO_output/data_processed/new_assignments_10s/exp_32.npy
/scratch/tmp/gorczyca/URB_results/grid1k/grid1k_405938_5,5,33,935,exp_33.npy,exp_935.npy,/scratch/tmp/gorczyca/URB_results/grid1k/grid1k_405938_5/SUMO_output/data_processed/new_flows_10s/exp_33.npy,/scratch/tmp/gorczyca/URB_results/grid1k/grid1k_405938_5/SUMO_output/data_processed/new_assignments_10s/exp_33.npy
/scratch/tmp/gorczyca/URB_results/grid1k/grid1k_405938_5,5,34,936,exp_34.npy,exp_936.npy,/scratch/tmp/gorczyca/URB_results/grid1k/grid1k_405938_5/SUMO_output/data_processed/new_flows_10s/exp_34.npy,/scratch/tmp/gorczyca/URB_results/grid1k/grid1k_405938_5/SUMO_output/data_processed/new_assignments_10s/exp_34.npy
/scratch/tmp/gorczyca/URB_results/grid1k/grid1k_405938_5,5,35,937,exp_35.npy,exp_937.npy,/scratch/tmp/gorczyca/URB_results/grid1k/grid1k_405938_5/SUMO_output/data_processed/new_flows_10s/exp_35.npy,/scratch/tmp/gorczyca/URB_results/grid1k/grid1k_405938_5/SUMO_output/data_processed/new_assignments_10s/exp_35.npy
/scratch/tmp/gorczyca/URB_results/grid1k/grid1k_405938_5,5,36,938,exp_36.npy,exp_938.npy,/scratch/tmp/gorczyca/URB_results/grid1k/grid1k_405938_5/SUMO_output/data_processed/new_flows_10s/exp_36.npy,/scratch/tmp/gorczyca/URB_results/grid1k/grid1k_405938_5/SUMO_output/data_processed/new_assignments_10s/exp_36.npy
/scratch/tmp/gorczyca/URB_results/grid1k/grid1k_405938_5,5,37,939,exp_37.npy,exp_939.npy,/scratch/tmp/gorczyca/URB_results/grid1k/grid1k_405938_5/SUMO_output/data_processed/new_flows_10s/exp_37.npy,/scratch/tmp/gorczyca/URB_results/grid1k/grid1k_405938_5/SUMO_output/data_processed/new_assignments_10s/exp_37.npy
/scratch/tmp/gorczyca/URB_results/grid1k/grid1k_405938_5,5,38,940,exp_38.npy,exp_940.npy,/scratch/tmp/gorczyca/URB_results/grid1k/grid1k_405938_5/SUMO_output/data_processed/new_flows_10s/exp_38.npy,/scratch/tmp/gorczyca/URB_results/grid1k/grid1k_405938_5/SUMO_output/data_processed/new_assignments_10s/exp_38.npy
/scratch/tmp/gorczyca/URB_results/grid1k/grid1k_405938_5,5,39,941,exp_39.npy,exp_941.npy,/scratch/tmp/gorczyca/URB_results/grid1k/grid1k_405938_5/SUMO_output/data_processed/new_flows_10s/exp_39.npy,/scratch/tmp/gorczyca/URB_results/grid1k/grid1k_405938_5/SUMO_output/data_processed/new_assignments_10s/exp_39.npy
/scratch/tmp/gorczyca/URB_results/grid1k/grid1k_405938_5,5,40,942,exp_40.npy,exp_942.npy,/scratch/tmp/gorczyca/URB_results/grid1k/grid1k_405938_5/SUMO_output/data_processed/new_flows_10s/exp_40.npy,/scratch/tmp/gorczyca/URB_results/grid1k/grid1k_405938_5/SUMO_output/data_processed/new_assignments_10s/exp_40.npy
/scratch/tmp/gorczyca/URB_results/grid1k/grid1k_405938_5,5,41,943,exp_41.npy,exp_943.npy,/scratch/tmp/gorczyca/URB_results/grid1k/grid1k_405938_5/SUMO_output/data_processed/new_flows_10s/exp_41.npy,/scratch/tmp/gorczyca/URB_results/grid1k/grid1k_405938_5/SUMO_output/data_processed/new_assignments_10s/exp_41.npy
/scratch/tmp/gorczyca/URB_results/grid1k/grid1k_405938_5,5,42,944,exp_42.npy,exp_944.npy,/scratch/tmp/gorczyca/URB_results/grid1k/grid1k_405938_5/SUMO_output/data_processed/new_flows_10s/exp_42.npy,/scratch/tmp/gorczyca/URB_results/grid1k/grid1k_405938_5/SUMO_output/data_processed/new_assignments_10s/exp_42.npy
/scratch/tmp/gorczyca/URB_results/grid1k/grid1k_405938_5,5,43,945,exp_43.npy,exp_945.npy,/scratch/tmp/gorczyca/URB_results/grid1k/grid1k_405938_5/SUMO_output/data_processed/new_flows_10s/exp_43.npy,/scratch/tmp/gorczyca/URB_results/grid1k/grid1k_405938_5/SUMO_output/data_processed/new_assignments_10s/exp_43.npy
/scratch/tmp/gorczyca/URB_results/grid1k/grid1k_405938_5,5,44,946,exp_44.npy,exp_946.npy,/scratch/tmp/gorczyca/URB_results/grid1k/grid1k_405938_5/SUMO_output/data_processed/new_flows_10s/exp_44.npy,/scratch/tmp/gorczyca/URB_results/grid1k/grid1k_405938_5/SUMO_output/data_processed/new_assignments_10s/exp_44.npy
/scratch/tmp/gorczyca/URB_results/grid1k/grid1k_405938_5,5,45,947,exp_45.npy,exp_947.npy,/scratch/tmp/gorczyca/URB_results/grid1k/grid1k_405938_5/SUMO_output/data_processed/new_flows_10s/exp_45.npy,/scratch/tmp/gorczyca/URB_results/grid1k/grid1k_405938_5/SUMO_output/data_processed/new_assignments_10s/exp_45.npy
/scratch/tmp/gorczyca/URB_results/grid1k/grid1k_405938_5,5,46,948,exp_46.npy,exp_948.npy,/scratch/tmp/gorczyca/URB_results/grid1k/grid1k_405938_5/SUMO_output/data_processed/new_flows_10s/exp_46.npy,/scratch/tmp/gorczyca/URB_results/grid1k/grid1k_405938_5/SUMO_output/data_processed/new_assignments_10s/exp_46.npy
/scratch/tmp/gorczyca/URB_results/grid1k/grid1k_405938_5,5,47,949,exp_47.npy,exp_949.npy,/scratch/tmp/gorczyca/URB_results/grid1k/grid1k_405938_5/SUMO_output/data_processed/new_flows_10s/exp_47.npy,/scratch/tmp/gorczyca/URB_results/grid1k/grid1k_405938_5/SUMO_output/data_processed/new_assignments_10s/exp_47.npy
/scratch/tmp/gorczyca/URB_results/grid1k/grid1k_405938_5,5,48,950,exp_48.npy,exp_950.npy,/scratch/tmp/gorczyca/URB_results/grid1k/grid1k_405938_5/SUMO_output/data_processed/new_flows_10s/exp_48.npy,/scratch/tmp/gorczyca/URB_results/grid1k/grid1k_405938_5/SUMO_output/data_processed/new_assignments_10s/exp_48.npy
/scratch/tmp/gorczyca/URB_results/grid1k/grid1k_405938_5,5,49,951,exp_49.npy,exp_951.npy,/scratch/tmp/gorczyca/URB_results/grid1k/grid1k_405938_5/SUMO_output/data_processed/new_flows_10s/exp_49.npy,/scratch/tmp/gorczyca/URB_results/grid1k/grid1k_405938_5/SUMO_output/data_processed/new_assignments_10s/exp_49.npy
/scratch/tmp/gorczyca/URB_results/grid1k/grid1k_405938_5,5,50,952,exp_50.npy,exp_952.npy,/scratch/tmp/gorczyca/URB_results/grid1k/grid1k_405938_5/SUMO_output/data_processed/new_flows_10s/exp_50.npy,/scratch/tmp/gorczyca/URB_results/grid1k/grid1k_405938_5/SUMO_output/data_processed/new_assignments_10s/exp_50.npy
/scratch/tmp/gorczyca/URB_results/grid1k/grid1k_405938_5,5,51,953,exp_51.npy,exp_953.npy,/scratch/tmp/gorczyca/URB_results/grid1k/grid1k_405938_5/SUMO_output/data_processed/new_flows_10s/exp_51.npy,/scratch/tmp/gorczyca/URB_results/grid1k/grid1k_405938_5/SUMO_output/data_processed/new_assignments_10s/exp_51.npy
/scratch/tmp/gorczyca/URB_results/grid1k/grid1k_405938_5,5,52,954,exp_52.npy,exp_954.npy,/scratch/tmp/gorczyca/URB_results/grid1k/grid1k_405938_5/SUMO_output/data_processed/new_flows_10s/exp_52.npy,/scratch/tmp/gorczyca/URB_results/grid1k/grid1k_405938_5/SUMO_output/data_processed/new_assignments_10s/exp_52.npy
/scratch/tmp/gorczyca/URB_results/grid1k/grid1k_405938_5,5,53,955,exp_53.npy,exp_955.npy,/scratch/tmp/gorczyca/URB_results/grid1k/grid1k_405938_5/SUMO_output/data_processed/new_flows_10s/exp_53.npy,/scratch/tmp/gorczyca/URB_results/grid1k/grid1k_405938_5/SUMO_output/data_processed/new_assignments_10s/exp_53.npy
/scratch/tmp/gorczyca/URB_results/grid1k/grid1k_405938_5,5,54,956,exp_54.npy,exp_956.npy,/scratch/tmp/gorczyca/URB_results/grid1k/grid1k_405938_5/SUMO_output/data_processed/new_flows_10s/exp_54.npy,/scratch/tmp/gorczyca/URB_results/grid1k/grid1k_405938_5/SUMO_output/data_processed/new_assignments_10s/exp_54.npy
/scratch/tmp/gorczyca/URB_results/grid1k/grid1k_405938_5,5,55,957,exp_55.npy,exp_957.npy,/scratch/tmp/gorczyca/URB_results/grid1k/grid1k_405938_5/SUMO_output/data_processed/new_flows_10s/exp_55.npy,/scratch/tmp/gorczyca/URB_results/grid1k/grid1k_405938_5/SUMO_output/data_processed/new_assignments_10s/exp_55.npy
/scratch/tmp/gorczyca/URB_results/grid1k/grid1k_405938_5,5,56,958,exp_56.npy,exp_958.npy,/scratch/tmp/gorczyca/URB_results/grid1k/grid1k_405938_5/SUMO_output/data_processed/new_flows_10s/exp_56.npy,/scratch/tmp/gorczyca/URB_results/grid1k/grid1k_405938_5/SUMO_output/data_processed/new_assignments_10s/exp_56.npy
/scratch/tmp/gorczyca/URB_results/grid1k/grid1k_405938_5,5,57,959,exp_57.npy,exp_959.npy,/scratch/tmp/gorczyca/URB_results/grid1k/grid1k_405938_5/SUMO_output/data_processed/new_flows_10s/exp_57.npy,/scratch/tmp/gorczyca/URB_results/grid1k/grid1k_405938_5/SUMO_output/data_processed/new_assignments_10s/exp_57.npy
/scratch/tmp/gorczyca/URB_results/grid1k/grid1k_405938_5,5,58,960,exp_58.npy,exp_960.npy,/scratch/tmp/gorczyca/URB_results/grid1k/grid1k_405938_5/SUMO_output/data_processed/new_flows_10s/exp_58.npy,/scratch/tmp/gorczyca/URB_results/grid1k/grid1k_405938_5/SUMO_output/data_processed/new_assignments_10s/exp_58.npy
/scratch/tmp/gorczyca/URB_results/grid1k/grid1k_405938_5,5,59,961,exp_59.npy,exp_961.npy,/scratch/tmp/gorczyca/URB_results/grid1k/grid1k_405938_5/SUMO_output/data_processed/new_flows_10s/exp_59.npy,/scratch/tmp/gorczyca/URB_results/grid1k/grid1k_405938_5/SUMO_output/data_processed/new_assignments_10s/exp_59.npy
/scratch/tmp/gorczyca/URB_results/grid1k/grid1k_405938_5,5,60,962,exp_60.npy,exp_962.npy,/scratch/tmp/gorczyca/URB_results/grid1k/grid1k_405938_5/SUMO_output/data_processed/new_flows_10s/exp_60.npy,/scratch/tmp/gorczyca/URB_results/grid1k/grid1k_405938_5/SUMO_output/data_processed/new_assignments_10s/exp_60.npy
/scratch/tmp/gorczyca/URB_results/grid1k/grid1k_405938_5,5,61,963,exp_61.npy,exp_963.npy,/scratch/tmp/gorczyca/URB_results/grid1k/grid1k_405938_5/SUMO_output/data_processed/new_flows_10s/exp_61.npy,/scratch/tmp/gorczyca/URB_results/grid1k/grid1k_405938_5/SUMO_output/data_processed/new_assignments_10s/exp_61.npy
/scratch/tmp/gorczyca/URB_results/grid1k/grid1k_405938_5,5,62,964,exp_62.npy,exp_964.npy,/scratch/tmp/gorczyca/URB_results/grid1k/grid1k_405938_5/SUMO_output/data_processed/new_flows_10s/exp_62.npy,/scratch/tmp/gorczyca/URB_results/grid1k/grid1k_405938_5/SUMO_output/data_processed/new_assignments_10s/exp_62.npy
/scratch/tmp/gorczyca/URB_results/grid1k/grid1k_405938_5,5,63,965,exp_63.npy,exp_965.npy,/scratch/tmp/gorczyca/URB_results/grid1k/grid1k_405938_5/SUMO_output/data_processed/new_flows_10s/exp_63.npy,/scratch/tmp/gorczyca/URB_results/grid1k/grid1k_405938_5/SUMO_output/data_processed/new_assignments_10s/exp_63.npy
/scratch/tmp/gorczyca/URB_results/grid1k/grid1k_405938_5,5,64,966,exp_64.npy,exp_966.npy,/scratch/tmp/gorczyca/URB_results/grid1k/grid1k_405938_5/SUMO_output/data_processed/new_flows_10s/exp_64.npy,/scratch/tmp/gorczyca/URB_results/grid1k/grid1k_405938_5/SUMO_output/data_processed/new_assignments_10s/exp_64.npy
/scratch/tmp/gorczyca/URB_results/grid1k/grid1k_405938_5,5,65,967,exp_65.npy,exp_967.npy,/scratch/tmp/gorczyca/URB_results/grid1k/grid1k_405938_5/SUMO_output/data_processed/new_flows_10s/exp_65.npy,/scratch/tmp/gorczyca/URB_results/grid1k/grid1k_405938_5/SUMO_output/data_processed/new_assignments_10s/exp_65.npy
/scratch/tmp/gorczyca/URB_results/grid1k/grid1k_405938_5,5,66,968,exp_66.npy,exp_968.npy,/scratch/tmp/gorczyca/URB_results/grid1k/grid1k_405938_5/SUMO_output/data_processed/new_flows_10s/exp_66.npy,/scratch/tmp/gorczyca/URB_results/grid1k/grid1k_405938_5/SUMO_output/data_processed/new_assignments_10s/exp_66.npy
/scratch/tmp/gorczyca/URB_results/grid1k/grid1k_405938_5,5,67,969,exp_67.npy,exp_969.npy,/scratch/tmp/gorczyca/URB_results/grid1k/grid1k_405938_5/SUMO_output/data_processed/new_flows_10s/exp_67.npy,/scratch/tmp/gorczyca/URB_results/grid1k/grid1k_405938_5/SUMO_output/data_processed/new_assignments_10s/exp_67.npy
/scratch/tmp/gorczyca/URB_results/grid1k/grid1k_405938_5,5,68,970,exp_68.npy,exp_970.npy,/scratch/tmp/gorczyca/URB_results/grid1k/grid1k_405938_5/SUMO_output/data_processed/new_flows_10s/exp_68.npy,/scratch/tmp/gorczyca/URB_results/grid1k/grid1k_405938_5/SUMO_output/data_processed/new_assignments_10s/exp_68.npy
/scratch/tmp/gorczyca/URB_results/grid1k/grid1k_405938_5,5,69,971,exp_69.npy,exp_971.npy,/scratch/tmp/gorczyca/URB_results/grid1k/grid1k_405938_5/SUMO_output/data_processed/new_flows_10s/exp_69.npy,/scratch/tmp/gorczyca/URB_results/grid1k/grid1k_405938_5/SUMO_output/data_processed/new_assignments_10s/exp_69.npy
/scratch/tmp/gorczyca/URB_results/grid1k/grid1k_405938_5,5,70,972,exp_70.npy,exp_972.npy,/scratch/tmp/gorczyca/URB_results/grid1k/grid1k_405938_5/SUMO_output/data_processed/new_flows_10s/exp_70.npy,/scratch/tmp/gorczyca/URB_results/grid1k/grid1k_405938_5/SUMO_output/data_processed/new_assignments_10s/exp_70.npy
/scratch/tmp/gorczyca/URB_results/grid1k/grid1k_405938_5,5,71,973,exp_71.npy,exp_973.npy,/scratch/tmp/gorczyca/URB_results/grid1k/grid1k_405938_5/SUMO_output/data_processed/new_flows_10s/exp_71.npy,/scratch/tmp/gorczyca/URB_results/grid1k/grid1k_405938_5/SUMO_output/data_processed/new_assignments_10s/exp_71.npy
/scratch/tmp/gorczyca/URB_results/grid1k/grid1k_405938_5,5,72,974,exp_72.npy,exp_974.npy,/scratch/tmp/gorczyca/URB_results/grid1k/grid1k_405938_5/SUMO_output/data_processed/new_flows_10s/exp_72.npy,/scratch/tmp/gorczyca/URB_results/grid1k/grid1k_405938_5/SUMO_output/data_processed/new_assignments_10s/exp_72.npy
/scratch/tmp/gorczyca/URB_results/grid1k/grid1k_405938_5,5,73,975,exp_73.npy,exp_975.npy,/scratch/tmp/gorczyca/URB_results/grid1k/grid1k_405938_5/SUMO_output/data_processed/new_flows_10s/exp_73.npy,/scratch/tmp/gorczyca/URB_results/grid1k/grid1k_405938_5/SUMO_output/data_processed/new_assignments_10s/exp_73.npy
/scratch/tmp/gorczyca/URB_results/grid1k/grid1k_405938_5,5,74,976,exp_74.npy,exp_976.npy,/scratch/tmp/gorczyca/URB_results/grid1k/grid1k_405938_5/SUMO_output/data_processed/new_flows_10s/exp_74.npy,/scratch/tmp/gorczyca/URB_results/grid1k/grid1k_405938_5/SUMO_output/data_processed/new_assignments_10s/exp_74.npy
/scratch/tmp/gorczyca/URB_results/grid1k/grid1k_405938_5,5,75,977,exp_75.npy,exp_977.npy,/scratch/tmp/gorczyca/URB_results/grid1k/grid1k_405938_5/SUMO_output/data_processed/new_flows_10s/exp_75.npy,/scratch/tmp/gorczyca/URB_results/grid1k/grid1k_405938_5/SUMO_output/data_processed/new_assignments_10s/exp_75.npy
/scratch/tmp/gorczyca/URB_results/grid1k/grid1k_405938_5,5,76,978,exp_76.npy,exp_978.npy,/scratch/tmp/gorczyca/URB_results/grid1k/grid1k_405938_5/SUMO_output/data_processed/new_flows_10s/exp_76.npy,/scratch/tmp/gorczyca/URB_results/grid1k/grid1k_405938_5/SUMO_output/data_processed/new_assignments_10s/exp_76.npy
/scratch/tmp/gorczyca/URB_results/grid1k/grid1k_405938_5,5,77,979,exp_77.npy,exp_979.npy,/scratch/tmp/gorczyca/URB_results/grid1k/grid1k_405938_5/SUMO_output/data_processed/new_flows_10s/exp_77.npy,/scratch/tmp/gorczyca/URB_results/grid1k/grid1k_405938_5/SUMO_output/data_processed/new_assignments_10s/exp_77.npy
/scratch/tmp/gorczyca/URB_results/grid1k/grid1k_405938_5,5,78,980,exp_78.npy,exp_980.npy,/scratch/tmp/gorczyca/URB_results/grid1k/grid1k_405938_5/SUMO_output/data_processed/new_flows_10s/exp_78.npy,/scratch/tmp/gorczyca/URB_results/grid1k/grid1k_405938_5/SUMO_output/data_processed/new_assignments_10s/exp_78.npy
/scratch/tmp/gorczyca/URB_results/grid1k/grid1k_405938_5,5,79,981,exp_79.npy,exp_981.npy,/scratch/tmp/gorczyca/URB_results/grid1k/grid1k_405938_5/SUMO_output/data_processed/new_flows_10s/exp_79.npy,/scratch/tmp/gorczyca/URB_results/grid1k/grid1k_405938_5/SUMO_output/data_processed/new_assignments_10s/exp_79.npy
/scratch/tmp/gorczyca/URB_results/grid1k/grid1k_405938_5,5,80,982,exp_80.npy,exp_982.npy,/scratch/tmp/gorczyca/URB_results/grid1k/grid1k_405938_5/SUMO_output/data_processed/new_flows_10s/exp_80.npy,/scratch/tmp/gorczyca/URB_results/grid1k/grid1k_405938_5/SUMO_output/data_processed/new_assignments_10s/exp_80.npy
/scratch/tmp/gorczyca/URB_results/grid1k/grid1k_405938_5,5,81,983,exp_81.npy,exp_983.npy,/scratch/tmp/gorczyca/URB_results/grid1k/grid1k_405938_5/SUMO_output/data_processed/new_flows_10s/exp_81.npy,/scratch/tmp/gorczyca/URB_results/grid1k/grid1k_405938_5/SUMO_output/data_processed/new_assignments_10s/exp_81.npy
/scratch/tmp/gorczyca/URB_results/grid1k/grid1k_405938_5,5,82,984,exp_82.npy,exp_984.npy,/scratch/tmp/gorczyca/URB_results/grid1k/grid1k_405938_5/SUMO_output/data_processed/new_flows_10s/exp_82.npy,/scratch/tmp/gorczyca/URB_results/grid1k/grid1k_405938_5/SUMO_output/data_processed/new_assignments_10s/exp_82.npy
/scratch/tmp/gorczyca/URB_results/grid1k/grid1k_405938_5,5,83,985,exp_83.npy,exp_985.npy,/scratch/tmp/gorczyca/URB_results/grid1k/grid1k_405938_5/SUMO_output/data_processed/new_flows_10s/exp_83.npy,/scratch/tmp/gorczyca/URB_results/grid1k/grid1k_405938_5/SUMO_output/data_processed/new_assignments_10s/exp_83.npy
/scratch/tmp/gorczyca/URB_results/grid1k/grid1k_405938_5,5,84,986,exp_84.npy,exp_986.npy,/scratch/tmp/gorczyca/URB_results/grid1k/grid1k_405938_5/SUMO_output/data_processed/new_flows_10s/exp_84.npy,/scratch/tmp/gorczyca/URB_results/grid1k/grid1k_405938_5/SUMO_output/data_processed/new_assignments_10s/exp_84.npy
/scratch/tmp/gorczyca/URB_results/grid1k/grid1k_405938_5,5,85,987,exp_85.npy,exp_987.npy,/scratch/tmp/gorczyca/URB_results/grid1k/grid1k_405938_5/SUMO_output/data_processed/new_flows_10s/exp_85.npy,/scratch/tmp/gorczyca/URB_results/grid1k/grid1k_405938_5/SUMO_output/data_processed/new_assignments_10s/exp_85.npy
/scratch/tmp/gorczyca/URB_results/grid1k/grid1k_405938_5,5,86,988,exp_86.npy,exp_988.npy,/scratch/tmp/gorczyca/URB_results/grid1k/grid1k_405938_5/SUMO_output/data_processed/new_flows_10s/exp_86.npy,/scratch/tmp/gorczyca/URB_results/grid1k/grid1k_405938_5/SUMO_output/data_processed/new_assignments_10s/exp_86.npy
/scratch/tmp/gorczyca/URB_results/grid1k/grid1k_405938_5,5,87,989,exp_87.npy,exp_989.npy,/scratch/tmp/gorczyca/URB_results/grid1k/grid1k_405938_5/SUMO_output/data_processed/new_flows_10s/exp_87.npy,/scratch/tmp/gorczyca/URB_results/grid1k/grid1k_405938_5/SUMO_output/data_processed/new_assignments_10s/exp_87.npy
/scratch/tmp/gorczyca/URB_results/grid1k/grid1k_405938_5,5,88,990,exp_88.npy,exp_990.npy,/scratch/tmp/gorczyca/URB_results/grid1k/grid1k_405938_5/SUMO_output/data_processed/new_flows_10s/exp_88.npy,/scratch/tmp/gorczyca/URB_results/grid1k/grid1k_405938_5/SUMO_output/data_processed/new_assignments_10s/exp_88.npy
/scratch/tmp/gorczyca/URB_results/grid1k/grid1k_405938_5,5,89,991,exp_89.npy,exp_991.npy,/scratch/tmp/gorczyca/URB_results/grid1k/grid1k_405938_5/SUMO_output/data_processed/new_flows_10s/exp_89.npy,/scratch/tmp/gorczyca/URB_results/grid1k/grid1k_405938_5/SUMO_output/data_processed/new_assignments_10s/exp_89.npy
/scratch/tmp/gorczyca/URB_results/grid1k/grid1k_405938_5,5,90,992,exp_90.npy,exp_992.npy,/scratch/tmp/gorczyca/URB_results/grid1k/grid1k_405938_5/SUMO_output/data_processed/new_flows_10s/exp_90.npy,/scratch/tmp/gorczyca/URB_results/grid1k/grid1k_405938_5/SUMO_output/data_processed/new_assignments_10s/exp_90.npy
/scratch/tmp/gorczyca/URB_results/grid1k/grid1k_405938_5,5,91,993,exp_91.npy,exp_993.npy,/scratch/tmp/gorczyca/URB_results/grid1k/grid1k_405938_5/SUMO_output/data_processed/new_flows_10s/exp_91.npy,/scratch/tmp/gorczyca/URB_results/grid1k/grid1k_405938_5/SUMO_output/data_processed/new_assignments_10s/exp_91.npy
/scratch/tmp/gorczyca/URB_results/grid1k/grid1k_405938_5,5,92,994,exp_92.npy,exp_994.npy,/scratch/tmp/gorczyca/URB_results/grid1k/grid1k_405938_5/SUMO_output/data_processed/new_flows_10s/exp_92.npy,/scratch/tmp/gorczyca/URB_results/grid1k/grid1k_405938_5/SUMO_output/data_processed/new_assignments_10s/exp_92.npy
/scratch/tmp/gorczyca/URB_results/grid1k/grid1k_405938_5,5,93,995,exp_93.npy,exp_995.npy,/scratch/tmp/gorczyca/URB_results/grid1k/grid1k_405938_5/SUMO_output/data_processed/new_flows_10s/exp_93.npy,/scratch/tmp/gorczyca/URB_results/grid1k/grid1k_405938_5/SUMO_output/data_processed/new_assignments_10s/exp_93.npy
/scratch/tmp/gorczyca/URB_results/grid1k/grid1k_405938_5,5,94,996,exp_94.npy,exp_996.npy,/scratch/tmp/gorczyca/URB_results/grid1k/grid1k_405938_5/SUMO_output/data_processed/new_flows_10s/exp_94.npy,/scratch/tmp/gorczyca/URB_results/grid1k/grid1k_405938_5/SUMO_output/data_processed/new_assignments_10s/exp_94.npy
/scratch/tmp/gorczyca/URB_results/grid1k/grid1k_405938_5,5,95,997,exp_95.npy,exp_997.npy,/scratch/tmp/gorczyca/URB_results/grid1k/grid1k_405938_5/SUMO_output/data_processed/new_flows_10s/exp_95.npy,/scratch/tmp/gorczyca/URB_results/grid1k/grid1k_405938_5/SUMO_output/data_processed/new_assignments_10s/exp_95.npy
/scratch/tmp/gorczyca/URB_results/grid1k/grid1k_405938_5,5,96,998,exp_96.npy,exp_998.npy,/scratch/tmp/gorczyca/URB_results/grid1k/grid1k_405938_5/SUMO_output/data_processed/new_flows_10s/exp_96.npy,/scratch/tmp/gorczyca/URB_results/grid1k/grid1k_405938_5/SUMO_output/data_processed/new_assignments_10s/exp_96.npy
/scratch/tmp/gorczyca/URB_results/grid1k/grid1k_405938_5,5,97,999,exp_97.npy,exp_999.npy,/scratch/tmp/gorczyca/URB_results/grid1k/grid1k_405938_5/SUMO_output/data_processed/new_flows_10s/exp_97.npy,/scratch/tmp/gorczyca/URB_results/grid1k/grid1k_405938_5/SUMO_output/data_processed/new_assignments_10s/exp_97.npy
/scratch/tmp/gorczyca/URB_results/grid1k/grid1k_405938_5,5,98,1000,exp_98.npy,exp_1000.npy,/scratch/tmp/gorczyca/URB_results/grid1k/grid1k_405938_5/SUMO_output/data_processed/new_flows_10s/exp_98.npy,/scratch/tmp/gorczyca/URB_results/grid1k/grid1k_405938_5/SUMO_output/data_processed/new_assignments_10s/exp_98.npy
/scratch/tmp/gorczyca/URB_results/grid1k/grid1k_405938_5,5,99,1001,exp_99.npy,exp_1001.npy,/scratch/tmp/gorczyca/URB_results/grid1k/grid1k_405938_5/SUMO_output/data_processed/new_flows_10s/exp_99.npy,/scratch/tmp/gorczyca/URB_results/grid1k/grid1k_405938_5/SUMO_output/data_processed/new_assignments_10s/exp_99.npy
/scratch/tmp/gorczyca/URB_results/grid1k/grid1k_405938_5,5,100,1002,exp_100.npy,exp_1002.npy,/scratch/tmp/gorczyca/URB_results/grid1k/grid1k_405938_5/SUMO_output/data_processed/new_flows_10s/exp_100.npy,/scratch/tmp/gorczyca/URB_results/grid1k/grid1k_405938_5/SUMO_output/data_processed/new_assignments_10s/exp_100.npy
/scratch/tmp/gorczyca/URB_results/grid1k/grid1k_405938_5,5,101,1003,exp_101.npy,exp_1003.npy,/scratch/tmp/gorczyca/URB_results/grid1k/grid1k_405938_5/SUMO_output/data_processed/new_flows_10s/exp_101.npy,/scratch/tmp/gorczyca/URB_results/grid1k/grid1k_405938_5/SUMO_output/data_processed/new_assignments_10s/exp_101.npy
/scratch/tmp/gorczyca/URB_results/grid1k/grid1k_405938_5,5,102,1004,exp_102.npy,exp_1004.npy,/scratch/tmp/gorczyca/URB_results/grid1k/grid1k_405938_5/SUMO_output/data_processed/new_flows_10s/exp_102.npy,/scratch/tmp/gorczyca/URB_results/grid1k/grid1k_405938_5/SUMO_output/data_processed/new_assignments_10s/exp_102.npy
/scratch/tmp/gorczyca/URB_results/grid1k/grid1k_405938_5,5,103,1005,exp_103.npy,exp_1005.npy,/scratch/tmp/gorczyca/URB_results/grid1k/grid1k_405938_5/SUMO_output/data_processed/new_flows_10s/exp_103.npy,/scratch/tmp/gorczyca/URB_results/grid1k/grid1k_405938_5/SUMO_output/data_processed/new_assignments_10s/exp_103.npy
/scratch/tmp/gorczyca/URB_results/grid1k/grid1k_405938_5,5,104,1006,exp_104.npy,exp_1006.npy,/scratch/tmp/gorczyca/URB_results/grid1k/grid1k_405938_5/SUMO_output/data_processed/new_flows_10s/exp_104.npy,/scratch/tmp/gorczyca/URB_results/grid1k/grid1k_405938_5/SUMO_output/data_processed/new_assignments_10s/exp_104.npy
/scratch/tmp/gorczyca/URB_results/grid1k/grid1k_405938_5,5,105,1007,exp_105.npy,exp_1007.npy,/scratch/tmp/gorczyca/URB_results/grid1k/grid1k_405938_5/SUMO_output/data_processed/new_flows_10s/exp_105.npy,/scratch/tmp/gorczyca/URB_results/grid1k/grid1k_405938_5/SUMO_output/data_processed/new_assignments_10s/exp_105.npy
/scratch/tmp/gorczyca/URB_results/grid1k/grid1k_405938_5,5,106,1008,exp_106.npy,exp_1008.npy,/scratch/tmp/gorczyca/URB_results/grid1k/grid1k_405938_5/SUMO_output/data_processed/new_flows_10s/exp_106.npy,/scratch/tmp/gorczyca/URB_results/grid1k/grid1k_405938_5/SUMO_output/data_processed/new_assignments_10s/exp_106.npy
/scratch/tmp/gorczyca/URB_results/grid1k/grid1k_405938_5,5,107,1009,exp_107.npy,exp_1009.npy,/scratch/tmp/gorczyca/URB_results/grid1k/grid1k_405938_5/SUMO_output/data_processed/new_flows_10s/exp_107.npy,/scratch/tmp/gorczyca/URB_results/grid1k/grid1k_405938_5/SUMO_output/data_processed/new_assignments_10s/exp_107.npy
/scratch/tmp/gorczyca/URB_results/grid1k/grid1k_405938_5,5,108,1010,exp_108.npy,exp_1010.npy,/scratch/tmp/gorczyca/URB_results/grid1k/grid1k_405938_5/SUMO_output/data_processed/new_flows_10s/exp_108.npy,/scratch/tmp/gorczyca/URB_results/grid1k/grid1k_405938_5/SUMO_output/data_processed/new_assignments_10s/exp_108.npy
/scratch/tmp/gorczyca/URB_results/grid1k/grid1k_405938_5,5,109,1011,exp_109.npy,exp_1011.npy,/scratch/tmp/gorczyca/URB_results/grid1k/grid1k_405938_5/SUMO_output/data_processed/new_flows_10s/exp_109.npy,/scratch/tmp/gorczyca/URB_results/grid1k/grid1k_405938_5/SUMO_output/data_processed/new_assignments_10s/exp_109.npy
/scratch/tmp/gorczyca/URB_results/grid1k/grid1k_405938_5,5,110,1012,exp_110.npy,exp_1012.npy,/scratch/tmp/gorczyca/URB_results/grid1k/grid1k_405938_5/SUMO_output/data_processed/new_flows_10s/exp_110.npy,/scratch/tmp/gorczyca/URB_results/grid1k/grid1k_405938_5/SUMO_output/data_processed/new_assignments_10s/exp_110.npy
/scratch/tmp/gorczyca/URB_results/grid1k/grid1k_405938_5,5,111,1013,exp_111.npy,exp_1013.npy,/scratch/tmp/gorczyca/URB_results/grid1k/grid1k_405938_5/SUMO_output/data_processed/new_flows_10s/exp_111.npy,/scratch/tmp/gorczyca/URB_results/grid1k/grid1k_405938_5/SUMO_output/data_processed/new_assignments_10s/exp_111.npy
/scratch/tmp/gorczyca/URB_results/grid1k/grid1k_405938_5,5,112,1014,exp_112.npy,exp_1014.npy,/scratch/tmp/gorczyca/URB_results/grid1k/grid1k_405938_5/SUMO_output/data_processed/new_flows_10s/exp_112.npy,/scratch/tmp/gorczyca/URB_results/grid1k/grid1k_405938_5/SUMO_output/data_processed/new_assignments_10s/exp_112.npy
/scratch/tmp/gorczyca/URB_results/grid1k/grid1k_405938_5,5,113,1015,exp_113.npy,exp_1015.npy,/scratch/tmp/gorczyca/URB_results/grid1k/grid1k_405938_5/SUMO_output/data_processed/new_flows_10s/exp_113.npy,/scratch/tmp/gorczyca/URB_results/grid1k/grid1k_405938_5/SUMO_output/data_processed/new_assignments_10s/exp_113.npy
/scratch/tmp/gorczyca/URB_results/grid1k/grid1k_405938_5,5,114,1016,exp_114.npy,exp_1016.npy,/scratch/tmp/gorczyca/URB_results/grid1k/grid1k_405938_5/SUMO_output/data_processed/new_flows_10s/exp_114.npy,/scratch/tmp/gorczyca/URB_results/grid1k/grid1k_405938_5/SUMO_output/data_processed/new_assignments_10s/exp_114.npy
/scratch/tmp/gorczyca/URB_results/grid1k/grid1k_405938_5,5,115,1017,exp_115.npy,exp_1017.npy,/scratch/tmp/gorczyca/URB_results/grid1k/grid1k_405938_5/SUMO_output/data_processed/new_flows_10s/exp_115.npy,/scratch/tmp/gorczyca/URB_results/grid1k/grid1k_405938_5/SUMO_output/data_processed/new_assignments_10s/exp_115.npy
/scratch/tmp/gorczyca/URB_results/grid1k/grid1k_405938_5,5,116,1018,exp_116.npy,exp_1018.npy,/scratch/tmp/gorczyca/URB_results/grid1k/grid1k_405938_5/SUMO_output/data_processed/new_flows_10s/exp_116.npy,/scratch/tmp/gorczyca/URB_results/grid1k/grid1k_405938_5/SUMO_output/data_processed/new_assignments_10s/exp_116.npy
/scratch/tmp/gorczyca/URB_results/grid1k/grid1k_405938_5,5,117,1019,exp_117.npy,exp_1019.npy,/scratch/tmp/gorczyca/URB_results/grid1k/grid1k_405938_5/SUMO_output/data_processed/new_flows_10s/exp_117.npy,/scratch/tmp/gorczyca/URB_results/grid1k/grid1k_405938_5/SUMO_output/data_processed/new_assignments_10s/exp_117.npy
/scratch/tmp/gorczyca/URB_results/grid1k/grid1k_405938_5,5,118,1020,exp_118.npy,exp_1020.npy,/scratch/tmp/gorczyca/URB_results/grid1k/grid1k_405938_5/SUMO_output/data_processed/new_flows_10s/exp_118.npy,/scratch/tmp/gorczyca/URB_results/grid1k/grid1k_405938_5/SUMO_output/data_processed/new_assignments_10s/exp_118.npy
/scratch/tmp/gorczyca/URB_results/grid1k/grid1k_405938_5,5,119,1021,exp_119.npy,exp_1021.npy,/scratch/tmp/gorczyca/URB_results/grid1k/grid1k_405938_5/SUMO_output/data_processed/new_flows_10s/exp_119.npy,/scratch/tmp/gorczyca/URB_results/grid1k/grid1k_405938_5/SUMO_output/data_processed/new_assignments_10s/exp_119.npy
/scratch/tmp/gorczyca/URB_results/grid1k/grid1k_405938_5,5,120,1022,exp_120.npy,exp_1022.npy,/scratch/tmp/gorczyca/URB_results/grid1k/grid1k_405938_5/SUMO_output/data_processed/new_flows_10s/exp_120.npy,/scratch/tmp/gorczyca/URB_results/grid1k/grid1k_405938_5/SUMO_output/data_processed/new_assignments_10s/exp_120.npy
/scratch/tmp/gorczyca/URB_results/grid1k/grid1k_405938_5,5,121,1023,exp_121.npy,exp_1023.npy,/scratch/tmp/gorczyca/URB_results/grid1k/grid1k_405938_5/SUMO_output/data_processed/new_flows_10s/exp_121.npy,/scratch/tmp/gorczyca/URB_results/grid1k/grid1k_405938_5/SUMO_output/data_processed/new_assignments_10s/exp_121.npy
/scratch/tmp/gorczyca/URB_results/grid1k/grid1k_405938_5,5,122,1024,exp_122.npy,exp_1024.npy,/scratch/tmp/gorczyca/URB_results/grid1k/grid1k_405938_5/SUMO_output/data_processed/new_flows_10s/exp_122.npy,/scratch/tmp/gorczyca/URB_results/grid1k/grid1k_405938_5/SUMO_output/data_processed/new_assignments_10s/exp_122.npy
/scratch/tmp/gorczyca/URB_results/grid1k/grid1k_405938_5,5,123,1025,exp_123.npy,exp_1025.npy,/scratch/tmp/gorczyca/URB_results/grid1k/grid1k_405938_5/SUMO_output/data_processed/new_flows_10s/exp_123.npy,/scratch/tmp/gorczyca/URB_results/grid1k/grid1k_405938_5/SUMO_output/data_processed/new_assignments_10s/exp_123.npy
/scratch/tmp/gorczyca/URB_results/grid1k/grid1k_405938_5,5,124,1026,exp_124.npy,exp_1026.npy,/scratch/tmp/gorczyca/URB_results/grid1k/grid1k_405938_5/SUMO_output/data_processed/new_flows_10s/exp_124.npy,/scratch/tmp/gorczyca/URB_results/grid1k/grid1k_405938_5/SUMO_output/data_processed/new_assignments_10s/exp_124.npy
/scratch/tmp/gorczyca/URB_results/grid1k/grid1k_405938_5,5,125,1027,exp_125.npy,exp_1027.npy,/scratch/tmp/gorczyca/URB_results/grid1k/grid1k_405938_5/SUMO_output/data_processed/new_flows_10s/exp_125.npy,/scratch/tmp/gorczyca/URB_results/grid1k/grid1k_405938_5/SUMO_output/data_processed/new_assignments_10s/exp_125.npy
/scratch/tmp/gorczyca/URB_results/grid1k/grid1k_405938_5,5,126,1028,exp_126.npy,exp_1028.npy,/scratch/tmp/gorczyca/URB_results/grid1k/grid1k_405938_5/SUMO_output/data_processed/new_flows_10s/exp_126.npy,/scratch/tmp/gorczyca/URB_results/grid1k/grid1k_405938_5/SUMO_output/data_processed/new_assignments_10s/exp_126.npy
/scratch/tmp/gorczyca/URB_results/grid1k/grid1k_405938_5,5,127,1029,exp_127.npy,exp_1029.npy,/scratch/tmp/gorczyca/URB_results/grid1k/grid1k_405938_5/SUMO_output/data_processed/new_flows_10s/exp_127.npy,/scratch/tmp/gorczyca/URB_results/grid1k/grid1k_405938_5/SUMO_output/data_processed/new_assignments_10s/exp_127.npy
/scratch/tmp/gorczyca/URB_results/grid1k/grid1k_405938_5,5,128,1030,exp_128.npy,exp_1030.npy,/scratch/tmp/gorczyca/URB_results/grid1k/grid1k_405938_5/SUMO_output/data_processed/new_flows_10s/exp_128.npy,/scratch/tmp/gorczyca/URB_results/grid1k/grid1k_405938_5/SUMO_output/data_processed/new_assignments_10s/exp_128.npy
/scratch/tmp/gorczyca/URB_results/grid1k/grid1k_405938_5,5,129,1031,exp_129.npy,exp_1031.npy,/scratch/tmp/gorczyca/URB_results/grid1k/grid1k_405938_5/SUMO_output/data_processed/new_flows_10s/exp_129.npy,/scratch/tmp/gorczyca/URB_results/grid1k/grid1k_405938_5/SUMO_output/data_processed/new_assignments_10s/exp_129.npy
/scratch/tmp/gorczyca/URB_results/grid1k/grid1k_405938_5,5,130,1032,exp_130.npy,exp_1032.npy,/scratch/tmp/gorczyca/URB_results/grid1k/grid1k_405938_5/SUMO_output/data_processed/new_flows_10s/exp_130.npy,/scratch/tmp/gorczyca/URB_results/grid1k/grid1k_405938_5/SUMO_output/data_processed/new_assignments_10s/exp_130.npy
/scratch/tmp/gorczyca/URB_results/grid1k/grid1k_405938_5,5,131,1033,exp_131.npy,exp_1033.npy,/scratch/tmp/gorczyca/URB_results/grid1k/grid1k_405938_5/SUMO_output/data_processed/new_flows_10s/exp_131.npy,/scratch/tmp/gorczyca/URB_results/grid1k/grid1k_405938_5/SUMO_output/data_processed/new_assignments_10s/exp_131.npy
/scratch/tmp/gorczyca/URB_results/grid1k/grid1k_405938_5,5,132,1034,exp_132.npy,exp_1034.npy,/scratch/tmp/gorczyca/URB_results/grid1k/grid1k_405938_5/SUMO_output/data_processed/new_flows_10s/exp_132.npy,/scratch/tmp/gorczyca/URB_results/grid1k/grid1k_405938_5/SUMO_output/data_processed/new_assignments_10s/exp_132.npy
/scratch/tmp/gorczyca/URB_results/grid1k/grid1k_405938_5,5,133,1035,exp_133.npy,exp_1035.npy,/scratch/tmp/gorczyca/URB_results/grid1k/grid1k_405938_5/SUMO_output/data_processed/new_flows_10s/exp_133.npy,/scratch/tmp/gorczyca/URB_results/grid1k/grid1k_405938_5/SUMO_output/data_processed/new_assignments_10s/exp_133.npy
/scratch/tmp/gorczyca/URB_results/grid1k/grid1k_405938_5,5,134,1036,exp_134.npy,exp_1036.npy,/scratch/tmp/gorczyca/URB_results/grid1k/grid1k_405938_5/SUMO_output/data_processed/new_flows_10s/exp_134.npy,/scratch/tmp/gorczyca/URB_results/grid1k/grid1k_405938_5/SUMO_output/data_processed/new_assignments_10s/exp_134.npy
/scratch/tmp/gorczyca/URB_results/grid1k/grid1k_405938_5,5,135,1037,exp_135.npy,exp_1037.npy,/scratch/tmp/gorczyca/URB_results/grid1k/grid1k_405938_5/SUMO_output/data_processed/new_flows_10s/exp_135.npy,/scratch/tmp/gorczyca/URB_results/grid1k/grid1k_405938_5/SUMO_output/data_processed/new_assignments_10s/exp_135.npy
/scratch/tmp/gorczyca/URB_results/grid1k/grid1k_405938_5,5,136,1038,exp_136.npy,exp_1038.npy,/scratch/tmp/gorczyca/URB_results/grid1k/grid1k_405938_5/SUMO_output/data_processed/new_flows_10s/exp_136.npy,/scratch/tmp/gorczyca/URB_results/grid1k/grid1k_405938_5/SUMO_output/data_processed/new_assignments_10s/exp_136.npy
/scratch/tmp/gorczyca/URB_results/grid1k/grid1k_405938_5,5,137,1039,exp_137.npy,exp_1039.npy,/scratch/tmp/gorczyca/URB_results/grid1k/grid1k_405938_5/SUMO_output/data_processed/new_flows_10s/exp_137.npy,/scratch/tmp/gorczyca/URB_results/grid1k/grid1k_405938_5/SUMO_output/data_processed/new_assignments_10s/exp_137.npy
/scratch/tmp/gorczyca/URB_results/grid1k/grid1k_405938_5,5,138,1040,exp_138.npy,exp_1040.npy,/scratch/tmp/gorczyca/URB_results/grid1k/grid1k_405938_5/SUMO_output/data_processed/new_flows_10s/exp_138.npy,/scratch/tmp/gorczyca/URB_results/grid1k/grid1k_405938_5/SUMO_output/data_processed/new_assignments_10s/exp_138.npy
/scratch/tmp/gorczyca/URB_results/grid1k/grid1k_405938_5,5,139,1041,exp_139.npy,exp_1041.npy,/scratch/tmp/gorczyca/URB_results/grid1k/grid1k_405938_5/SUMO_output/data_processed/new_flows_10s/exp_139.npy,/scratch/tmp/gorczyca/URB_results/grid1k/grid1k_405938_5/SUMO_output/data_processed/new_assignments_10s/exp_139.npy
/scratch/tmp/gorczyca/URB_results/grid1k/grid1k_405938_5,5,140,1042,exp_140.npy,exp_1042.npy,/scratch/tmp/gorczyca/URB_results/grid1k/grid1k_405938_5/SUMO_output/data_processed/new_flows_10s/exp_140.npy,/scratch/tmp/gorczyca/URB_results/grid1k/grid1k_405938_5/SUMO_output/data_processed/new_assignments_10s/exp_140.npy
/scratch/tmp/gorczyca/URB_results/grid1k/grid1k_405938_5,5,141,1043,exp_141.npy,exp_1043.npy,/scratch/tmp/gorczyca/URB_results/grid1k/grid1k_405938_5/SUMO_output/data_processed/new_flows_10s/exp_141.npy,/scratch/tmp/gorczyca/URB_results/grid1k/grid1k_405938_5/SUMO_output/data_processed/new_assignments_10s/exp_141.npy
/scratch/tmp/gorczyca/URB_results/grid1k/grid1k_405938_5,5,142,1044,exp_142.npy,exp_1044.npy,/scratch/tmp/gorczyca/URB_results/grid1k/grid1k_405938_5/SUMO_output/data_processed/new_flows_10s/exp_142.npy,/scratch/tmp/gorczyca/URB_results/grid1k/grid1k_405938_5/SUMO_output/data_processed/new_assignments_10s/exp_142.npy
/scratch/tmp/gorczyca/URB_results/grid1k/grid1k_405938_5,5,143,1045,exp_143.npy,exp_1045.npy,/scratch/tmp/gorczyca/URB_results/grid1k/grid1k_405938_5/SUMO_output/data_processed/new_flows_10s/exp_143.npy,/scratch/tmp/gorczyca/URB_results/grid1k/grid1k_405938_5/SUMO_output/data_processed/new_assignments_10s/exp_143.npy
/scratch/tmp/gorczyca/URB_results/grid1k/grid1k_405938_5,5,144,1046,exp_144.npy,exp_1046.npy,/scratch/tmp/gorczyca/URB_results/grid1k/grid1k_405938_5/SUMO_output/data_processed/new_flows_10s/exp_144.npy,/scratch/tmp/gorczyca/URB_results/grid1k/grid1k_405938_5/SUMO_output/data_processed/new_assignments_10s/exp_144.npy
/scratch/tmp/gorczyca/URB_results/grid1k/grid1k_405938_5,5,145,1047,exp_145.npy,exp_1047.npy,/scratch/tmp/gorczyca/URB_results/grid1k/grid1k_405938_5/SUMO_output/data_processed/new_flows_10s/exp_145.npy,/scratch/tmp/gorczyca/URB_results/grid1k/grid1k_405938_5/SUMO_output/data_processed/new_assignments_10s/exp_145.npy
/scratch/tmp/gorczyca/URB_results/grid1k/grid1k_405938_5,5,146,1048,exp_146.npy,exp_1048.npy,/scratch/tmp/gorczyca/URB_results/grid1k/grid1k_405938_5/SUMO_output/data_processed/new_flows_10s/exp_146.npy,/scratch/tmp/gorczyca/URB_results/grid1k/grid1k_405938_5/SUMO_output/data_processed/new_assignments_10s/exp_146.npy
/scratch/tmp/gorczyca/URB_results/grid1k/grid1k_405938_5,5,147,1049,exp_147.npy,exp_1049.npy,/scratch/tmp/gorczyca/URB_results/grid1k/grid1k_405938_5/SUMO_output/data_processed/new_flows_10s/exp_147.npy,/scratch/tmp/gorczyca/URB_results/grid1k/grid1k_405938_5/SUMO_output/data_processed/new_assignments_10s/exp_147.npy
/scratch/tmp/gorczyca/URB_results/grid1k/grid1k_405938_5,5,148,1050,exp_148.npy,exp_1050.npy,/scratch/tmp/gorczyca/URB_results/grid1k/grid1k_405938_5/SUMO_output/data_processed/new_flows_10s/exp_148.npy,/scratch/tmp/gorczyca/URB_results/grid1k/grid1k_405938_5/SUMO_output/data_processed/new_assignments_10s/exp_148.npy
/scratch/tmp/gorczyca/URB_results/grid1k/grid1k_405938_5,5,149,1051,exp_149.npy,exp_1051.npy,/scratch/tmp/gorczyca/URB_results/grid1k/grid1k_405938_5/SUMO_output/data_processed/new_flows_10s/exp_149.npy,/scratch/tmp/gorczyca/URB_results/grid1k/grid1k_405938_5/SUMO_output/data_processed/new_assignments_10s/exp_149.npy
/scratch/tmp/gorczyca/URB_results/grid1k/grid1k_405938_5,5,150,1052,exp_150.npy,exp_1052.npy,/scratch/tmp/gorczyca/URB_results/grid1k/grid1k_405938_5/SUMO_output/data_processed/new_flows_10s/exp_150.npy,/scratch/tmp/gorczyca/URB_results/grid1k/grid1k_405938_5/SUMO_output/data_processed/new_assignments_10s/exp_150.npy
/scratch/tmp/gorczyca/URB_results/grid1k/grid1k_405938_5,5,151,1053,exp_151.npy,exp_1053.npy,/scratch/tmp/gorczyca/URB_results/grid1k/grid1k_405938_5/SUMO_output/data_processed/new_flows_10s/exp_151.npy,/scratch/tmp/gorczyca/URB_results/grid1k/grid1k_405938_5/SUMO_output/data_processed/new_assignments_10s/exp_151.npy
/scratch/tmp/gorczyca/URB_results/grid1k/grid1k_405938_5,5,152,1054,exp_152.npy,exp_1054.npy,/scratch/tmp/gorczyca/URB_results/grid1k/grid1k_405938_5/SUMO_output/data_processed/new_flows_10s/exp_152.npy,/scratch/tmp/gorczyca/URB_results/grid1k/grid1k_405938_5/SUMO_output/data_processed/new_assignments_10s/exp_152.npy
/scratch/tmp/gorczyca/URB_results/grid1k/grid1k_405938_5,5,153,1055,exp_153.npy,exp_1055.npy,/scratch/tmp/gorczyca/URB_results/grid1k/grid1k_405938_5/SUMO_output/data_processed/new_flows_10s/exp_153.npy,/scratch/tmp/gorczyca/URB_results/grid1k/grid1k_405938_5/SUMO_output/data_processed/new_assignments_10s/exp_153.npy
/scratch/tmp/gorczyca/URB_results/grid1k/grid1k_405938_5,5,154,1056,exp_154.npy,exp_1056.npy,/scratch/tmp/gorczyca/URB_results/grid1k/grid1k_405938_5/SUMO_output/data_processed/new_flows_10s/exp_154.npy,/scratch/tmp/gorczyca/URB_results/grid1k/grid1k_405938_5/SUMO_output/data_processed/new_assignments_10s/exp_154.npy
/scratch/tmp/gorczyca/URB_results/grid1k/grid1k_405938_5,5,155,1057,exp_155.npy,exp_1057.npy,/scratch/tmp/gorczyca/URB_results/grid1k/grid1k_405938_5/SUMO_output/data_processed/new_flows_10s/exp_155.npy,/scratch/tmp/gorczyca/URB_results/grid1k/grid1k_405938_5/SUMO_output/data_processed/new_assignments_10s/exp_155.npy
/scratch/tmp/gorczyca/URB_results/grid1k/grid1k_405938_5,5,156,1058,exp_156.npy,exp_1058.npy,/scratch/tmp/gorczyca/URB_results/grid1k/grid1k_405938_5/SUMO_output/data_processed/new_flows_10s/exp_156.npy,/scratch/tmp/gorczyca/URB_results/grid1k/grid1k_405938_5/SUMO_output/data_processed/new_assignments_10s/exp_156.npy
/scratch/tmp/gorczyca/URB_results/grid1k/grid1k_405938_5,5,157,1059,exp_157.npy,exp_1059.npy,/scratch/tmp/gorczyca/URB_results/grid1k/grid1k_405938_5/SUMO_output/data_processed/new_flows_10s/exp_157.npy,/scratch/tmp/gorczyca/URB_results/grid1k/grid1k_405938_5/SUMO_output/data_processed/new_assignments_10s/exp_157.npy
/scratch/tmp/gorczyca/URB_results/grid1k/grid1k_405938_5,5,158,1060,exp_158.npy,exp_1060.npy,/scratch/tmp/gorczyca/URB_results/grid1k/grid1k_405938_5/SUMO_output/data_processed/new_flows_10s/exp_158.npy,/scratch/tmp/gorczyca/URB_results/grid1k/grid1k_405938_5/SUMO_output/data_processed/new_assignments_10s/exp_158.npy
/scratch/tmp/gorczyca/URB_results/grid1k/grid1k_405938_5,5,159,1061,exp_159.npy,exp_1061.npy,/scratch/tmp/gorczyca/URB_results/grid1k/grid1k_405938_5/SUMO_output/data_processed/new_flows_10s/exp_159.npy,/scratch/tmp/gorczyca/URB_results/grid1k/grid1k_405938_5/SUMO_output/data_processed/new_assignments_10s/exp_159.npy
/scratch/tmp/gorczyca/URB_results/grid1k/grid1k_405938_5,5,160,1062,exp_160.npy,exp_1062.npy,/scratch/tmp/gorczyca/URB_results/grid1k/grid1k_405938_5/SUMO_output/data_processed/new_flows_10s/exp_160.npy,/scratch/tmp/gorczyca/URB_results/grid1k/grid1k_405938_5/SUMO_output/data_processed/new_assignments_10s/exp_160.npy
/scratch/tmp/gorczyca/URB_results/grid1k/grid1k_405938_5,5,161,1063,exp_161.npy,exp_1063.npy,/scratch/tmp/gorczyca/URB_results/grid1k/grid1k_405938_5/SUMO_output/data_processed/new_flows_10s/exp_161.npy,/scratch/tmp/gorczyca/URB_results/grid1k/grid1k_405938_5/SUMO_output/data_processed/new_assignments_10s/exp_161.npy
/scratch/tmp/gorczyca/URB_results/grid1k/grid1k_405938_5,5,162,1064,exp_162.npy,exp_1064.npy,/scratch/tmp/gorczyca/URB_results/grid1k/grid1k_405938_5/SUMO_output/data_processed/new_flows_10s/exp_162.npy,/scratch/tmp/gorczyca/URB_results/grid1k/grid1k_405938_5/SUMO_output/data_processed/new_assignments_10s/exp_162.npy
/scratch/tmp/gorczyca/URB_results/grid1k/grid1k_405938_5,5,163,1065,exp_163.npy,exp_1065.npy,/scratch/tmp/gorczyca/URB_results/grid1k/grid1k_405938_5/SUMO_output/data_processed/new_flows_10s/exp_163.npy,/scratch/tmp/gorczyca/URB_results/grid1k/grid1k_405938_5/SUMO_output/data_processed/new_assignments_10s/exp_163.npy
/scratch/tmp/gorczyca/URB_results/grid1k/grid1k_405938_5,5,164,1066,exp_164.npy,exp_1066.npy,/scratch/tmp/gorczyca/URB_results/grid1k/grid1k_405938_5/SUMO_output/data_processed/new_flows_10s/exp_164.npy,/scratch/tmp/gorczyca/URB_results/grid1k/grid1k_405938_5/SUMO_output/data_processed/new_assignments_10s/exp_164.npy
/scratch/tmp/gorczyca/URB_results/grid1k/grid1k_405938_5,5,165,1067,exp_165.npy,exp_1067.npy,/scratch/tmp/gorczyca/URB_results/grid1k/grid1k_405938_5/SUMO_output/data_processed/new_flows_10s/exp_165.npy,/scratch/tmp/gorczyca/URB_results/grid1k/grid1k_405938_5/SUMO_output/data_processed/new_assignments_10s/exp_165.npy
/scratch/tmp/gorczyca/URB_results/grid1k/grid1k_405938_5,5,166,1068,exp_166.npy,exp_1068.npy,/scratch/tmp/gorczyca/URB_results/grid1k/grid1k_405938_5/SUMO_output/data_processed/new_flows_10s/exp_166.npy,/scratch/tmp/gorczyca/URB_results/grid1k/grid1k_405938_5/SUMO_output/data_processed/new_assignments_10s/exp_166.npy
/scratch/tmp/gorczyca/URB_results/grid1k/grid1k_405938_5,5,167,1069,exp_167.npy,exp_1069.npy,/scratch/tmp/gorczyca/URB_results/grid1k/grid1k_405938_5/SUMO_output/data_processed/new_flows_10s/exp_167.npy,/scratch/tmp/gorczyca/URB_results/grid1k/grid1k_405938_5/SUMO_output/data_processed/new_assignments_10s/exp_167.npy
/scratch/tmp/gorczyca/URB_results/grid1k/grid1k_405938_5,5,168,1070,exp_168.npy,exp_1070.npy,/scratch/tmp/gorczyca/URB_results/grid1k/grid1k_405938_5/SUMO_output/data_processed/new_flows_10s/exp_168.npy,/scratch/tmp/gorczyca/URB_results/grid1k/grid1k_405938_5/SUMO_output/data_processed/new_assignments_10s/exp_168.npy
/scratch/tmp/gorczyca/URB_results/grid1k/grid1k_405938_5,5,169,1071,exp_169.npy,exp_1071.npy,/scratch/tmp/gorczyca/URB_results/grid1k/grid1k_405938_5/SUMO_output/data_processed/new_flows_10s/exp_169.npy,/scratch/tmp/gorczyca/URB_results/grid1k/grid1k_405938_5/SUMO_output/data_processed/new_assignments_10s/exp_169.npy
/scratch/tmp/gorczyca/URB_results/grid1k/grid1k_405938_5,5,170,1072,exp_170.npy,exp_1072.npy,/scratch/tmp/gorczyca/URB_results/grid1k/grid1k_405938_5/SUMO_output/data_processed/new_flows_10s/exp_170.npy,/scratch/tmp/gorczyca/URB_results/grid1k/grid1k_405938_5/SUMO_output/data_processed/new_assignments_10s/exp_170.npy
/scratch/tmp/gorczyca/URB_results/grid1k/grid1k_405938_5,5,171,1073,exp_171.npy,exp_1073.npy,/scratch/tmp/gorczyca/URB_results/grid1k/grid1k_405938_5/SUMO_output/data_processed/new_flows_10s/exp_171.npy,/scratch/tmp/gorczyca/URB_results/grid1k/grid1k_405938_5/SUMO_output/data_processed/new_assignments_10s/exp_171.npy
/scratch/tmp/gorczyca/URB_results/grid1k/grid1k_405938_5,5,172,1074,exp_172.npy,exp_1074.npy,/scratch/tmp/gorczyca/URB_results/grid1k/grid1k_405938_5/SUMO_output/data_processed/new_flows_10s/exp_172.npy,/scratch/tmp/gorczyca/URB_results/grid1k/grid1k_405938_5/SUMO_output/data_processed/new_assignments_10s/exp_172.npy
/scratch/tmp/gorczyca/URB_results/grid1k/grid1k_405938_5,5,173,1075,exp_173.npy,exp_1075.npy,/scratch/tmp/gorczyca/URB_results/grid1k/grid1k_405938_5/SUMO_output/data_processed/new_flows_10s/exp_173.npy,/scratch/tmp/gorczyca/URB_results/grid1k/grid1k_405938_5/SUMO_output/data_processed/new_assignments_10s/exp_173.npy
/scratch/tmp/gorczyca/URB_results/grid1k/grid1k_405938_5,5,174,1076,exp_174.npy,exp_1076.npy,/scratch/tmp/gorczyca/URB_results/grid1k/grid1k_405938_5/SUMO_output/data_processed/new_flows_10s/exp_174.npy,/scratch/tmp/gorczyca/URB_results/grid1k/grid1k_405938_5/SUMO_output/data_processed/new_assignments_10s/exp_174.npy
/scratch/tmp/gorczyca/URB_results/grid1k/grid1k_405938_5,5,175,1077,exp_175.npy,exp_1077.npy,/scratch/tmp/gorczyca/URB_results/grid1k/grid1k_405938_5/SUMO_output/data_processed/new_flows_10s/exp_175.npy,/scratch/tmp/gorczyca/URB_results/grid1k/grid1k_405938_5/SUMO_output/data_processed/new_assignments_10s/exp_175.npy
/scratch/tmp/gorczyca/URB_results/grid1k/grid1k_405938_5,5,176,1078,exp_176.npy,exp_1078.npy,/scratch/tmp/gorczyca/URB_results/grid1k/grid1k_405938_5/SUMO_output/data_processed/new_flows_10s/exp_176.npy,/scratch/tmp/gorczyca/URB_results/grid1k/grid1k_405938_5/SUMO_output/data_processed/new_assignments_10s/exp_176.npy
/scratch/tmp/gorczyca/URB_results/grid1k/grid1k_405938_5,5,177,1079,exp_177.npy,exp_1079.npy,/scratch/tmp/gorczyca/URB_results/grid1k/grid1k_405938_5/SUMO_output/data_processed/new_flows_10s/exp_177.npy,/scratch/tmp/gorczyca/URB_results/grid1k/grid1k_405938_5/SUMO_output/data_processed/new_assignments_10s/exp_177.npy
/scratch/tmp/gorczyca/URB_results/grid1k/grid1k_405938_5,5,178,1080,exp_178.npy,exp_1080.npy,/scratch/tmp/gorczyca/URB_results/grid1k/grid1k_405938_5/SUMO_output/data_processed/new_flows_10s/exp_178.npy,/scratch/tmp/gorczyca/URB_results/grid1k/grid1k_405938_5/SUMO_output/data_processed/new_assignments_10s/exp_178.npy
/scratch/tmp/gorczyca/URB_results/grid1k/grid1k_405938_5,5,179,1081,exp_179.npy,exp_1081.npy,/scratch/tmp/gorczyca/URB_results/grid1k/grid1k_405938_5/SUMO_output/data_processed/new_flows_10s/exp_179.npy,/scratch/tmp/gorczyca/URB_results/grid1k/grid1k_405938_5/SUMO_output/data_processed/new_assignments_10s/exp_179.npy
/scratch/tmp/gorczyca/URB_results/grid1k/grid1k_405938_6,6,0,1082,exp_0.npy,exp_1082.npy,/scratch/tmp/gorczyca/URB_results/grid1k/grid1k_405938_6/SUMO_output/data_processed/new_flows_10s/exp_0.npy,/scratch/tmp/gorczyca/URB_results/grid1k/grid1k_405938_6/SUMO_output/data_processed/new_assignments_10s/exp_0.npy
/scratch/tmp/gorczyca/URB_results/grid1k/grid1k_405938_6,6,1,1083,exp_1.npy,exp_1083.npy,/scratch/tmp/gorczyca/URB_results/grid1k/grid1k_405938_6/SUMO_output/data_processed/new_flows_10s/exp_1.npy,/scratch/tmp/gorczyca/URB_results/grid1k/grid1k_405938_6/SUMO_output/data_processed/new_assignments_10s/exp_1.npy
/scratch/tmp/gorczyca/URB_results/grid1k/grid1k_405938_6,6,2,1084,exp_2.npy,exp_1084.npy,/scratch/tmp/gorczyca/URB_results/grid1k/grid1k_405938_6/SUMO_output/data_processed/new_flows_10s/exp_2.npy,/scratch/tmp/gorczyca/URB_results/grid1k/grid1k_405938_6/SUMO_output/data_processed/new_assignments_10s/exp_2.npy
/scratch/tmp/gorczyca/URB_results/grid1k/grid1k_405938_6,6,3,1085,exp_3.npy,exp_1085.npy,/scratch/tmp/gorczyca/URB_results/grid1k/grid1k_405938_6/SUMO_output/data_processed/new_flows_10s/exp_3.npy,/scratch/tmp/gorczyca/URB_results/grid1k/grid1k_405938_6/SUMO_output/data_processed/new_assignments_10s/exp_3.npy
/scratch/tmp/gorczyca/URB_results/grid1k/grid1k_405938_6,6,4,1086,exp_4.npy,exp_1086.npy,/scratch/tmp/gorczyca/URB_results/grid1k/grid1k_405938_6/SUMO_output/data_processed/new_flows_10s/exp_4.npy,/scratch/tmp/gorczyca/URB_results/grid1k/grid1k_405938_6/SUMO_output/data_processed/new_assignments_10s/exp_4.npy
/scratch/tmp/gorczyca/URB_results/grid1k/grid1k_405938_6,6,5,1087,exp_5.npy,exp_1087.npy,/scratch/tmp/gorczyca/URB_results/grid1k/grid1k_405938_6/SUMO_output/data_processed/new_flows_10s/exp_5.npy,/scratch/tmp/gorczyca/URB_results/grid1k/grid1k_405938_6/SUMO_output/data_processed/new_assignments_10s/exp_5.npy
/scratch/tmp/gorczyca/URB_results/grid1k/grid1k_405938_6,6,6,1088,exp_6.npy,exp_1088.npy,/scratch/tmp/gorczyca/URB_results/grid1k/grid1k_405938_6/SUMO_output/data_processed/new_flows_10s/exp_6.npy,/scratch/tmp/gorczyca/URB_results/grid1k/grid1k_405938_6/SUMO_output/data_processed/new_assignments_10s/exp_6.npy
/scratch/tmp/gorczyca/URB_results/grid1k/grid1k_405938_6,6,7,1089,exp_7.npy,exp_1089.npy,/scratch/tmp/gorczyca/URB_results/grid1k/grid1k_405938_6/SUMO_output/data_processed/new_flows_10s/exp_7.npy,/scratch/tmp/gorczyca/URB_results/grid1k/grid1k_405938_6/SUMO_output/data_processed/new_assignments_10s/exp_7.npy
/scratch/tmp/gorczyca/URB_results/grid1k/grid1k_405938_6,6,8,1090,exp_8.npy,exp_1090.npy,/scratch/tmp/gorczyca/URB_results/grid1k/grid1k_405938_6/SUMO_output/data_processed/new_flows_10s/exp_8.npy,/scratch/tmp/gorczyca/URB_results/grid1k/grid1k_405938_6/SUMO_output/data_processed/new_assignments_10s/exp_8.npy
/scratch/tmp/gorczyca/URB_results/grid1k/grid1k_405938_6,6,9,1091,exp_9.npy,exp_1091.npy,/scratch/tmp/gorczyca/URB_results/grid1k/grid1k_405938_6/SUMO_output/data_processed/new_flows_10s/exp_9.npy,/scratch/tmp/gorczyca/URB_results/grid1k/grid1k_405938_6/SUMO_output/data_processed/new_assignments_10s/exp_9.npy
/scratch/tmp/gorczyca/URB_results/grid1k/grid1k_405938_6,6,10,1092,exp_10.npy,exp_1092.npy,/scratch/tmp/gorczyca/URB_results/grid1k/grid1k_405938_6/SUMO_output/data_processed/new_flows_10s/exp_10.npy,/scratch/tmp/gorczyca/URB_results/grid1k/grid1k_405938_6/SUMO_output/data_processed/new_assignments_10s/exp_10.npy
/scratch/tmp/gorczyca/URB_results/grid1k/grid1k_405938_6,6,11,1093,exp_11.npy,exp_1093.npy,/scratch/tmp/gorczyca/URB_results/grid1k/grid1k_405938_6/SUMO_output/data_processed/new_flows_10s/exp_11.npy,/scratch/tmp/gorczyca/URB_results/grid1k/grid1k_405938_6/SUMO_output/data_processed/new_assignments_10s/exp_11.npy
/scratch/tmp/gorczyca/URB_results/grid1k/grid1k_405938_6,6,12,1094,exp_12.npy,exp_1094.npy,/scratch/tmp/gorczyca/URB_results/grid1k/grid1k_405938_6/SUMO_output/data_processed/new_flows_10s/exp_12.npy,/scratch/tmp/gorczyca/URB_results/grid1k/grid1k_405938_6/SUMO_output/data_processed/new_assignments_10s/exp_12.npy
/scratch/tmp/gorczyca/URB_results/grid1k/grid1k_405938_6,6,13,1095,exp_13.npy,exp_1095.npy,/scratch/tmp/gorczyca/URB_results/grid1k/grid1k_405938_6/SUMO_output/data_processed/new_flows_10s/exp_13.npy,/scratch/tmp/gorczyca/URB_results/grid1k/grid1k_405938_6/SUMO_output/data_processed/new_assignments_10s/exp_13.npy
/scratch/tmp/gorczyca/URB_results/grid1k/grid1k_405938_6,6,14,1096,exp_14.npy,exp_1096.npy,/scratch/tmp/gorczyca/URB_results/grid1k/grid1k_405938_6/SUMO_output/data_processed/new_flows_10s/exp_14.npy,/scratch/tmp/gorczyca/URB_results/grid1k/grid1k_405938_6/SUMO_output/data_processed/new_assignments_10s/exp_14.npy
/scratch/tmp/gorczyca/URB_results/grid1k/grid1k_405938_6,6,15,1097,exp_15.npy,exp_1097.npy,/scratch/tmp/gorczyca/URB_results/grid1k/grid1k_405938_6/SUMO_output/data_processed/new_flows_10s/exp_15.npy,/scratch/tmp/gorczyca/URB_results/grid1k/grid1k_405938_6/SUMO_output/data_processed/new_assignments_10s/exp_15.npy
/scratch/tmp/gorczyca/URB_results/grid1k/grid1k_405938_6,6,16,1098,exp_16.npy,exp_1098.npy,/scratch/tmp/gorczyca/URB_results/grid1k/grid1k_405938_6/SUMO_output/data_processed/new_flows_10s/exp_16.npy,/scratch/tmp/gorczyca/URB_results/grid1k/grid1k_405938_6/SUMO_output/data_processed/new_assignments_10s/exp_16.npy
/scratch/tmp/gorczyca/URB_results/grid1k/grid1k_405938_6,6,17,1099,exp_17.npy,exp_1099.npy,/scratch/tmp/gorczyca/URB_results/grid1k/grid1k_405938_6/SUMO_output/data_processed/new_flows_10s/exp_17.npy,/scratch/tmp/gorczyca/URB_results/grid1k/grid1k_405938_6/SUMO_output/data_processed/new_assignments_10s/exp_17.npy
/scratch/tmp/gorczyca/URB_results/grid1k/grid1k_405938_6,6,18,1100,exp_18.npy,exp_1100.npy,/scratch/tmp/gorczyca/URB_results/grid1k/grid1k_405938_6/SUMO_output/data_processed/new_flows_10s/exp_18.npy,/scratch/tmp/gorczyca/URB_results/grid1k/grid1k_405938_6/SUMO_output/data_processed/new_assignments_10s/exp_18.npy
/scratch/tmp/gorczyca/URB_results/grid1k/grid1k_405938_6,6,19,1101,exp_19.npy,exp_1101.npy,/scratch/tmp/gorczyca/URB_results/grid1k/grid1k_405938_6/SUMO_output/data_processed/new_flows_10s/exp_19.npy,/scratch/tmp/gorczyca/URB_results/grid1k/grid1k_405938_6/SUMO_output/data_processed/new_assignments_10s/exp_19.npy
/scratch/tmp/gorczyca/URB_results/grid1k/grid1k_405938_6,6,20,1102,exp_20.npy,exp_1102.npy,/scratch/tmp/gorczyca/URB_results/grid1k/grid1k_405938_6/SUMO_output/data_processed/new_flows_10s/exp_20.npy,/scratch/tmp/gorczyca/URB_results/grid1k/grid1k_405938_6/SUMO_output/data_processed/new_assignments_10s/exp_20.npy
/scratch/tmp/gorczyca/URB_results/grid1k/grid1k_405938_6,6,21,1103,exp_21.npy,exp_1103.npy,/scratch/tmp/gorczyca/URB_results/grid1k/grid1k_405938_6/SUMO_output/data_processed/new_flows_10s/exp_21.npy,/scratch/tmp/gorczyca/URB_results/grid1k/grid1k_405938_6/SUMO_output/data_processed/new_assignments_10s/exp_21.npy
/scratch/tmp/gorczyca/URB_results/grid1k/grid1k_405938_6,6,22,1104,exp_22.npy,exp_1104.npy,/scratch/tmp/gorczyca/URB_results/grid1k/grid1k_405938_6/SUMO_output/data_processed/new_flows_10s/exp_22.npy,/scratch/tmp/gorczyca/URB_results/grid1k/grid1k_405938_6/SUMO_output/data_processed/new_assignments_10s/exp_22.npy
/scratch/tmp/gorczyca/URB_results/grid1k/grid1k_405938_6,6,23,1105,exp_23.npy,exp_1105.npy,/scratch/tmp/gorczyca/URB_results/grid1k/grid1k_405938_6/SUMO_output/data_processed/new_flows_10s/exp_23.npy,/scratch/tmp/gorczyca/URB_results/grid1k/grid1k_405938_6/SUMO_output/data_processed/new_assignments_10s/exp_23.npy
/scratch/tmp/gorczyca/URB_results/grid1k/grid1k_405938_6,6,24,1106,exp_24.npy,exp_1106.npy,/scratch/tmp/gorczyca/URB_results/grid1k/grid1k_405938_6/SUMO_output/data_processed/new_flows_10s/exp_24.npy,/scratch/tmp/gorczyca/URB_results/grid1k/grid1k_405938_6/SUMO_output/data_processed/new_assignments_10s/exp_24.npy
/scratch/tmp/gorczyca/URB_results/grid1k/grid1k_405938_6,6,25,1107,exp_25.npy,exp_1107.npy,/scratch/tmp/gorczyca/URB_results/grid1k/grid1k_405938_6/SUMO_output/data_processed/new_flows_10s/exp_25.npy,/scratch/tmp/gorczyca/URB_results/grid1k/grid1k_405938_6/SUMO_output/data_processed/new_assignments_10s/exp_25.npy
/scratch/tmp/gorczyca/URB_results/grid1k/grid1k_405938_6,6,26,1108,exp_26.npy,exp_1108.npy,/scratch/tmp/gorczyca/URB_results/grid1k/grid1k_405938_6/SUMO_output/data_processed/new_flows_10s/exp_26.npy,/scratch/tmp/gorczyca/URB_results/grid1k/grid1k_405938_6/SUMO_output/data_processed/new_assignments_10s/exp_26.npy
/scratch/tmp/gorczyca/URB_results/grid1k/grid1k_405938_6,6,27,1109,exp_27.npy,exp_1109.npy,/scratch/tmp/gorczyca/URB_results/grid1k/grid1k_405938_6/SUMO_output/data_processed/new_flows_10s/exp_27.npy,/scratch/tmp/gorczyca/URB_results/grid1k/grid1k_405938_6/SUMO_output/data_processed/new_assignments_10s/exp_27.npy
/scratch/tmp/gorczyca/URB_results/grid1k/grid1k_405938_6,6,28,1110,exp_28.npy,exp_1110.npy,/scratch/tmp/gorczyca/URB_results/grid1k/grid1k_405938_6/SUMO_output/data_processed/new_flows_10s/exp_28.npy,/scratch/tmp/gorczyca/URB_results/grid1k/grid1k_405938_6/SUMO_output/data_processed/new_assignments_10s/exp_28.npy
/scratch/tmp/gorczyca/URB_results/grid1k/grid1k_405938_6,6,29,1111,exp_29.npy,exp_1111.npy,/scratch/tmp/gorczyca/URB_results/grid1k/grid1k_405938_6/SUMO_output/data_processed/new_flows_10s/exp_29.npy,/scratch/tmp/gorczyca/URB_results/grid1k/grid1k_405938_6/SUMO_output/data_processed/new_assignments_10s/exp_29.npy
/scratch/tmp/gorczyca/URB_results/grid1k/grid1k_405938_6,6,30,1112,exp_30.npy,exp_1112.npy,/scratch/tmp/gorczyca/URB_results/grid1k/grid1k_405938_6/SUMO_output/data_processed/new_flows_10s/exp_30.npy,/scratch/tmp/gorczyca/URB_results/grid1k/grid1k_405938_6/SUMO_output/data_processed/new_assignments_10s/exp_30.npy
/scratch/tmp/gorczyca/URB_results/grid1k/grid1k_405938_6,6,31,1113,exp_31.npy,exp_1113.npy,/scratch/tmp/gorczyca/URB_results/grid1k/grid1k_405938_6/SUMO_output/data_processed/new_flows_10s/exp_31.npy,/scratch/tmp/gorczyca/URB_results/grid1k/grid1k_405938_6/SUMO_output/data_processed/new_assignments_10s/exp_31.npy
/scratch/tmp/gorczyca/URB_results/grid1k/grid1k_405938_6,6,32,1114,exp_32.npy,exp_1114.npy,/scratch/tmp/gorczyca/URB_results/grid1k/grid1k_405938_6/SUMO_output/data_processed/new_flows_10s/exp_32.npy,/scratch/tmp/gorczyca/URB_results/grid1k/grid1k_405938_6/SUMO_output/data_processed/new_assignments_10s/exp_32.npy
/scratch/tmp/gorczyca/URB_results/grid1k/grid1k_405938_6,6,33,1115,exp_33.npy,exp_1115.npy,/scratch/tmp/gorczyca/URB_results/grid1k/grid1k_405938_6/SUMO_output/data_processed/new_flows_10s/exp_33.npy,/scratch/tmp/gorczyca/URB_results/grid1k/grid1k_405938_6/SUMO_output/data_processed/new_assignments_10s/exp_33.npy
/scratch/tmp/gorczyca/URB_results/grid1k/grid1k_405938_6,6,34,1116,exp_34.npy,exp_1116.npy,/scratch/tmp/gorczyca/URB_results/grid1k/grid1k_405938_6/SUMO_output/data_processed/new_flows_10s/exp_34.npy,/scratch/tmp/gorczyca/URB_results/grid1k/grid1k_405938_6/SUMO_output/data_processed/new_assignments_10s/exp_34.npy
/scratch/tmp/gorczyca/URB_results/grid1k/grid1k_405938_6,6,35,1117,exp_35.npy,exp_1117.npy,/scratch/tmp/gorczyca/URB_results/grid1k/grid1k_405938_6/SUMO_output/data_processed/new_flows_10s/exp_35.npy,/scratch/tmp/gorczyca/URB_results/grid1k/grid1k_405938_6/SUMO_output/data_processed/new_assignments_10s/exp_35.npy
/scratch/tmp/gorczyca/URB_results/grid1k/grid1k_405938_6,6,36,1118,exp_36.npy,exp_1118.npy,/scratch/tmp/gorczyca/URB_results/grid1k/grid1k_405938_6/SUMO_output/data_processed/new_flows_10s/exp_36.npy,/scratch/tmp/gorczyca/URB_results/grid1k/grid1k_405938_6/SUMO_output/data_processed/new_assignments_10s/exp_36.npy
/scratch/tmp/gorczyca/URB_results/grid1k/grid1k_405938_6,6,37,1119,exp_37.npy,exp_1119.npy,/scratch/tmp/gorczyca/URB_results/grid1k/grid1k_405938_6/SUMO_output/data_processed/new_flows_10s/exp_37.npy,/scratch/tmp/gorczyca/URB_results/grid1k/grid1k_405938_6/SUMO_output/data_processed/new_assignments_10s/exp_37.npy
/scratch/tmp/gorczyca/URB_results/grid1k/grid1k_405938_6,6,38,1120,exp_38.npy,exp_1120.npy,/scratch/tmp/gorczyca/URB_results/grid1k/grid1k_405938_6/SUMO_output/data_processed/new_flows_10s/exp_38.npy,/scratch/tmp/gorczyca/URB_results/grid1k/grid1k_405938_6/SUMO_output/data_processed/new_assignments_10s/exp_38.npy
/scratch/tmp/gorczyca/URB_results/grid1k/grid1k_405938_6,6,39,1121,exp_39.npy,exp_1121.npy,/scratch/tmp/gorczyca/URB_results/grid1k/grid1k_405938_6/SUMO_output/data_processed/new_flows_10s/exp_39.npy,/scratch/tmp/gorczyca/URB_results/grid1k/grid1k_405938_6/SUMO_output/data_processed/new_assignments_10s/exp_39.npy
/scratch/tmp/gorczyca/URB_results/grid1k/grid1k_405938_6,6,40,1122,exp_40.npy,exp_1122.npy,/scratch/tmp/gorczyca/URB_results/grid1k/grid1k_405938_6/SUMO_output/data_processed/new_flows_10s/exp_40.npy,/scratch/tmp/gorczyca/URB_results/grid1k/grid1k_405938_6/SUMO_output/data_processed/new_assignments_10s/exp_40.npy
/scratch/tmp/gorczyca/URB_results/grid1k/grid1k_405938_6,6,41,1123,exp_41.npy,exp_1123.npy,/scratch/tmp/gorczyca/URB_results/grid1k/grid1k_405938_6/SUMO_output/data_processed/new_flows_10s/exp_41.npy,/scratch/tmp/gorczyca/URB_results/grid1k/grid1k_405938_6/SUMO_output/data_processed/new_assignments_10s/exp_41.npy
/scratch/tmp/gorczyca/URB_results/grid1k/grid1k_405938_6,6,42,1124,exp_42.npy,exp_1124.npy,/scratch/tmp/gorczyca/URB_results/grid1k/grid1k_405938_6/SUMO_output/data_processed/new_flows_10s/exp_42.npy,/scratch/tmp/gorczyca/URB_results/grid1k/grid1k_405938_6/SUMO_output/data_processed/new_assignments_10s/exp_42.npy
/scratch/tmp/gorczyca/URB_results/grid1k/grid1k_405938_6,6,43,1125,exp_43.npy,exp_1125.npy,/scratch/tmp/gorczyca/URB_results/grid1k/grid1k_405938_6/SUMO_output/data_processed/new_flows_10s/exp_43.npy,/scratch/tmp/gorczyca/URB_results/grid1k/grid1k_405938_6/SUMO_output/data_processed/new_assignments_10s/exp_43.npy
/scratch/tmp/gorczyca/URB_results/grid1k/grid1k_405938_6,6,44,1126,exp_44.npy,exp_1126.npy,/scratch/tmp/gorczyca/URB_results/grid1k/grid1k_405938_6/SUMO_output/data_processed/new_flows_10s/exp_44.npy,/scratch/tmp/gorczyca/URB_results/grid1k/grid1k_405938_6/SUMO_output/data_processed/new_assignments_10s/exp_44.npy
/scratch/tmp/gorczyca/URB_results/grid1k/grid1k_405938_6,6,45,1127,exp_45.npy,exp_1127.npy,/scratch/tmp/gorczyca/URB_results/grid1k/grid1k_405938_6/SUMO_output/data_processed/new_flows_10s/exp_45.npy,/scratch/tmp/gorczyca/URB_results/grid1k/grid1k_405938_6/SUMO_output/data_processed/new_assignments_10s/exp_45.npy
/scratch/tmp/gorczyca/URB_results/grid1k/grid1k_405938_6,6,46,1128,exp_46.npy,exp_1128.npy,/scratch/tmp/gorczyca/URB_results/grid1k/grid1k_405938_6/SUMO_output/data_processed/new_flows_10s/exp_46.npy,/scratch/tmp/gorczyca/URB_results/grid1k/grid1k_405938_6/SUMO_output/data_processed/new_assignments_10s/exp_46.npy
/scratch/tmp/gorczyca/URB_results/grid1k/grid1k_405938_6,6,47,1129,exp_47.npy,exp_1129.npy,/scratch/tmp/gorczyca/URB_results/grid1k/grid1k_405938_6/SUMO_output/data_processed/new_flows_10s/exp_47.npy,/scratch/tmp/gorczyca/URB_results/grid1k/grid1k_405938_6/SUMO_output/data_processed/new_assignments_10s/exp_47.npy
/scratch/tmp/gorczyca/URB_results/grid1k/grid1k_405938_6,6,48,1130,exp_48.npy,exp_1130.npy,/scratch/tmp/gorczyca/URB_results/grid1k/grid1k_405938_6/SUMO_output/data_processed/new_flows_10s/exp_48.npy,/scratch/tmp/gorczyca/URB_results/grid1k/grid1k_405938_6/SUMO_output/data_processed/new_assignments_10s/exp_48.npy
/scratch/tmp/gorczyca/URB_results/grid1k/grid1k_405938_6,6,49,1131,exp_49.npy,exp_1131.npy,/scratch/tmp/gorczyca/URB_results/grid1k/grid1k_405938_6/SUMO_output/data_processed/new_flows_10s/exp_49.npy,/scratch/tmp/gorczyca/URB_results/grid1k/grid1k_405938_6/SUMO_output/data_processed/new_assignments_10s/exp_49.npy
/scratch/tmp/gorczyca/URB_results/grid1k/grid1k_405938_6,6,50,1132,exp_50.npy,exp_1132.npy,/scratch/tmp/gorczyca/URB_results/grid1k/grid1k_405938_6/SUMO_output/data_processed/new_flows_10s/exp_50.npy,/scratch/tmp/gorczyca/URB_results/grid1k/grid1k_405938_6/SUMO_output/data_processed/new_assignments_10s/exp_50.npy
/scratch/tmp/gorczyca/URB_results/grid1k/grid1k_405938_6,6,51,1133,exp_51.npy,exp_1133.npy,/scratch/tmp/gorczyca/URB_results/grid1k/grid1k_405938_6/SUMO_output/data_processed/new_flows_10s/exp_51.npy,/scratch/tmp/gorczyca/URB_results/grid1k/grid1k_405938_6/SUMO_output/data_processed/new_assignments_10s/exp_51.npy
/scratch/tmp/gorczyca/URB_results/grid1k/grid1k_405938_6,6,52,1134,exp_52.npy,exp_1134.npy,/scratch/tmp/gorczyca/URB_results/grid1k/grid1k_405938_6/SUMO_output/data_processed/new_flows_10s/exp_52.npy,/scratch/tmp/gorczyca/URB_results/grid1k/grid1k_405938_6/SUMO_output/data_processed/new_assignments_10s/exp_52.npy
/scratch/tmp/gorczyca/URB_results/grid1k/grid1k_405938_6,6,53,1135,exp_53.npy,exp_1135.npy,/scratch/tmp/gorczyca/URB_results/grid1k/grid1k_405938_6/SUMO_output/data_processed/new_flows_10s/exp_53.npy,/scratch/tmp/gorczyca/URB_results/grid1k/grid1k_405938_6/SUMO_output/data_processed/new_assignments_10s/exp_53.npy
/scratch/tmp/gorczyca/URB_results/grid1k/grid1k_405938_6,6,54,1136,exp_54.npy,exp_1136.npy,/scratch/tmp/gorczyca/URB_results/grid1k/grid1k_405938_6/SUMO_output/data_processed/new_flows_10s/exp_54.npy,/scratch/tmp/gorczyca/URB_results/grid1k/grid1k_405938_6/SUMO_output/data_processed/new_assignments_10s/exp_54.npy
/scratch/tmp/gorczyca/URB_results/grid1k/grid1k_405938_6,6,55,1137,exp_55.npy,exp_1137.npy,/scratch/tmp/gorczyca/URB_results/grid1k/grid1k_405938_6/SUMO_output/data_processed/new_flows_10s/exp_55.npy,/scratch/tmp/gorczyca/URB_results/grid1k/grid1k_405938_6/SUMO_output/data_processed/new_assignments_10s/exp_55.npy
/scratch/tmp/gorczyca/URB_results/grid1k/grid1k_405938_6,6,56,1138,exp_56.npy,exp_1138.npy,/scratch/tmp/gorczyca/URB_results/grid1k/grid1k_405938_6/SUMO_output/data_processed/new_flows_10s/exp_56.npy,/scratch/tmp/gorczyca/URB_results/grid1k/grid1k_405938_6/SUMO_output/data_processed/new_assignments_10s/exp_56.npy
/scratch/tmp/gorczyca/URB_results/grid1k/grid1k_405938_6,6,57,1139,exp_57.npy,exp_1139.npy,/scratch/tmp/gorczyca/URB_results/grid1k/grid1k_405938_6/SUMO_output/data_processed/new_flows_10s/exp_57.npy,/scratch/tmp/gorczyca/URB_results/grid1k/grid1k_405938_6/SUMO_output/data_processed/new_assignments_10s/exp_57.npy
/scratch/tmp/gorczyca/URB_results/grid1k/grid1k_405938_6,6,58,1140,exp_58.npy,exp_1140.npy,/scratch/tmp/gorczyca/URB_results/grid1k/grid1k_405938_6/SUMO_output/data_processed/new_flows_10s/exp_58.npy,/scratch/tmp/gorczyca/URB_results/grid1k/grid1k_405938_6/SUMO_output/data_processed/new_assignments_10s/exp_58.npy
/scratch/tmp/gorczyca/URB_results/grid1k/grid1k_405938_6,6,59,1141,exp_59.npy,exp_1141.npy,/scratch/tmp/gorczyca/URB_results/grid1k/grid1k_405938_6/SUMO_output/data_processed/new_flows_10s/exp_59.npy,/scratch/tmp/gorczyca/URB_results/grid1k/grid1k_405938_6/SUMO_output/data_processed/new_assignments_10s/exp_59.npy
/scratch/tmp/gorczyca/URB_results/grid1k/grid1k_405938_6,6,60,1142,exp_60.npy,exp_1142.npy,/scratch/tmp/gorczyca/URB_results/grid1k/grid1k_405938_6/SUMO_output/data_processed/new_flows_10s/exp_60.npy,/scratch/tmp/gorczyca/URB_results/grid1k/grid1k_405938_6/SUMO_output/data_processed/new_assignments_10s/exp_60.npy
/scratch/tmp/gorczyca/URB_results/grid1k/grid1k_405938_6,6,61,1143,exp_61.npy,exp_1143.npy,/scratch/tmp/gorczyca/URB_results/grid1k/grid1k_405938_6/SUMO_output/data_processed/new_flows_10s/exp_61.npy,/scratch/tmp/gorczyca/URB_results/grid1k/grid1k_405938_6/SUMO_output/data_processed/new_assignments_10s/exp_61.npy
/scratch/tmp/gorczyca/URB_results/grid1k/grid1k_405938_6,6,62,1144,exp_62.npy,exp_1144.npy,/scratch/tmp/gorczyca/URB_results/grid1k/grid1k_405938_6/SUMO_output/data_processed/new_flows_10s/exp_62.npy,/scratch/tmp/gorczyca/URB_results/grid1k/grid1k_405938_6/SUMO_output/data_processed/new_assignments_10s/exp_62.npy
/scratch/tmp/gorczyca/URB_results/grid1k/grid1k_405938_6,6,63,1145,exp_63.npy,exp_1145.npy,/scratch/tmp/gorczyca/URB_results/grid1k/grid1k_405938_6/SUMO_output/data_processed/new_flows_10s/exp_63.npy,/scratch/tmp/gorczyca/URB_results/grid1k/grid1k_405938_6/SUMO_output/data_processed/new_assignments_10s/exp_63.npy
/scratch/tmp/gorczyca/URB_results/grid1k/grid1k_405938_6,6,64,1146,exp_64.npy,exp_1146.npy,/scratch/tmp/gorczyca/URB_results/grid1k/grid1k_405938_6/SUMO_output/data_processed/new_flows_10s/exp_64.npy,/scratch/tmp/gorczyca/URB_results/grid1k/grid1k_405938_6/SUMO_output/data_processed/new_assignments_10s/exp_64.npy
/scratch/tmp/gorczyca/URB_results/grid1k/grid1k_405938_6,6,65,1147,exp_65.npy,exp_1147.npy,/scratch/tmp/gorczyca/URB_results/grid1k/grid1k_405938_6/SUMO_output/data_processed/new_flows_10s/exp_65.npy,/scratch/tmp/gorczyca/URB_results/grid1k/grid1k_405938_6/SUMO_output/data_processed/new_assignments_10s/exp_65.npy
/scratch/tmp/gorczyca/URB_results/grid1k/grid1k_405938_6,6,66,1148,exp_66.npy,exp_1148.npy,/scratch/tmp/gorczyca/URB_results/grid1k/grid1k_405938_6/SUMO_output/data_processed/new_flows_10s/exp_66.npy,/scratch/tmp/gorczyca/URB_results/grid1k/grid1k_405938_6/SUMO_output/data_processed/new_assignments_10s/exp_66.npy
/scratch/tmp/gorczyca/URB_results/grid1k/grid1k_405938_6,6,67,1149,exp_67.npy,exp_1149.npy,/scratch/tmp/gorczyca/URB_results/grid1k/grid1k_405938_6/SUMO_output/data_processed/new_flows_10s/exp_67.npy,/scratch/tmp/gorczyca/URB_results/grid1k/grid1k_405938_6/SUMO_output/data_processed/new_assignments_10s/exp_67.npy
/scratch/tmp/gorczyca/URB_results/grid1k/grid1k_405938_6,6,68,1150,exp_68.npy,exp_1150.npy,/scratch/tmp/gorczyca/URB_results/grid1k/grid1k_405938_6/SUMO_output/data_processed/new_flows_10s/exp_68.npy,/scratch/tmp/gorczyca/URB_results/grid1k/grid1k_405938_6/SUMO_output/data_processed/new_assignments_10s/exp_68.npy
/scratch/tmp/gorczyca/URB_results/grid1k/grid1k_405938_6,6,69,1151,exp_69.npy,exp_1151.npy,/scratch/tmp/gorczyca/URB_results/grid1k/grid1k_405938_6/SUMO_output/data_processed/new_flows_10s/exp_69.npy,/scratch/tmp/gorczyca/URB_results/grid1k/grid1k_405938_6/SUMO_output/data_processed/new_assignments_10s/exp_69.npy
/scratch/tmp/gorczyca/URB_results/grid1k/grid1k_405938_6,6,70,1152,exp_70.npy,exp_1152.npy,/scratch/tmp/gorczyca/URB_results/grid1k/grid1k_405938_6/SUMO_output/data_processed/new_flows_10s/exp_70.npy,/scratch/tmp/gorczyca/URB_results/grid1k/grid1k_405938_6/SUMO_output/data_processed/new_assignments_10s/exp_70.npy
/scratch/tmp/gorczyca/URB_results/grid1k/grid1k_405938_6,6,71,1153,exp_71.npy,exp_1153.npy,/scratch/tmp/gorczyca/URB_results/grid1k/grid1k_405938_6/SUMO_output/data_processed/new_flows_10s/exp_71.npy,/scratch/tmp/gorczyca/URB_results/grid1k/grid1k_405938_6/SUMO_output/data_processed/new_assignments_10s/exp_71.npy
/scratch/tmp/gorczyca/URB_results/grid1k/grid1k_405938_6,6,72,1154,exp_72.npy,exp_1154.npy,/scratch/tmp/gorczyca/URB_results/grid1k/grid1k_405938_6/SUMO_output/data_processed/new_flows_10s/exp_72.npy,/scratch/tmp/gorczyca/URB_results/grid1k/grid1k_405938_6/SUMO_output/data_processed/new_assignments_10s/exp_72.npy
/scratch/tmp/gorczyca/URB_results/grid1k/grid1k_405938_6,6,73,1155,exp_73.npy,exp_1155.npy,/scratch/tmp/gorczyca/URB_results/grid1k/grid1k_405938_6/SUMO_output/data_processed/new_flows_10s/exp_73.npy,/scratch/tmp/gorczyca/URB_results/grid1k/grid1k_405938_6/SUMO_output/data_processed/new_assignments_10s/exp_73.npy
/scratch/tmp/gorczyca/URB_results/grid1k/grid1k_405938_6,6,74,1156,exp_74.npy,exp_1156.npy,/scratch/tmp/gorczyca/URB_results/grid1k/grid1k_405938_6/SUMO_output/data_processed/new_flows_10s/exp_74.npy,/scratch/tmp/gorczyca/URB_results/grid1k/grid1k_405938_6/SUMO_output/data_processed/new_assignments_10s/exp_74.npy
/scratch/tmp/gorczyca/URB_results/grid1k/grid1k_405938_6,6,75,1157,exp_75.npy,exp_1157.npy,/scratch/tmp/gorczyca/URB_results/grid1k/grid1k_405938_6/SUMO_output/data_processed/new_flows_10s/exp_75.npy,/scratch/tmp/gorczyca/URB_results/grid1k/grid1k_405938_6/SUMO_output/data_processed/new_assignments_10s/exp_75.npy
/scratch/tmp/gorczyca/URB_results/grid1k/grid1k_405938_6,6,76,1158,exp_76.npy,exp_1158.npy,/scratch/tmp/gorczyca/URB_results/grid1k/grid1k_405938_6/SUMO_output/data_processed/new_flows_10s/exp_76.npy,/scratch/tmp/gorczyca/URB_results/grid1k/grid1k_405938_6/SUMO_output/data_processed/new_assignments_10s/exp_76.npy
/scratch/tmp/gorczyca/URB_results/grid1k/grid1k_405938_6,6,77,1159,exp_77.npy,exp_1159.npy,/scratch/tmp/gorczyca/URB_results/grid1k/grid1k_405938_6/SUMO_output/data_processed/new_flows_10s/exp_77.npy,/scratch/tmp/gorczyca/URB_results/grid1k/grid1k_405938_6/SUMO_output/data_processed/new_assignments_10s/exp_77.npy
/scratch/tmp/gorczyca/URB_results/grid1k/grid1k_405938_6,6,78,1160,exp_78.npy,exp_1160.npy,/scratch/tmp/gorczyca/URB_results/grid1k/grid1k_405938_6/SUMO_output/data_processed/new_flows_10s/exp_78.npy,/scratch/tmp/gorczyca/URB_results/grid1k/grid1k_405938_6/SUMO_output/data_processed/new_assignments_10s/exp_78.npy
/scratch/tmp/gorczyca/URB_results/grid1k/grid1k_405938_6,6,79,1161,exp_79.npy,exp_1161.npy,/scratch/tmp/gorczyca/URB_results/grid1k/grid1k_405938_6/SUMO_output/data_processed/new_flows_10s/exp_79.npy,/scratch/tmp/gorczyca/URB_results/grid1k/grid1k_405938_6/SUMO_output/data_processed/new_assignments_10s/exp_79.npy
/scratch/tmp/gorczyca/URB_results/grid1k/grid1k_405938_6,6,80,1162,exp_80.npy,exp_1162.npy,/scratch/tmp/gorczyca/URB_results/grid1k/grid1k_405938_6/SUMO_output/data_processed/new_flows_10s/exp_80.npy,/scratch/tmp/gorczyca/URB_results/grid1k/grid1k_405938_6/SUMO_output/data_processed/new_assignments_10s/exp_80.npy
/scratch/tmp/gorczyca/URB_results/grid1k/grid1k_405938_6,6,81,1163,exp_81.npy,exp_1163.npy,/scratch/tmp/gorczyca/URB_results/grid1k/grid1k_405938_6/SUMO_output/data_processed/new_flows_10s/exp_81.npy,/scratch/tmp/gorczyca/URB_results/grid1k/grid1k_405938_6/SUMO_output/data_processed/new_assignments_10s/exp_81.npy
/scratch/tmp/gorczyca/URB_results/grid1k/grid1k_405938_6,6,82,1164,exp_82.npy,exp_1164.npy,/scratch/tmp/gorczyca/URB_results/grid1k/grid1k_405938_6/SUMO_output/data_processed/new_flows_10s/exp_82.npy,/scratch/tmp/gorczyca/URB_results/grid1k/grid1k_405938_6/SUMO_output/data_processed/new_assignments_10s/exp_82.npy
/scratch/tmp/gorczyca/URB_results/grid1k/grid1k_405938_6,6,83,1165,exp_83.npy,exp_1165.npy,/scratch/tmp/gorczyca/URB_results/grid1k/grid1k_405938_6/SUMO_output/data_processed/new_flows_10s/exp_83.npy,/scratch/tmp/gorczyca/URB_results/grid1k/grid1k_405938_6/SUMO_output/data_processed/new_assignments_10s/exp_83.npy
/scratch/tmp/gorczyca/URB_results/grid1k/grid1k_405938_6,6,84,1166,exp_84.npy,exp_1166.npy,/scratch/tmp/gorczyca/URB_results/grid1k/grid1k_405938_6/SUMO_output/data_processed/new_flows_10s/exp_84.npy,/scratch/tmp/gorczyca/URB_results/grid1k/grid1k_405938_6/SUMO_output/data_processed/new_assignments_10s/exp_84.npy
/scratch/tmp/gorczyca/URB_results/grid1k/grid1k_405938_6,6,85,1167,exp_85.npy,exp_1167.npy,/scratch/tmp/gorczyca/URB_results/grid1k/grid1k_405938_6/SUMO_output/data_processed/new_flows_10s/exp_85.npy,/scratch/tmp/gorczyca/URB_results/grid1k/grid1k_405938_6/SUMO_output/data_processed/new_assignments_10s/exp_85.npy
/scratch/tmp/gorczyca/URB_results/grid1k/grid1k_405938_6,6,86,1168,exp_86.npy,exp_1168.npy,/scratch/tmp/gorczyca/URB_results/grid1k/grid1k_405938_6/SUMO_output/data_processed/new_flows_10s/exp_86.npy,/scratch/tmp/gorczyca/URB_results/grid1k/grid1k_405938_6/SUMO_output/data_processed/new_assignments_10s/exp_86.npy
/scratch/tmp/gorczyca/URB_results/grid1k/grid1k_405938_6,6,87,1169,exp_87.npy,exp_1169.npy,/scratch/tmp/gorczyca/URB_results/grid1k/grid1k_405938_6/SUMO_output/data_processed/new_flows_10s/exp_87.npy,/scratch/tmp/gorczyca/URB_results/grid1k/grid1k_405938_6/SUMO_output/data_processed/new_assignments_10s/exp_87.npy
/scratch/tmp/gorczyca/URB_results/grid1k/grid1k_405938_6,6,88,1170,exp_88.npy,exp_1170.npy,/scratch/tmp/gorczyca/URB_results/grid1k/grid1k_405938_6/SUMO_output/data_processed/new_flows_10s/exp_88.npy,/scratch/tmp/gorczyca/URB_results/grid1k/grid1k_405938_6/SUMO_output/data_processed/new_assignments_10s/exp_88.npy
/scratch/tmp/gorczyca/URB_results/grid1k/grid1k_405938_6,6,89,1171,exp_89.npy,exp_1171.npy,/scratch/tmp/gorczyca/URB_results/grid1k/grid1k_405938_6/SUMO_output/data_processed/new_flows_10s/exp_89.npy,/scratch/tmp/gorczyca/URB_results/grid1k/grid1k_405938_6/SUMO_output/data_processed/new_assignments_10s/exp_89.npy
/scratch/tmp/gorczyca/URB_results/grid1k/grid1k_405938_6,6,90,1172,exp_90.npy,exp_1172.npy,/scratch/tmp/gorczyca/URB_results/grid1k/grid1k_405938_6/SUMO_output/data_processed/new_flows_10s/exp_90.npy,/scratch/tmp/gorczyca/URB_results/grid1k/grid1k_405938_6/SUMO_output/data_processed/new_assignments_10s/exp_90.npy
/scratch/tmp/gorczyca/URB_results/grid1k/grid1k_405938_6,6,91,1173,exp_91.npy,exp_1173.npy,/scratch/tmp/gorczyca/URB_results/grid1k/grid1k_405938_6/SUMO_output/data_processed/new_flows_10s/exp_91.npy,/scratch/tmp/gorczyca/URB_results/grid1k/grid1k_405938_6/SUMO_output/data_processed/new_assignments_10s/exp_91.npy
/scratch/tmp/gorczyca/URB_results/grid1k/grid1k_405938_6,6,92,1174,exp_92.npy,exp_1174.npy,/scratch/tmp/gorczyca/URB_results/grid1k/grid1k_405938_6/SUMO_output/data_processed/new_flows_10s/exp_92.npy,/scratch/tmp/gorczyca/URB_results/grid1k/grid1k_405938_6/SUMO_output/data_processed/new_assignments_10s/exp_92.npy
/scratch/tmp/gorczyca/URB_results/grid1k/grid1k_405938_6,6,93,1175,exp_93.npy,exp_1175.npy,/scratch/tmp/gorczyca/URB_results/grid1k/grid1k_405938_6/SUMO_output/data_processed/new_flows_10s/exp_93.npy,/scratch/tmp/gorczyca/URB_results/grid1k/grid1k_405938_6/SUMO_output/data_processed/new_assignments_10s/exp_93.npy
/scratch/tmp/gorczyca/URB_results/grid1k/grid1k_405938_6,6,94,1176,exp_94.npy,exp_1176.npy,/scratch/tmp/gorczyca/URB_results/grid1k/grid1k_405938_6/SUMO_output/data_processed/new_flows_10s/exp_94.npy,/scratch/tmp/gorczyca/URB_results/grid1k/grid1k_405938_6/SUMO_output/data_processed/new_assignments_10s/exp_94.npy
/scratch/tmp/gorczyca/URB_results/grid1k/grid1k_405938_6,6,95,1177,exp_95.npy,exp_1177.npy,/scratch/tmp/gorczyca/URB_results/grid1k/grid1k_405938_6/SUMO_output/data_processed/new_flows_10s/exp_95.npy,/scratch/tmp/gorczyca/URB_results/grid1k/grid1k_405938_6/SUMO_output/data_processed/new_assignments_10s/exp_95.npy
/scratch/tmp/gorczyca/URB_results/grid1k/grid1k_405938_6,6,96,1178,exp_96.npy,exp_1178.npy,/scratch/tmp/gorczyca/URB_results/grid1k/grid1k_405938_6/SUMO_output/data_processed/new_flows_10s/exp_96.npy,/scratch/tmp/gorczyca/URB_results/grid1k/grid1k_405938_6/SUMO_output/data_processed/new_assignments_10s/exp_96.npy
/scratch/tmp/gorczyca/URB_results/grid1k/grid1k_405938_6,6,97,1179,exp_97.npy,exp_1179.npy,/scratch/tmp/gorczyca/URB_results/grid1k/grid1k_405938_6/SUMO_output/data_processed/new_flows_10s/exp_97.npy,/scratch/tmp/gorczyca/URB_results/grid1k/grid1k_405938_6/SUMO_output/data_processed/new_assignments_10s/exp_97.npy
/scratch/tmp/gorczyca/URB_results/grid1k/grid1k_405938_6,6,98,1180,exp_98.npy,exp_1180.npy,/scratch/tmp/gorczyca/URB_results/grid1k/grid1k_405938_6/SUMO_output/data_processed/new_flows_10s/exp_98.npy,/scratch/tmp/gorczyca/URB_results/grid1k/grid1k_405938_6/SUMO_output/data_processed/new_assignments_10s/exp_98.npy
/scratch/tmp/gorczyca/URB_results/grid1k/grid1k_405938_6,6,99,1181,exp_99.npy,exp_1181.npy,/scratch/tmp/gorczyca/URB_results/grid1k/grid1k_405938_6/SUMO_output/data_processed/new_flows_10s/exp_99.npy,/scratch/tmp/gorczyca/URB_results/grid1k/grid1k_405938_6/SUMO_output/data_processed/new_assignments_10s/exp_99.npy
/scratch/tmp/gorczyca/URB_results/grid1k/grid1k_405938_6,6,100,1182,exp_100.npy,exp_1182.npy,/scratch/tmp/gorczyca/URB_results/grid1k/grid1k_405938_6/SUMO_output/data_processed/new_flows_10s/exp_100.npy,/scratch/tmp/gorczyca/URB_results/grid1k/grid1k_405938_6/SUMO_output/data_processed/new_assignments_10s/exp_100.npy
/scratch/tmp/gorczyca/URB_results/grid1k/grid1k_405938_6,6,101,1183,exp_101.npy,exp_1183.npy,/scratch/tmp/gorczyca/URB_results/grid1k/grid1k_405938_6/SUMO_output/data_processed/new_flows_10s/exp_101.npy,/scratch/tmp/gorczyca/URB_results/grid1k/grid1k_405938_6/SUMO_output/data_processed/new_assignments_10s/exp_101.npy
/scratch/tmp/gorczyca/URB_results/grid1k/grid1k_405938_6,6,102,1184,exp_102.npy,exp_1184.npy,/scratch/tmp/gorczyca/URB_results/grid1k/grid1k_405938_6/SUMO_output/data_processed/new_flows_10s/exp_102.npy,/scratch/tmp/gorczyca/URB_results/grid1k/grid1k_405938_6/SUMO_output/data_processed/new_assignments_10s/exp_102.npy
/scratch/tmp/gorczyca/URB_results/grid1k/grid1k_405938_6,6,103,1185,exp_103.npy,exp_1185.npy,/scratch/tmp/gorczyca/URB_results/grid1k/grid1k_405938_6/SUMO_output/data_processed/new_flows_10s/exp_103.npy,/scratch/tmp/gorczyca/URB_results/grid1k/grid1k_405938_6/SUMO_output/data_processed/new_assignments_10s/exp_103.npy
/scratch/tmp/gorczyca/URB_results/grid1k/grid1k_405938_6,6,104,1186,exp_104.npy,exp_1186.npy,/scratch/tmp/gorczyca/URB_results/grid1k/grid1k_405938_6/SUMO_output/data_processed/new_flows_10s/exp_104.npy,/scratch/tmp/gorczyca/URB_results/grid1k/grid1k_405938_6/SUMO_output/data_processed/new_assignments_10s/exp_104.npy
/scratch/tmp/gorczyca/URB_results/grid1k/grid1k_405938_6,6,105,1187,exp_105.npy,exp_1187.npy,/scratch/tmp/gorczyca/URB_results/grid1k/grid1k_405938_6/SUMO_output/data_processed/new_flows_10s/exp_105.npy,/scratch/tmp/gorczyca/URB_results/grid1k/grid1k_405938_6/SUMO_output/data_processed/new_assignments_10s/exp_105.npy
/scratch/tmp/gorczyca/URB_results/grid1k/grid1k_405938_6,6,106,1188,exp_106.npy,exp_1188.npy,/scratch/tmp/gorczyca/URB_results/grid1k/grid1k_405938_6/SUMO_output/data_processed/new_flows_10s/exp_106.npy,/scratch/tmp/gorczyca/URB_results/grid1k/grid1k_405938_6/SUMO_output/data_processed/new_assignments_10s/exp_106.npy
/scratch/tmp/gorczyca/URB_results/grid1k/grid1k_405938_6,6,107,1189,exp_107.npy,exp_1189.npy,/scratch/tmp/gorczyca/URB_results/grid1k/grid1k_405938_6/SUMO_output/data_processed/new_flows_10s/exp_107.npy,/scratch/tmp/gorczyca/URB_results/grid1k/grid1k_405938_6/SUMO_output/data_processed/new_assignments_10s/exp_107.npy
/scratch/tmp/gorczyca/URB_results/grid1k/grid1k_405938_6,6,108,1190,exp_108.npy,exp_1190.npy,/scratch/tmp/gorczyca/URB_results/grid1k/grid1k_405938_6/SUMO_output/data_processed/new_flows_10s/exp_108.npy,/scratch/tmp/gorczyca/URB_results/grid1k/grid1k_405938_6/SUMO_output/data_processed/new_assignments_10s/exp_108.npy
/scratch/tmp/gorczyca/URB_results/grid1k/grid1k_405938_6,6,109,1191,exp_109.npy,exp_1191.npy,/scratch/tmp/gorczyca/URB_results/grid1k/grid1k_405938_6/SUMO_output/data_processed/new_flows_10s/exp_109.npy,/scratch/tmp/gorczyca/URB_results/grid1k/grid1k_405938_6/SUMO_output/data_processed/new_assignments_10s/exp_109.npy
/scratch/tmp/gorczyca/URB_results/grid1k/grid1k_405938_6,6,110,1192,exp_110.npy,exp_1192.npy,/scratch/tmp/gorczyca/URB_results/grid1k/grid1k_405938_6/SUMO_output/data_processed/new_flows_10s/exp_110.npy,/scratch/tmp/gorczyca/URB_results/grid1k/grid1k_405938_6/SUMO_output/data_processed/new_assignments_10s/exp_110.npy
/scratch/tmp/gorczyca/URB_results/grid1k/grid1k_405938_6,6,111,1193,exp_111.npy,exp_1193.npy,/scratch/tmp/gorczyca/URB_results/grid1k/grid1k_405938_6/SUMO_output/data_processed/new_flows_10s/exp_111.npy,/scratch/tmp/gorczyca/URB_results/grid1k/grid1k_405938_6/SUMO_output/data_processed/new_assignments_10s/exp_111.npy
/scratch/tmp/gorczyca/URB_results/grid1k/grid1k_405938_6,6,112,1194,exp_112.npy,exp_1194.npy,/scratch/tmp/gorczyca/URB_results/grid1k/grid1k_405938_6/SUMO_output/data_processed/new_flows_10s/exp_112.npy,/scratch/tmp/gorczyca/URB_results/grid1k/grid1k_405938_6/SUMO_output/data_processed/new_assignments_10s/exp_112.npy
/scratch/tmp/gorczyca/URB_results/grid1k/grid1k_405938_6,6,113,1195,exp_113.npy,exp_1195.npy,/scratch/tmp/gorczyca/URB_results/grid1k/grid1k_405938_6/SUMO_output/data_processed/new_flows_10s/exp_113.npy,/scratch/tmp/gorczyca/URB_results/grid1k/grid1k_405938_6/SUMO_output/data_processed/new_assignments_10s/exp_113.npy
/scratch/tmp/gorczyca/URB_results/grid1k/grid1k_405938_6,6,114,1196,exp_114.npy,exp_1196.npy,/scratch/tmp/gorczyca/URB_results/grid1k/grid1k_405938_6/SUMO_output/data_processed/new_flows_10s/exp_114.npy,/scratch/tmp/gorczyca/URB_results/grid1k/grid1k_405938_6/SUMO_output/data_processed/new_assignments_10s/exp_114.npy
/scratch/tmp/gorczyca/URB_results/grid1k/grid1k_405938_6,6,115,1197,exp_115.npy,exp_1197.npy,/scratch/tmp/gorczyca/URB_results/grid1k/grid1k_405938_6/SUMO_output/data_processed/new_flows_10s/exp_115.npy,/scratch/tmp/gorczyca/URB_results/grid1k/grid1k_405938_6/SUMO_output/data_processed/new_assignments_10s/exp_115.npy
/scratch/tmp/gorczyca/URB_results/grid1k/grid1k_405938_6,6,116,1198,exp_116.npy,exp_1198.npy,/scratch/tmp/gorczyca/URB_results/grid1k/grid1k_405938_6/SUMO_output/data_processed/new_flows_10s/exp_116.npy,/scratch/tmp/gorczyca/URB_results/grid1k/grid1k_405938_6/SUMO_output/data_processed/new_assignments_10s/exp_116.npy
/scratch/tmp/gorczyca/URB_results/grid1k/grid1k_405938_6,6,117,1199,exp_117.npy,exp_1199.npy,/scratch/tmp/gorczyca/URB_results/grid1k/grid1k_405938_6/SUMO_output/data_processed/new_flows_10s/exp_117.npy,/scratch/tmp/gorczyca/URB_results/grid1k/grid1k_405938_6/SUMO_output/data_processed/new_assignments_10s/exp_117.npy
/scratch/tmp/gorczyca/URB_results/grid1k/grid1k_405938_6,6,118,1200,exp_118.npy,exp_1200.npy,/scratch/tmp/gorczyca/URB_results/grid1k/grid1k_405938_6/SUMO_output/data_processed/new_flows_10s/exp_118.npy,/scratch/tmp/gorczyca/URB_results/grid1k/grid1k_405938_6/SUMO_output/data_processed/new_assignments_10s/exp_118.npy
/scratch/tmp/gorczyca/URB_results/grid1k/grid1k_405938_6,6,119,1201,exp_119.npy,exp_1201.npy,/scratch/tmp/gorczyca/URB_results/grid1k/grid1k_405938_6/SUMO_output/data_processed/new_flows_10s/exp_119.npy,/scratch/tmp/gorczyca/URB_results/grid1k/grid1k_405938_6/SUMO_output/data_processed/new_assignments_10s/exp_119.npy
/scratch/tmp/gorczyca/URB_results/grid1k/grid1k_405938_6,6,120,1202,exp_120.npy,exp_1202.npy,/scratch/tmp/gorczyca/URB_results/grid1k/grid1k_405938_6/SUMO_output/data_processed/new_flows_10s/exp_120.npy,/scratch/tmp/gorczyca/URB_results/grid1k/grid1k_405938_6/SUMO_output/data_processed/new_assignments_10s/exp_120.npy
/scratch/tmp/gorczyca/URB_results/grid1k/grid1k_405938_6,6,121,1203,exp_121.npy,exp_1203.npy,/scratch/tmp/gorczyca/URB_results/grid1k/grid1k_405938_6/SUMO_output/data_processed/new_flows_10s/exp_121.npy,/scratch/tmp/gorczyca/URB_results/grid1k/grid1k_405938_6/SUMO_output/data_processed/new_assignments_10s/exp_121.npy
/scratch/tmp/gorczyca/URB_results/grid1k/grid1k_405938_6,6,122,1204,exp_122.npy,exp_1204.npy,/scratch/tmp/gorczyca/URB_results/grid1k/grid1k_405938_6/SUMO_output/data_processed/new_flows_10s/exp_122.npy,/scratch/tmp/gorczyca/URB_results/grid1k/grid1k_405938_6/SUMO_output/data_processed/new_assignments_10s/exp_122.npy
/scratch/tmp/gorczyca/URB_results/grid1k/grid1k_405938_6,6,123,1205,exp_123.npy,exp_1205.npy,/scratch/tmp/gorczyca/URB_results/grid1k/grid1k_405938_6/SUMO_output/data_processed/new_flows_10s/exp_123.npy,/scratch/tmp/gorczyca/URB_results/grid1k/grid1k_405938_6/SUMO_output/data_processed/new_assignments_10s/exp_123.npy
/scratch/tmp/gorczyca/URB_results/grid1k/grid1k_405938_6,6,124,1206,exp_124.npy,exp_1206.npy,/scratch/tmp/gorczyca/URB_results/grid1k/grid1k_405938_6/SUMO_output/data_processed/new_flows_10s/exp_124.npy,/scratch/tmp/gorczyca/URB_results/grid1k/grid1k_405938_6/SUMO_output/data_processed/new_assignments_10s/exp_124.npy
/scratch/tmp/gorczyca/URB_results/grid1k/grid1k_405938_6,6,125,1207,exp_125.npy,exp_1207.npy,/scratch/tmp/gorczyca/URB_results/grid1k/grid1k_405938_6/SUMO_output/data_processed/new_flows_10s/exp_125.npy,/scratch/tmp/gorczyca/URB_results/grid1k/grid1k_405938_6/SUMO_output/data_processed/new_assignments_10s/exp_125.npy
/scratch/tmp/gorczyca/URB_results/grid1k/grid1k_405938_6,6,126,1208,exp_126.npy,exp_1208.npy,/scratch/tmp/gorczyca/URB_results/grid1k/grid1k_405938_6/SUMO_output/data_processed/new_flows_10s/exp_126.npy,/scratch/tmp/gorczyca/URB_results/grid1k/grid1k_405938_6/SUMO_output/data_processed/new_assignments_10s/exp_126.npy
/scratch/tmp/gorczyca/URB_results/grid1k/grid1k_405938_6,6,127,1209,exp_127.npy,exp_1209.npy,/scratch/tmp/gorczyca/URB_results/grid1k/grid1k_405938_6/SUMO_output/data_processed/new_flows_10s/exp_127.npy,/scratch/tmp/gorczyca/URB_results/grid1k/grid1k_405938_6/SUMO_output/data_processed/new_assignments_10s/exp_127.npy
/scratch/tmp/gorczyca/URB_results/grid1k/grid1k_405938_6,6,128,1210,exp_128.npy,exp_1210.npy,/scratch/tmp/gorczyca/URB_results/grid1k/grid1k_405938_6/SUMO_output/data_processed/new_flows_10s/exp_128.npy,/scratch/tmp/gorczyca/URB_results/grid1k/grid1k_405938_6/SUMO_output/data_processed/new_assignments_10s/exp_128.npy
/scratch/tmp/gorczyca/URB_results/grid1k/grid1k_405938_6,6,129,1211,exp_129.npy,exp_1211.npy,/scratch/tmp/gorczyca/URB_results/grid1k/grid1k_405938_6/SUMO_output/data_processed/new_flows_10s/exp_129.npy,/scratch/tmp/gorczyca/URB_results/grid1k/grid1k_405938_6/SUMO_output/data_processed/new_assignments_10s/exp_129.npy
/scratch/tmp/gorczyca/URB_results/grid1k/grid1k_405938_6,6,130,1212,exp_130.npy,exp_1212.npy,/scratch/tmp/gorczyca/URB_results/grid1k/grid1k_405938_6/SUMO_output/data_processed/new_flows_10s/exp_130.npy,/scratch/tmp/gorczyca/URB_results/grid1k/grid1k_405938_6/SUMO_output/data_processed/new_assignments_10s/exp_130.npy
/scratch/tmp/gorczyca/URB_results/grid1k/grid1k_405938_6,6,131,1213,exp_131.npy,exp_1213.npy,/scratch/tmp/gorczyca/URB_results/grid1k/grid1k_405938_6/SUMO_output/data_processed/new_flows_10s/exp_131.npy,/scratch/tmp/gorczyca/URB_results/grid1k/grid1k_405938_6/SUMO_output/data_processed/new_assignments_10s/exp_131.npy
/scratch/tmp/gorczyca/URB_results/grid1k/grid1k_405938_6,6,132,1214,exp_132.npy,exp_1214.npy,/scratch/tmp/gorczyca/URB_results/grid1k/grid1k_405938_6/SUMO_output/data_processed/new_flows_10s/exp_132.npy,/scratch/tmp/gorczyca/URB_results/grid1k/grid1k_405938_6/SUMO_output/data_processed/new_assignments_10s/exp_132.npy
/scratch/tmp/gorczyca/URB_results/grid1k/grid1k_405938_6,6,133,1215,exp_133.npy,exp_1215.npy,/scratch/tmp/gorczyca/URB_results/grid1k/grid1k_405938_6/SUMO_output/data_processed/new_flows_10s/exp_133.npy,/scratch/tmp/gorczyca/URB_results/grid1k/grid1k_405938_6/SUMO_output/data_processed/new_assignments_10s/exp_133.npy
/scratch/tmp/gorczyca/URB_results/grid1k/grid1k_405938_6,6,134,1216,exp_134.npy,exp_1216.npy,/scratch/tmp/gorczyca/URB_results/grid1k/grid1k_405938_6/SUMO_output/data_processed/new_flows_10s/exp_134.npy,/scratch/tmp/gorczyca/URB_results/grid1k/grid1k_405938_6/SUMO_output/data_processed/new_assignments_10s/exp_134.npy
/scratch/tmp/gorczyca/URB_results/grid1k/grid1k_405938_6,6,135,1217,exp_135.npy,exp_1217.npy,/scratch/tmp/gorczyca/URB_results/grid1k/grid1k_405938_6/SUMO_output/data_processed/new_flows_10s/exp_135.npy,/scratch/tmp/gorczyca/URB_results/grid1k/grid1k_405938_6/SUMO_output/data_processed/new_assignments_10s/exp_135.npy
/scratch/tmp/gorczyca/URB_results/grid1k/grid1k_405938_6,6,136,1218,exp_136.npy,exp_1218.npy,/scratch/tmp/gorczyca/URB_results/grid1k/grid1k_405938_6/SUMO_output/data_processed/new_flows_10s/exp_136.npy,/scratch/tmp/gorczyca/URB_results/grid1k/grid1k_405938_6/SUMO_output/data_processed/new_assignments_10s/exp_136.npy
/scratch/tmp/gorczyca/URB_results/grid1k/grid1k_405938_6,6,137,1219,exp_137.npy,exp_1219.npy,/scratch/tmp/gorczyca/URB_results/grid1k/grid1k_405938_6/SUMO_output/data_processed/new_flows_10s/exp_137.npy,/scratch/tmp/gorczyca/URB_results/grid1k/grid1k_405938_6/SUMO_output/data_processed/new_assignments_10s/exp_137.npy
/scratch/tmp/gorczyca/URB_results/grid1k/grid1k_405938_6,6,138,1220,exp_138.npy,exp_1220.npy,/scratch/tmp/gorczyca/URB_results/grid1k/grid1k_405938_6/SUMO_output/data_processed/new_flows_10s/exp_138.npy,/scratch/tmp/gorczyca/URB_results/grid1k/grid1k_405938_6/SUMO_output/data_processed/new_assignments_10s/exp_138.npy
/scratch/tmp/gorczyca/URB_results/grid1k/grid1k_405938_6,6,139,1221,exp_139.npy,exp_1221.npy,/scratch/tmp/gorczyca/URB_results/grid1k/grid1k_405938_6/SUMO_output/data_processed/new_flows_10s/exp_139.npy,/scratch/tmp/gorczyca/URB_results/grid1k/grid1k_405938_6/SUMO_output/data_processed/new_assignments_10s/exp_139.npy
/scratch/tmp/gorczyca/URB_results/grid1k/grid1k_405938_6,6,140,1222,exp_140.npy,exp_1222.npy,/scratch/tmp/gorczyca/URB_results/grid1k/grid1k_405938_6/SUMO_output/data_processed/new_flows_10s/exp_140.npy,/scratch/tmp/gorczyca/URB_results/grid1k/grid1k_405938_6/SUMO_output/data_processed/new_assignments_10s/exp_140.npy
/scratch/tmp/gorczyca/URB_results/grid1k/grid1k_405938_6,6,141,1223,exp_141.npy,exp_1223.npy,/scratch/tmp/gorczyca/URB_results/grid1k/grid1k_405938_6/SUMO_output/data_processed/new_flows_10s/exp_141.npy,/scratch/tmp/gorczyca/URB_results/grid1k/grid1k_405938_6/SUMO_output/data_processed/new_assignments_10s/exp_141.npy
/scratch/tmp/gorczyca/URB_results/grid1k/grid1k_405938_6,6,142,1224,exp_142.npy,exp_1224.npy,/scratch/tmp/gorczyca/URB_results/grid1k/grid1k_405938_6/SUMO_output/data_processed/new_flows_10s/exp_142.npy,/scratch/tmp/gorczyca/URB_results/grid1k/grid1k_405938_6/SUMO_output/data_processed/new_assignments_10s/exp_142.npy
/scratch/tmp/gorczyca/URB_results/grid1k/grid1k_405938_6,6,143,1225,exp_143.npy,exp_1225.npy,/scratch/tmp/gorczyca/URB_results/grid1k/grid1k_405938_6/SUMO_output/data_processed/new_flows_10s/exp_143.npy,/scratch/tmp/gorczyca/URB_results/grid1k/grid1k_405938_6/SUMO_output/data_processed/new_assignments_10s/exp_143.npy
/scratch/tmp/gorczyca/URB_results/grid1k/grid1k_405938_6,6,144,1226,exp_144.npy,exp_1226.npy,/scratch/tmp/gorczyca/URB_results/grid1k/grid1k_405938_6/SUMO_output/data_processed/new_flows_10s/exp_144.npy,/scratch/tmp/gorczyca/URB_results/grid1k/grid1k_405938_6/SUMO_output/data_processed/new_assignments_10s/exp_144.npy
/scratch/tmp/gorczyca/URB_results/grid1k/grid1k_405938_6,6,145,1227,exp_145.npy,exp_1227.npy,/scratch/tmp/gorczyca/URB_results/grid1k/grid1k_405938_6/SUMO_output/data_processed/new_flows_10s/exp_145.npy,/scratch/tmp/gorczyca/URB_results/grid1k/grid1k_405938_6/SUMO_output/data_processed/new_assignments_10s/exp_145.npy
/scratch/tmp/gorczyca/URB_results/grid1k/grid1k_405938_6,6,146,1228,exp_146.npy,exp_1228.npy,/scratch/tmp/gorczyca/URB_results/grid1k/grid1k_405938_6/SUMO_output/data_processed/new_flows_10s/exp_146.npy,/scratch/tmp/gorczyca/URB_results/grid1k/grid1k_405938_6/SUMO_output/data_processed/new_assignments_10s/exp_146.npy
/scratch/tmp/gorczyca/URB_results/grid1k/grid1k_405938_6,6,147,1229,exp_147.npy,exp_1229.npy,/scratch/tmp/gorczyca/URB_results/grid1k/grid1k_405938_6/SUMO_output/data_processed/new_flows_10s/exp_147.npy,/scratch/tmp/gorczyca/URB_results/grid1k/grid1k_405938_6/SUMO_output/data_processed/new_assignments_10s/exp_147.npy
/scratch/tmp/gorczyca/URB_results/grid1k/grid1k_405938_6,6,148,1230,exp_148.npy,exp_1230.npy,/scratch/tmp/gorczyca/URB_results/grid1k/grid1k_405938_6/SUMO_output/data_processed/new_flows_10s/exp_148.npy,/scratch/tmp/gorczyca/URB_results/grid1k/grid1k_405938_6/SUMO_output/data_processed/new_assignments_10s/exp_148.npy
/scratch/tmp/gorczyca/URB_results/grid1k/grid1k_405938_6,6,149,1231,exp_149.npy,exp_1231.npy,/scratch/tmp/gorczyca/URB_results/grid1k/grid1k_405938_6/SUMO_output/data_processed/new_flows_10s/exp_149.npy,/scratch/tmp/gorczyca/URB_results/grid1k/grid1k_405938_6/SUMO_output/data_processed/new_assignments_10s/exp_149.npy
/scratch/tmp/gorczyca/URB_results/grid1k/grid1k_405938_6,6,150,1232,exp_150.npy,exp_1232.npy,/scratch/tmp/gorczyca/URB_results/grid1k/grid1k_405938_6/SUMO_output/data_processed/new_flows_10s/exp_150.npy,/scratch/tmp/gorczyca/URB_results/grid1k/grid1k_405938_6/SUMO_output/data_processed/new_assignments_10s/exp_150.npy
/scratch/tmp/gorczyca/URB_results/grid1k/grid1k_405938_6,6,151,1233,exp_151.npy,exp_1233.npy,/scratch/tmp/gorczyca/URB_results/grid1k/grid1k_405938_6/SUMO_output/data_processed/new_flows_10s/exp_151.npy,/scratch/tmp/gorczyca/URB_results/grid1k/grid1k_405938_6/SUMO_output/data_processed/new_assignments_10s/exp_151.npy
/scratch/tmp/gorczyca/URB_results/grid1k/grid1k_405938_6,6,152,1234,exp_152.npy,exp_1234.npy,/scratch/tmp/gorczyca/URB_results/grid1k/grid1k_405938_6/SUMO_output/data_processed/new_flows_10s/exp_152.npy,/scratch/tmp/gorczyca/URB_results/grid1k/grid1k_405938_6/SUMO_output/data_processed/new_assignments_10s/exp_152.npy
/scratch/tmp/gorczyca/URB_results/grid1k/grid1k_405938_6,6,153,1235,exp_153.npy,exp_1235.npy,/scratch/tmp/gorczyca/URB_results/grid1k/grid1k_405938_6/SUMO_output/data_processed/new_flows_10s/exp_153.npy,/scratch/tmp/gorczyca/URB_results/grid1k/grid1k_405938_6/SUMO_output/data_processed/new_assignments_10s/exp_153.npy
/scratch/tmp/gorczyca/URB_results/grid1k/grid1k_405938_6,6,154,1236,exp_154.npy,exp_1236.npy,/scratch/tmp/gorczyca/URB_results/grid1k/grid1k_405938_6/SUMO_output/data_processed/new_flows_10s/exp_154.npy,/scratch/tmp/gorczyca/URB_results/grid1k/grid1k_405938_6/SUMO_output/data_processed/new_assignments_10s/exp_154.npy
/scratch/tmp/gorczyca/URB_results/grid1k/grid1k_405938_6,6,155,1237,exp_155.npy,exp_1237.npy,/scratch/tmp/gorczyca/URB_results/grid1k/grid1k_405938_6/SUMO_output/data_processed/new_flows_10s/exp_155.npy,/scratch/tmp/gorczyca/URB_results/grid1k/grid1k_405938_6/SUMO_output/data_processed/new_assignments_10s/exp_155.npy
/scratch/tmp/gorczyca/URB_results/grid1k/grid1k_405938_6,6,156,1238,exp_156.npy,exp_1238.npy,/scratch/tmp/gorczyca/URB_results/grid1k/grid1k_405938_6/SUMO_output/data_processed/new_flows_10s/exp_156.npy,/scratch/tmp/gorczyca/URB_results/grid1k/grid1k_405938_6/SUMO_output/data_processed/new_assignments_10s/exp_156.npy
/scratch/tmp/gorczyca/URB_results/grid1k/grid1k_405938_6,6,157,1239,exp_157.npy,exp_1239.npy,/scratch/tmp/gorczyca/URB_results/grid1k/grid1k_405938_6/SUMO_output/data_processed/new_flows_10s/exp_157.npy,/scratch/tmp/gorczyca/URB_results/grid1k/grid1k_405938_6/SUMO_output/data_processed/new_assignments_10s/exp_157.npy
/scratch/tmp/gorczyca/URB_results/grid1k/grid1k_405938_6,6,158,1240,exp_158.npy,exp_1240.npy,/scratch/tmp/gorczyca/URB_results/grid1k/grid1k_405938_6/SUMO_output/data_processed/new_flows_10s/exp_158.npy,/scratch/tmp/gorczyca/URB_results/grid1k/grid1k_405938_6/SUMO_output/data_processed/new_assignments_10s/exp_158.npy
/scratch/tmp/gorczyca/URB_results/grid1k/grid1k_405938_6,6,159,1241,exp_159.npy,exp_1241.npy,/scratch/tmp/gorczyca/URB_results/grid1k/grid1k_405938_6/SUMO_output/data_processed/new_flows_10s/exp_159.npy,/scratch/tmp/gorczyca/URB_results/grid1k/grid1k_405938_6/SUMO_output/data_processed/new_assignments_10s/exp_159.npy
/scratch/tmp/gorczyca/URB_results/grid1k/grid1k_405938_6,6,160,1242,exp_160.npy,exp_1242.npy,/scratch/tmp/gorczyca/URB_results/grid1k/grid1k_405938_6/SUMO_output/data_processed/new_flows_10s/exp_160.npy,/scratch/tmp/gorczyca/URB_results/grid1k/grid1k_405938_6/SUMO_output/data_processed/new_assignments_10s/exp_160.npy
/scratch/tmp/gorczyca/URB_results/grid1k/grid1k_405938_6,6,161,1243,exp_161.npy,exp_1243.npy,/scratch/tmp/gorczyca/URB_results/grid1k/grid1k_405938_6/SUMO_output/data_processed/new_flows_10s/exp_161.npy,/scratch/tmp/gorczyca/URB_results/grid1k/grid1k_405938_6/SUMO_output/data_processed/new_assignments_10s/exp_161.npy
/scratch/tmp/gorczyca/URB_results/grid1k/grid1k_405938_6,6,162,1244,exp_162.npy,exp_1244.npy,/scratch/tmp/gorczyca/URB_results/grid1k/grid1k_405938_6/SUMO_output/data_processed/new_flows_10s/exp_162.npy,/scratch/tmp/gorczyca/URB_results/grid1k/grid1k_405938_6/SUMO_output/data_processed/new_assignments_10s/exp_162.npy
/scratch/tmp/gorczyca/URB_results/grid1k/grid1k_405938_6,6,163,1245,exp_163.npy,exp_1245.npy,/scratch/tmp/gorczyca/URB_results/grid1k/grid1k_405938_6/SUMO_output/data_processed/new_flows_10s/exp_163.npy,/scratch/tmp/gorczyca/URB_results/grid1k/grid1k_405938_6/SUMO_output/data_processed/new_assignments_10s/exp_163.npy
/scratch/tmp/gorczyca/URB_results/grid1k/grid1k_405938_6,6,164,1246,exp_164.npy,exp_1246.npy,/scratch/tmp/gorczyca/URB_results/grid1k/grid1k_405938_6/SUMO_output/data_processed/new_flows_10s/exp_164.npy,/scratch/tmp/gorczyca/URB_results/grid1k/grid1k_405938_6/SUMO_output/data_processed/new_assignments_10s/exp_164.npy
/scratch/tmp/gorczyca/URB_results/grid1k/grid1k_405938_6,6,165,1247,exp_165.npy,exp_1247.npy,/scratch/tmp/gorczyca/URB_results/grid1k/grid1k_405938_6/SUMO_output/data_processed/new_flows_10s/exp_165.npy,/scratch/tmp/gorczyca/URB_results/grid1k/grid1k_405938_6/SUMO_output/data_processed/new_assignments_10s/exp_165.npy
/scratch/tmp/gorczyca/URB_results/grid1k/grid1k_405938_6,6,166,1248,exp_166.npy,exp_1248.npy,/scratch/tmp/gorczyca/URB_results/grid1k/grid1k_405938_6/SUMO_output/data_processed/new_flows_10s/exp_166.npy,/scratch/tmp/gorczyca/URB_results/grid1k/grid1k_405938_6/SUMO_output/data_processed/new_assignments_10s/exp_166.npy
/scratch/tmp/gorczyca/URB_results/grid1k/grid1k_405938_6,6,167,1249,exp_167.npy,exp_1249.npy,/scratch/tmp/gorczyca/URB_results/grid1k/grid1k_405938_6/SUMO_output/data_processed/new_flows_10s/exp_167.npy,/scratch/tmp/gorczyca/URB_results/grid1k/grid1k_405938_6/SUMO_output/data_processed/new_assignments_10s/exp_167.npy
/scratch/tmp/gorczyca/URB_results/grid1k/grid1k_405938_6,6,168,1250,exp_168.npy,exp_1250.npy,/scratch/tmp/gorczyca/URB_results/grid1k/grid1k_405938_6/SUMO_output/data_processed/new_flows_10s/exp_168.npy,/scratch/tmp/gorczyca/URB_results/grid1k/grid1k_405938_6/SUMO_output/data_processed/new_assignments_10s/exp_168.npy
/scratch/tmp/gorczyca/URB_results/grid1k/grid1k_405938_6,6,169,1251,exp_169.npy,exp_1251.npy,/scratch/tmp/gorczyca/URB_results/grid1k/grid1k_405938_6/SUMO_output/data_processed/new_flows_10s/exp_169.npy,/scratch/tmp/gorczyca/URB_results/grid1k/grid1k_405938_6/SUMO_output/data_processed/new_assignments_10s/exp_169.npy
/scratch/tmp/gorczyca/URB_results/grid1k/grid1k_405938_6,6,170,1252,exp_170.npy,exp_1252.npy,/scratch/tmp/gorczyca/URB_results/grid1k/grid1k_405938_6/SUMO_output/data_processed/new_flows_10s/exp_170.npy,/scratch/tmp/gorczyca/URB_results/grid1k/grid1k_405938_6/SUMO_output/data_processed/new_assignments_10s/exp_170.npy
/scratch/tmp/gorczyca/URB_results/grid1k/grid1k_405938_6,6,171,1253,exp_171.npy,exp_1253.npy,/scratch/tmp/gorczyca/URB_results/grid1k/grid1k_405938_6/SUMO_output/data_processed/new_flows_10s/exp_171.npy,/scratch/tmp/gorczyca/URB_results/grid1k/grid1k_405938_6/SUMO_output/data_processed/new_assignments_10s/exp_171.npy
/scratch/tmp/gorczyca/URB_results/grid1k/grid1k_405938_6,6,172,1254,exp_172.npy,exp_1254.npy,/scratch/tmp/gorczyca/URB_results/grid1k/grid1k_405938_6/SUMO_output/data_processed/new_flows_10s/exp_172.npy,/scratch/tmp/gorczyca/URB_results/grid1k/grid1k_405938_6/SUMO_output/data_processed/new_assignments_10s/exp_172.npy
/scratch/tmp/gorczyca/URB_results/grid1k/grid1k_405938_6,6,173,1255,exp_173.npy,exp_1255.npy,/scratch/tmp/gorczyca/URB_results/grid1k/grid1k_405938_6/SUMO_output/data_processed/new_flows_10s/exp_173.npy,/scratch/tmp/gorczyca/URB_results/grid1k/grid1k_405938_6/SUMO_output/data_processed/new_assignments_10s/exp_173.npy
